date,equity,cash,btc,price,fng
2020-01-01,10000.0,10000.0,0.0,7200.0,53
2020-01-02,10000.0,10000.0,0.0,7429.072983051326,41
2020-01-03,10000.0,10000.0,0.0,7527.468927332505,57
2020-01-04,10000.0,10000.0,0.0,7500.231945930529,52
2020-01-05,10000.0,10000.0,0.0,7884.44715426609,50
2020-01-06,10000.0,10000.0,0.0,7434.617132550333,51
2020-01-07,10000.0,10000.0,0.0,7545.790033447096,48
2020-01-08,10000.0,10000.0,0.0,7429.512922357403,59
2020-01-09,10000.0,10000.0,0.0,7484.64044855583,52
2020-01-10,10000.0,10000.0,0.0,7702.362030793924,59
2020-01-11,10000.0,10000.0,0.0,7411.69082345723,56
2020-01-12,10000.0,10000.0,0.0,7271.156965132038,47
2020-01-13,10000.0,10000.0,0.0,7329.734605586209,46
2020-01-14,10000.0,10000.0,0.0,7005.545431524403,47
2020-01-15,10000.0,10000.0,0.0,7370.244913858448,40
2020-01-16,10000.0,10000.0,0.0,7116.451558723758,51
2020-01-17,10000.0,10000.0,0.0,6853.539839908678,50
2020-01-18,10000.0,10000.0,0.0,6733.351372933049,44
2020-01-19,10000.0,10000.0,0.0,6409.466897357017,53
2020-01-20,10000.0,10000.0,0.0,6534.033473594601,50
2020-01-21,10000.0,10000.0,0.0,6489.375131151931,54
2020-01-22,10000.0,10000.0,0.0,6301.646105089406,58
2020-01-23,10000.0,10000.0,0.0,6249.128363792572,56
2020-01-24,10000.0,10000.0,0.0,6651.865472139517,54
2020-01-25,10000.0,10000.0,0.0,6687.790486358481,59
2020-01-26,10000.0,10000.0,0.0,6636.801454576043,45
2020-01-27,10000.0,10000.0,0.0,6706.9089901684565,43
2020-01-28,10000.0,10000.0,0.0,6672.748800048576,53
2020-01-29,10000.0,10000.0,0.0,6773.669250893189,46
2020-01-30,10000.0,10000.0,0.0,7166.493714608571,42
2020-01-31,10000.0,10000.0,0.0,7134.571021765791,38
2020-02-01,10000.0,10000.0,0.0,7457.722723479236,44
2020-02-02,10000.0,10000.0,0.0,7242.430606636449,37
2020-02-03,10000.0,10000.0,0.0,7684.883971095765,40
2020-02-04,10000.0,10000.0,0.0,7614.453233814353,38
2020-02-05,10000.0,10000.0,0.0,8026.600171444713,51
2020-02-06,10000.0,10000.0,0.0,8526.239881543672,46
2020-02-07,10000.0,10000.0,0.0,8638.271436456964,49
2020-02-08,10000.0,10000.0,0.0,8115.339480038167,47
2020-02-09,10000.0,10000.0,0.0,8095.852501821953,47
2020-02-10,10000.0,10000.0,0.0,7846.485373395718,40
2020-02-11,10000.0,10000.0,0.0,7420.632841476003,38
2020-02-12,10000.0,10000.0,0.0,7274.658657499429,39
2020-02-13,10000.0,10000.0,0.0,7666.484927293191,50
2020-02-14,10000.0,10000.0,0.0,8063.379713886112,51
2020-02-15,10000.0,10000.0,0.0,7825.811683951987,48
2020-02-16,10000.0,10000.0,0.0,8157.341672789668,52
2020-02-17,10000.0,10000.0,0.0,7708.640326229497,55
2020-02-18,10000.0,10000.0,0.0,8027.728830159063,60
2020-02-19,10000.0,10000.0,0.0,7987.191311149241,60
2020-02-20,10000.0,10000.0,0.0,8404.603435576346,67
2020-02-21,10000.0,10000.0,0.0,8550.42692003779,65
2020-02-22,10000.0,10000.0,0.0,8734.841462517335,71
2020-02-23,10000.0,10000.0,0.0,9128.22207695067,74
2020-02-24,10000.0,10000.0,0.0,8971.859476824267,70
2020-02-25,10000.0,10000.0,0.0,9146.229347460814,66
2020-02-26,10000.0,10000.0,0.0,8858.712677562571,68
2020-02-27,10000.0,10000.0,0.0,8481.067660359147,64
2020-02-28,10000.0,10000.0,0.0,8332.153174981857,60
2020-02-29,10000.0,10000.0,0.0,8778.72536894462,58
2020-03-01,10000.0,10000.0,0.0,9382.723511568443,67
2020-03-02,10000.0,10000.0,0.0,9670.634522949917,72
2020-03-03,10000.0,10000.0,0.0,9422.512152881742,68
2020-03-04,10000.0,10000.0,0.0,9063.549528830952,63
2020-03-05,10000.0,10000.0,0.0,9198.1451981661,61
2020-03-06,10000.0,10000.0,0.0,9120.870459354064,51
2020-03-07,10000.0,10000.0,0.0,9347.532258390687,50
2020-03-08,10000.0,10000.0,0.0,9004.314014235528,43
2020-03-09,10000.0,10000.0,0.0,8844.964594185814,48
2020-03-10,10000.0,10000.0,0.0,8445.647220529672,35
2020-03-11,10000.0,10000.0,0.0,8569.62376800819,46
2020-03-12,10000.0,10000.0,0.0,9686.073694716137,61
2020-03-13,10000.0,10000.0,0.0,9139.817592811729,57
2020-03-14,10000.0,10000.0,0.0,9004.985396649288,57
2020-03-15,10000.0,10000.0,0.0,9258.5693408688,57
2020-03-16,10000.0,10000.0,0.0,9293.34307215763,56
2020-03-17,10000.0,10000.0,0.0,8267.506612092891,52
2020-03-18,10000.0,10000.0,0.0,7829.182682760458,42
2020-03-19,10000.0,10000.0,0.0,7876.8470457661,34
2020-03-20,10000.0,10000.0,0.0,7715.884733145553,33
2020-03-21,10000.0,10000.0,0.0,7598.71300708001,30
2020-03-22,10000.0,10000.0,0.0,7400.845332943652,25
2020-03-23,10000.0,10000.0,0.0,8147.011566504432,27
2020-03-24,9999.65,9300.0,0.08969628965371605,7800.211164821733,19
2020-03-25,9998.598369629231,8600.073616702539,0.1794731819734544,7792.388464665132,20
2020-03-26,9960.140348773064,7902.839389090458,0.27141001439939605,7580.04808420652,16
2020-03-27,10108.03031563618,7902.839389090458,0.27141001439939605,8124.9431102444605,21
2020-03-28,10211.351353516715,7902.839389090458,0.27141001439939605,8505.625592094562,27
2020-03-29,10242.09047719859,7902.839389090458,0.27141001439939605,8618.882738297872,33
2020-03-30,10263.80831176276,7902.839389090458,0.27141001439939605,8698.901283716064,31
2020-03-31,10165.661211941066,7902.839389090458,0.27141001439939605,8337.281982236405,23
2020-04-01,10139.80911956657,7902.839389090458,0.27141001439939605,8242.030919258108,21
2020-04-02,10100.466728092042,7902.839389090458,0.27141001439939605,8097.075356134961,22
2020-04-03,9930.7334911292,7902.839389090458,0.27141001439939605,7471.699622161231,21
2020-04-04,9947.757566129912,7206.471986602277,0.36377284293817175,7535.707056597282,15
2020-04-05,9944.253298657324,6510.349891422933,0.45620956303071847,7527.030745305028,19
2020-04-06,9839.373260276165,5821.569655895358,0.5505430938828832,7297.891207832519,17
2020-04-07,9824.418149035995,5133.836314795899,0.6450770292874936,7271.351515060118,19
2020-04-08,9702.859905745618,4454.612348554887,0.7409181088920548,7083.438094175875,18
2020-04-09,9634.587104253347,3780.1676456925525,0.8373328502756704,6991.747017489373,16
2020-04-10,9429.732523924158,3120.06326536455,0.9351135569121265,6747.489876411377,14
2020-04-11,9705.66088005187,2440.643224059473,1.0315337310966113,7042.927862639105,7
2020-04-12,9881.674521542367,1748.9017966015463,1.1273759149009837,7213.896108162923,15
2020-04-13,10172.861298617037,1036.7765813158185,1.2226277360778237,7472.4991489312015,19
2020-04-14,10084.30890314588,1036.7765813158185,1.2226277360778237,7400.071219433026,21
2020-04-15,10365.353083946495,311.17646943564796,1.3176755463277487,7630.23692936474,18
2020-04-16,10718.215883809708,311.17646943564796,1.3176755463277487,7898.028800320083,30
2020-04-17,10633.882352743058,311.17646943564796,1.3176755463277487,7834.027057780594,31
2020-04-18,10492.657124734525,311.17646943564796,1.3176755463277487,7726.849514414843,36
2020-04-19,11473.350083152978,311.17646943564796,1.3176755463277487,8471.109329474446,43
2020-04-20,12291.435383744854,311.17646943564796,1.3176755463277487,9091.964215088596,52
2020-04-21,12089.875194423674,311.17646943564796,1.3176755463277487,8938.99773568256,60
2020-04-22,11606.92969814279,311.17646943564796,1.3176755463277487,8572.484524120873,49
2020-04-23,11561.315266671842,311.17646943564796,1.3176755463277487,8537.867177234477,44
2020-04-24,11089.707844344985,311.17646943564796,1.3176755463277487,8179.958567910136,39
2020-04-25,11489.51964792353,311.17646943564796,1.3176755463277487,8483.380608861557,51
2020-04-26,12347.09009457625,311.17646943564796,1.3176755463277487,9134.201252109204,53
2020-04-27,12764.207656056225,311.17646943564796,1.3176755463277487,9450.756843235144,52
2020-04-28,12748.958510965313,311.17646943564796,1.3176755463277487,9439.184081538677,52
2020-04-29,13141.814249992933,311.17646943564796,1.3176755463277487,9737.327080490486,55
2020-04-30,12931.04922087136,311.17646943564796,1.3176755463277487,9577.374936194452,51
2020-05-01,12439.414113129678,311.17646943564796,1.3176755463277487,9204.267072796798,48
2020-05-02,13549.71276832089,311.17646943564796,1.3176755463277487,10046.886227630112,50
2020-05-03,13435.829713486575,311.17646943564796,1.3176755463277487,9960.458992069964,64
2020-05-04,14017.103723507867,311.17646943564796,1.3176755463277487,10401.594908753896,69
2020-05-05,14306.997726324242,311.17646943564796,1.3176755463277487,10621.598993692927,68
2020-05-06,13925.930174111896,311.17646943564796,1.3176755463277487,10332.402193103928,64
2020-05-07,14432.758629082844,311.17646943564796,1.3176755463277487,10717.040472522132,63
2020-05-08,13738.447085686697,311.17646943564796,1.3176755463277487,10190.11899679836,68
2020-05-09,13234.877917985872,311.17646943564796,1.3176755463277487,9807.954230134646,61
2020-05-10,13596.799517393973,311.17646943564796,1.3176755463277487,10082.620934253688,68
2020-05-11,12624.593865188428,311.17646943564796,1.3176755463277487,9344.802239116634,66
2020-05-12,12863.857349079182,311.17646943564796,1.3176755463277487,9526.382207385424,61
2020-05-13,13460.014315383525,311.17646943564796,1.3176755463277487,9978.812980625304,66
2020-05-14,12999.221503653243,311.17646943564796,1.3176755463277487,9629.111710829053,69
2020-05-15,12180.011182631706,311.17646943564796,1.3176755463277487,9007.403033526352,60
2020-05-16,12880.717659952848,311.17646943564796,1.3176755463277487,9539.17770239226,57
2020-05-17,12611.904486508343,311.17646943564796,1.3176755463277487,9335.172115285734,50
2020-05-18,13914.746645852736,311.17646943564796,1.3176755463277487,10323.914877474275,58
2020-05-19,15291.852793637547,311.17646943564796,1.3176755463277487,11369.017483819736,64
2020-05-20,15594.076415558104,311.17646943564796,1.3176755463277487,11598.378666671486,68
2020-05-21,15923.231666720416,311.17646943564796,1.3176755463277487,11848.178590544734,62
2020-05-22,16446.65079617409,311.17646943564796,1.3176755463277487,12245.407734632896,68
2020-05-23,16703.557042243643,311.17646943564796,1.3176755463277487,12440.377009721538,66
2020-05-24,15945.566777147356,311.17646943564796,1.3176755463277487,11865.128977526709,61
2020-05-25,15945.33267489322,311.17646943564796,1.3176755463277487,11864.95131447848,69
2020-05-26,16202.046785307812,311.17646943564796,1.3176755463277487,12059.77477548148,61
2020-05-27,15830.891011055724,311.17646943564796,1.3176755463277487,11778.100143751031,65
2020-05-28,15833.37643833633,311.17646943564796,1.3176755463277487,11779.98636474643,59
2020-05-29,15706.670367109775,311.17646943564796,1.3176755463277487,11683.827586070089,55
2020-05-30,16471.977824799025,311.17646943564796,1.3176755463277487,12264.628724728313,60
2020-05-31,16396.2559212107,311.17646943564796,1.3176755463277487,12207.16245103191,59
2020-06-01,17250.04701359453,311.17646943564796,1.3176755463277487,12855.11489635373,58
2020-06-02,17453.900634818994,311.17646943564796,1.3176755463277487,13009.821889127928,65
2020-06-03,18095.211085298797,311.17646943564796,1.3176755463277487,13496.520190744804,63
2020-06-04,19374.125719601056,311.17646943564796,1.3176755463277487,14467.104063130144,68
2020-06-05,22110.273375378318,311.17646943564796,1.3176755463277487,16543.59980094867,62
2020-06-06,20590.000033352706,311.17646943564796,1.3176755463277487,15389.845869442172,63
2020-06-07,19768.625005669935,311.17646943564796,1.3176755463277487,14766.494369923284,64
2020-06-08,21352.807039891464,311.17646943564796,1.3176755463277487,15968.749385307388,63
2020-06-09,21256.015670681147,311.17646943564796,1.3176755463277487,15895.293237866492,65
2020-06-10,21560.69791895638,311.17646943564796,1.3176755463277487,16126.520302164949,69
2020-06-11,22433.10890897722,311.17646943564796,1.3176755463277487,16788.603614291504,65
2020-06-12,21811.222007417695,311.17646943564796,1.3176755463277487,16316.646080213655,60
2020-06-13,22161.040562371163,311.17646943564796,1.3176755463277487,16582.127636677524,65
2020-06-14,25545.81597288708,311.17646943564796,1.3176755463277487,19150.87486732091,71
2020-06-15,26078.680850577635,311.17646943564796,1.3176755463277487,19555.27250464188,66
2020-06-16,27858.471291069778,311.17646943564796,1.3176755463277487,20905.97711887887,65
2020-06-17,29038.524972988846,311.17646943564796,1.3176755463277487,21801.534211979502,62
2020-06-18,30272.635268712525,311.17646943564796,1.3176755463277487,22738.11552682825,66
2020-06-19,29101.643516149394,311.17646943564796,1.3176755463277487,21849.435642142987,67
2020-06-20,30335.29171359796,311.17646943564796,1.3176755463277487,22785.66626498989,69
2020-06-21,31217.908123101828,311.17646943564796,1.3176755463277487,23455.49459409841,64
2020-06-22,30823.769606668764,311.17646943564796,1.3176755463277487,23156.37807977021,62
2020-06-23,31598.45376018811,311.17646943564796,1.3176755463277487,23744.29530694979,69
2020-06-24,32776.97117912783,311.17646943564796,1.3176755463277487,24638.686511388656,64
2020-06-25,32486.8076278339,311.17646943564796,1.3176755463277487,24418.477862831285,60
2020-06-26,31343.928199057722,311.17646943564796,1.3176755463277487,23551.132762619563,66
2020-06-27,33117.095904917296,311.17646943564796,1.3176755463277487,24896.81130298653,68
2020-06-28,31050.11283107163,311.17646943564796,1.3176755463277487,23328.15270595468,69
2020-06-29,31123.704142923758,311.17646943564796,1.3176755463277487,23384.00204766647,58
2020-06-30,33250.67236673827,311.17646943564796,1.3176755463277487,24998.18410465477,67
2020-07-01,32123.754356653226,311.17646943564796,1.3176755463277487,24142.95231923865,64
2020-07-02,32137.50930485472,311.17646943564796,1.3176755463277487,24153.39111674068,64
2020-07-03,33271.4958701007,311.17646943564796,1.3176755463277487,25013.98731464866,57
2020-07-04,34160.417543919524,311.17646943564796,1.3176755463277487,25688.600785541534,62
2020-07-05,33583.06602754354,311.17646943564796,1.3176755463277487,25250.441696997303,66
2020-07-06,34424.40535389234,311.17646943564796,1.3176755463277487,25888.944345614826,72
2020-07-07,32892.05201214068,311.17646943564796,1.3176755463277487,24726.022755377984,65
2020-07-08,32961.53575627662,311.17646943564796,1.3176755463277487,24778.75481398648,59
2020-07-09,34059.643390392885,311.17646943564796,1.3176755463277487,25612.122054637337,69
2020-07-10,35826.339327858834,311.17646943564796,1.3176755463277487,26952.889091249333,65
2020-07-11,33741.4617707351,311.17646943564796,1.3176755463277487,25370.650153193517,65
2020-07-12,34703.31252581955,311.17646943564796,1.3176755463277487,26100.61039095087,60
2020-07-13,32502.638934652627,311.17646943564796,1.3176755463277487,24430.492434144267,59
2020-07-14,29678.484247792105,311.17646943564796,1.3176755463277487,22287.207089940068,49
2020-07-15,28364.73047309994,311.17646943564796,1.3176755463277487,21290.18337013781,49
2020-07-16,29004.312119416718,311.17646943564796,1.3176755463277487,21775.5696612466,40
2020-07-17,29154.37908265389,311.17646943564796,1.3176755463277487,21889.45730502613,42
2020-07-18,27731.680234796055,311.17646943564796,1.3176755463277487,20809.753844016497,35
2020-07-19,29220.43361067133,311.17646943564796,1.3176755463277487,21939.586889810136,39
2020-07-20,28966.964819776673,311.17646943564796,1.3176755463277487,21747.226341266105,26
2020-07-21,30668.43391752636,311.17646943564796,1.3176755463277487,23038.49193581367,30
2020-07-22,31566.763672765905,311.17646943564796,1.3176755463277487,23720.24531413439,34
2020-07-23,30761.467554050796,311.17646943564796,1.3176755463277487,23109.096294211085,28
2020-07-24,31792.54124576231,311.17646943564796,1.3176755463277487,23891.59066058605,39
2020-07-25,31317.9959733265,311.17646943564796,1.3176755463277487,23531.45248107871,37
2020-07-26,32474.5701672831,311.17646943564796,1.3176755463277487,24409.19070516572,29
2020-07-27,34695.33140698029,311.17646943564796,1.3176755463277487,26094.553422783323,42
2020-07-28,35572.27880544413,311.17646943564796,1.3176755463277487,26760.079470457065,44
2020-07-29,32882.82849978288,311.17646943564796,1.3176755463277487,24719.02291965704,47
2020-07-30,32657.52439221149,311.17646943564796,1.3176755463277487,24548.03689187555,38
2020-07-31,31413.59955535193,311.17646943564796,1.3176755463277487,23604.00720237704,38
2020-08-01,31784.988651930216,311.17646943564796,1.3176755463277487,23885.85890525892,41
2020-08-02,31117.896050928844,311.17646943564796,1.3176755463277487,23379.59421600328,36
2020-08-03,34474.148078437305,311.17646943564796,1.3176755463277487,25926.694704330665,43
2020-08-04,35550.24657425766,311.17646943564796,1.3176755463277487,26743.358942214832,41
2020-08-05,35501.21748757621,311.17646943564796,1.3176755463277487,26706.15017195413,37
2020-08-06,35937.80277375833,311.17646943564796,1.3176755463277487,27037.480056157307,44
2020-08-07,33550.000440692245,311.17646943564796,1.3176755463277487,25225.347820933926,40
2020-08-08,31866.00901446634,311.17646943564796,1.3176755463277487,23947.3462439,34
2020-08-09,32444.072052131145,311.17646943564796,1.3176755463277487,24386.04531460509,24
2020-08-10,31687.620625154254,311.17646943564796,1.3176755463277487,23811.965125377126,31
2020-08-11,31713.704694179534,311.17646943564796,1.3176755463277487,23831.76064264082,33
2020-08-12,31535.626155589867,311.17646943564796,1.3176755463277487,23696.614673600143,34
2020-08-13,30723.941709626233,311.17646943564796,1.3176755463277487,23080.617474421844,36
2020-08-14,31688.71591790022,311.17646943564796,1.3176755463277487,23812.79635636492,46
2020-08-15,33295.4080655529,311.17646943564796,1.3176755463277487,25032.134570639595,56
2020-08-16,32640.94645381422,311.17646943564796,1.3176755463277487,24535.45569277576,46
2020-08-17,35427.364733339644,311.17646943564796,1.3176755463277487,26650.102418436672,69
2020-08-18,37259.498233613565,311.17646943564796,1.3176755463277487,28040.530817430583,64
2020-08-19,33699.115578132034,311.17646943564796,1.3176755463277487,25338.51311253804,52
2020-08-20,33391.25591493819,311.17646943564796,1.3176755463277487,25104.87466940853,50
2020-08-21,33047.053870357704,311.17646943564796,1.3176755463277487,24843.65555098461,47
2020-08-22,32695.598003663916,311.17646943564796,1.3176755463277487,24576.931418725144,45
2020-08-23,31965.016956713465,311.17646943564796,1.3176755463277487,24022.484575580394,38
2020-08-24,30285.191518789165,311.17646943564796,1.3176755463277487,22747.644617742648,36
2020-08-25,31382.850268138624,311.17646943564796,1.3176755463277487,23580.67119428385,33
2020-08-26,30949.13545068408,311.17646943564796,1.3176755463277487,23251.519743713736,27
2020-08-27,29869.682146562856,-1779.774464106426,1.4108372219576257,22433.102925051597,18
2020-08-28,32383.12702431184,-1779.774464106426,1.4108372219576257,24214.63011942305,30
2020-08-29,32506.985127164327,-1779.774464106426,1.4108372219576257,24302.420617805725,36
2020-08-30,31945.358401915524,-1779.774464106426,1.4108372219576257,23904.340161387438,39
2020-08-31,29708.052540182067,-1779.774464106426,1.4108372219576257,22318.540023063146,31
2020-09-01,38934.94833134796,-1779.774464106426,1.4108372219576257,28858.55445390088,38
2020-09-02,39939.08178531494,-1779.774464106426,1.4108372219576257,29570.283233337028,45
2020-09-03,40630.047417499154,-1779.774464106426,1.4108372219576257,30060.03897654421,41
2020-09-04,40868.02565496284,-1779.774464106426,1.4108372219576257,30228.717711241523,43
2020-09-05,40200.84364732961,-1779.774464106426,1.4108372219576257,29755.819777128705,40
2020-09-06,37942.00164895549,-1779.774464106426,1.4108372219576257,28154.754846874148,36
2020-09-07,39851.63159135481,-1779.774464106426,1.4108372219576257,29508.298624057446,43
2020-09-08,41044.57846750978,-1779.774464106426,1.4108372219576257,30353.85816670949,47
2020-09-09,40591.593366619134,-1779.774464106426,1.4108372219576257,30032.78278406393,57
2020-09-10,41192.14263392073,-1779.774464106426,1.4108372219576257,30458.451499033254,58
2020-09-11,39895.779588952806,-1779.774464106426,1.4108372219576257,29539.590680228703,55
2020-09-12,38231.908133016164,-1779.774464106426,1.4108372219576257,28360.2402703863,47
2020-09-13,36845.60479493075,-1779.774464106426,1.4108372219576257,27377.629862530863,41
2020-09-14,37717.46439081936,-1779.774464106426,1.4108372219576257,27995.60306476808,42
2020-09-15,34333.211071590275,-1779.774464106426,1.4108372219576257,25596.847725344,37
2020-09-16,34899.85145089457,-1779.774464106426,1.4108372219576257,25998.481854700218,29
2020-09-17,35581.69512823893,-1779.774464106426,1.4108372219576257,26481.77196551701,21
2020-09-18,34801.038469221916,-1779.774464106426,1.4108372219576257,25928.44331295013,33
2020-09-19,36062.891655672596,-1779.774464106426,1.4108372219576257,26822.84357884316,33
2020-09-20,34796.34228960436,-1779.774464106426,1.4108372219576257,25925.114665573623,27
2020-09-21,34861.88061827658,-1779.774464106426,1.4108372219576257,25971.568166836703,30
2020-09-22,34421.32250218816,-1779.774464106426,1.4108372219576257,25659.30101848552,33
2020-09-23,35178.9585820477,-1779.774464106426,1.4108372219576257,26196.312707763373,37
2020-09-24,35129.612084787885,-1779.774464106426,1.4108372219576257,26161.335960274853,37
2020-09-25,35929.43940984394,-1779.774464106426,1.4108372219576257,26728.25276159531,45
2020-09-26,36545.262719571816,-1779.774464106426,1.4108372219576257,27164.74770243149,45
2020-09-27,36362.6471344678,-1779.774464106426,1.4108372219576257,27035.30995988978,42
2020-09-28,31155.616523359422,-1779.774464106426,1.4108372219576257,23344.5719143743,28
2020-09-29,31703.247103003523,-1779.774464106426,1.4108372219576257,23732.731916904024,24
2020-09-30,31573.0722324023,-1779.774464106426,1.4108372219576257,23640.46409991193,27
2020-10-01,32346.30068541033,-1779.774464106426,1.4108372219576257,24188.527647551484,23
2020-10-02,31665.11630938373,-1779.774464106426,1.4108372219576257,23705.70484884377,21
2020-10-03,34163.724376121456,-4171.318874489291,1.50465893524686,25477.563288667377,20
2020-10-04,38904.58270723174,-4171.318874489291,1.50465893524686,28628.349304059284,30
2020-10-05,37481.34316576049,-4171.318874489291,1.50465893524686,27682.46083184033,27
2020-10-06,36695.73878220568,-4171.318874489291,1.50465893524686,27160.346241515632,27
2020-10-07,36042.12348274899,-4171.318874489291,1.50465893524686,26725.951918559345,27
2020-10-08,34087.53448181017,-6557.529805598593,1.5984549107866228,25427.720239795028,18
2020-10-09,34750.99857977353,-8990.184849109264,1.6925379215353218,25843.54706168393,17
2020-10-10,35691.93604907082,-11488.707820848233,1.787130841450568,26400.218034189227,19
2020-10-11,31641.723421053604,-13703.705985257739,1.8788621453431977,24134.516477806003,18
2020-10-12,32076.40096169045,-13703.705985257739,1.8788621453431977,24365.86795918754,21
2020-10-13,30704.02578847736,-13703.705985257739,1.8788621453431977,23635.43907880664,23
2020-10-14,33386.29048545046,-13703.705985257739,1.8788621453431977,25063.039663352534,23
2020-10-15,33272.322678214914,-13703.705985257739,1.8788621453431977,25002.381776600163,31
2020-10-16,30804.405928473425,-13703.705985257739,1.8788621453431977,23688.86510596082,34
2020-10-17,29441.315654062862,-13703.705985257739,1.8788621453431977,22963.377992502807,32
2020-10-18,30682.929437836654,-13703.705985257739,1.8788621453431977,23624.21081988781,25
2020-10-19,32774.56673459588,-13703.705985257739,1.8788621453431977,24737.457633627386,30
2020-10-20,32044.432927375055,-13703.705985257739,1.8788621453431977,24348.853387684983,27
2020-10-21,31790.549488439356,-13703.705985257739,1.8788621453431977,24213.72722126295,32
2020-10-22,32671.176770746395,-13703.705985257739,1.8788621453431977,24682.429666777483,31
2020-10-23,34903.22488589519,-13703.705985257739,1.8788621453431977,25870.40831687748,35
2020-10-24,36898.790811755876,-13703.705985257739,1.8788621453431977,26932.52238991192,34
2020-10-25,37184.11411956833,-13703.705985257739,1.8788621453431977,27084.38201863435,35
2020-10-26,37817.66911395694,-13703.705985257739,1.8788621453431977,27421.583444486103,37
2020-10-27,36976.874882460186,-13703.705985257739,1.8788621453431977,26974.081623460715,36
2020-10-28,36451.037511698414,-13703.705985257739,1.8788621453431977,26694.211505227147,45
2020-10-29,40027.307397524324,-13703.705985257739,1.8788621453431977,28597.634752478032,58
2020-10-30,43900.481330761715,-13703.705985257739,1.8788621453431977,30659.081326851323,64
2020-10-31,44689.82645013959,-13703.705985257739,1.8788621453431977,31079.200025465954,66
2020-11-01,44828.95776854807,-13703.705985257739,1.8788621453431977,31153.250864562007,69
2020-11-02,46327.4137428949,-13703.705985257739,1.8788621453431977,31950.784615540382,62
2020-11-03,48088.91938555869,-13703.705985257739,1.8788621453431977,32888.32313960385,58
2020-11-04,46761.01745377778,-13703.705985257739,1.8788621453431977,32181.564564967524,57
2020-11-05,46971.51001086642,-13703.705985257739,1.8788621453431977,32293.59649749134,53
2020-11-06,45068.8859795263,-13703.705985257739,1.8788621453431977,31280.949541962527,55
2020-11-07,44686.63635170748,-13703.705985257739,1.8788621453431977,31077.50213696465,64
2020-11-08,41952.01113281375,-13703.705985257739,1.8788621453431977,29622.03334396589,63
2020-11-09,44846.75654726993,-13703.705985257739,1.8788621453431977,31162.72403361061,58
2020-11-10,42739.489323441136,-13703.705985257739,1.8788621453431977,30041.158393975104,68
2020-11-11,47358.82354742766,-13703.705985257739,1.8788621453431977,32499.739102216867,67
2020-11-12,46240.8488377846,-13703.705985257739,1.8788621453431977,31904.711567911607,64
2020-11-13,44267.34805534355,-13703.705985257739,1.8788621453431977,30854.34138118321,60
2020-11-14,46818.90711258806,-13703.705985257739,1.8788621453431977,32212.37558479341,66
2020-11-15,64846.49508850726,-13703.705985257739,1.8788621453431977,41807.325390238686,59
2020-11-16,71205.7139520481,-13703.705985257739,1.8788621453431977,45191.93712415557,66
2020-11-17,79252.83103825137,-13703.705985257739,1.8788621453431977,49474.91078784252,59
2020-11-18,73572.09575557995,-13703.705985257739,1.8788621453431977,46451.41313701632,62
2020-11-19,73562.4300805595,-13703.705985257739,1.8788621453431977,46446.26870689174,63
2020-11-20,73611.60542298295,-13703.705985257739,1.8788621453431977,46472.441644882594,62
2020-11-21,73403.19262478013,-13703.705985257739,1.8788621453431977,46361.51663704242,61
2020-11-22,71376.93966447496,-13703.705985257739,1.8788621453431977,45283.06978806668,62
2020-11-23,74104.18344859162,-13703.705985257739,1.8788621453431977,46734.60990817405,62
2020-11-24,77187.48108898864,-13703.705985257739,1.8788621453431977,48375.65507374889,62
2020-11-25,73589.55361689777,-13703.705985257739,1.8788621453431977,46460.70485719978,64
2020-11-26,74638.60594296806,-13703.705985257739,1.8788621453431977,47019.04934706583,57
2020-11-27,74626.92140808591,-13703.705985257739,1.8788621453431977,47012.83040497309,60
2020-11-28,71006.61290123085,-13703.705985257739,1.8788621453431977,45085.96817304826,59
2020-11-29,71110.56147359227,-13703.705985257739,1.8788621453431977,45141.2934520311,58
2020-11-30,69895.58114476262,-13703.705985257739,1.8788621453431977,44494.63593549057,64
2020-12-01,67748.0198583755,-13703.705985257739,1.8788621453431977,43351.62430384431,66
2020-12-02,66325.44149463026,-13703.705985257739,1.8788621453431977,42594.475426652265,62
2020-12-03,66550.67235833521,-13703.705985257739,1.8788621453431977,42714.351631653895,61
2020-12-04,73505.46103357381,-13703.705985257739,1.8788621453431977,46415.94767076522,55
2020-12-05,72699.32224180271,-13703.705985257739,1.8788621453431977,45986.89075790489,57
2020-12-06,68070.25311960162,-13703.705985257739,1.8788621453431977,43523.12877639158,55
2020-12-07,69616.57010511139,-13703.705985257739,1.8788621453431977,44346.1359295999,55
2020-12-08,72745.26262644447,-13703.705985257739,1.8788621453431977,46011.34193158765,56
2020-12-09,69191.3931535861,-13703.705985257739,1.8788621453431977,44119.84101350981,58
2020-12-10,85945.09277071395,-13703.705985257739,1.8788621453431977,53036.78026775593,59
2020-12-11,85007.59837268908,-13703.705985257739,1.8788621453431977,52537.811037709725,63
2020-12-12,84904.61939054,-13703.705985257739,1.8788621453431977,52483.00181053767,52
2020-12-13,89135.61558305663,-13703.705985257739,1.8788621453431977,54734.89463993085,53
2020-12-14,83599.6098555969,-13703.705985257739,1.8788621453431977,51788.4274171062,52
2020-12-15,87117.90663432637,-13703.705985257739,1.8788621453431977,53660.995230263565,56
2020-12-16,84860.40183957404,-13703.705985257739,1.8788621453431977,52459.467592726345,52
2020-12-17,88653.38285177272,-13703.705985257739,1.8788621453431977,54478.232525321146,51
2020-12-18,86841.23700769669,-13703.705985257739,1.8788621453431977,53513.7414110755,43
2020-12-19,83140.85544771787,-13703.705985257739,1.8788621453431977,51544.26133551471,45
2020-12-20,83585.47600939551,-13703.705985257739,1.8788621453431977,51780.9048608418,52
2020-12-21,82117.77544266846,-13703.705985257739,1.8788621453431977,50999.74027654019,48
2020-12-22,80894.16549808637,-13703.705985257739,1.8788621453431977,50348.48975897836,48
2020-12-23,75830.63057692246,-13703.705985257739,1.8788621453431977,47653.48899284233,39
2020-12-24,72848.90284328125,-13703.705985257739,1.8788621453431977,46066.50309234319,35
2020-12-25,66613.43757076633,-13703.705985257739,1.8788621453431977,42747.757601637735,30
2020-12-26,64009.10907966467,-18184.500448640487,1.9871369918414008,41362.82997386084,13
2020-12-27,68231.99822485796,-18184.500448640487,1.9871369918414008,43487.94221450214,24
2020-12-28,62767.002367311965,-18184.500448640487,1.9871369918414008,40737.75645479676,24
2020-12-29,71767.14948062703,-18184.500448640487,1.9871369918414008,45266.95959995838,34
2020-12-30,74037.1067750499,-18184.500448640487,1.9871369918414008,46409.28511840157,33
2020-12-31,74949.22706404887,-18184.500448640487,1.9871369918414008,46868.29740227725,36
2021-01-01,79547.5805956636,-18184.500448640487,1.9871369918414008,49182.3570521626,43
2021-01-02,79159.9225289289,-18184.500448640487,1.9871369918414008,48987.27333708593,49
2021-01-03,80625.9360426658,-18184.500448640487,1.9871369918414008,49725.02494643944,51
2021-01-04,84705.58714551077,-18184.500448640487,1.9871369918414008,51778.05456623658,42
2021-01-05,79215.13989829275,-18184.500448640487,1.9871369918414008,49015.06073654079,43
2021-01-06,83646.9766066329,-18184.500448640487,1.9871369918414008,51245.32303176048,42
2021-01-07,84044.2661719236,-18184.500448640487,1.9871369918414008,51445.25366911557,49
2021-01-08,85200.02847902745,-18184.500448640487,1.9871369918414008,52026.87552601274,47
2021-01-09,85493.25245579018,-18184.500448640487,1.9871369918414008,52174.43655374591,38
2021-01-10,84247.99407710638,-18184.500448640487,1.9871369918414008,51547.77700093377,33
2021-01-11,86568.17181467573,-18184.500448640487,1.9871369918414008,52715.37528283145,34
2021-01-12,85439.97768508218,-18184.500448640487,1.9871369918414008,52147.62674097169,33
2021-01-13,83555.10259229358,-18184.500448640487,1.9871369918414008,51199.08866809229,38
2021-01-14,80029.27162654421,-18184.500448640487,1.9871369918414008,49424.76159339871,28
2021-01-15,82087.26225873726,-18184.500448640487,1.9871369918414008,50460.41773620243,31
2021-01-16,73798.00871207507,-18184.500448640487,1.9871369918414008,46288.96222976506,23
2021-01-17,76047.58861610535,-18184.500448640487,1.9871369918414008,47421.03310020147,27
2021-01-18,79326.81296617448,-18184.500448640487,1.9871369918414008,49071.25870796412,31
2021-01-19,77412.78834918025,-18184.500448640487,1.9871369918414008,48108.05152856348,34
2021-01-20,83643.49967216502,-18184.500448640487,1.9871369918414008,51243.57331119157,39
2021-01-21,85364.37803467043,-18184.500448640487,1.9871369918414008,52109.58223235343,37
2021-01-22,77539.24369636967,-18184.500448640487,1.9871369918414008,48171.68848349341,33
2021-01-23,85842.49896772084,-18184.500448640487,1.9871369918414008,52350.19016980991,42
2021-01-24,87085.52972049793,-18184.500448640487,1.9871369918414008,52975.728699805884,59
2021-01-25,98565.69665533621,-18184.500448640487,1.9871369918414008,58752.968508622514,65
2021-01-26,91400.38666288246,-18184.500448640487,1.9871369918414008,55147.12249907592,63
2021-01-27,93836.40577723406,-18184.500448640487,1.9871369918414008,56373.01639786255,71
2021-01-28,98838.82531965885,-18184.500448640487,1.9871369918414008,58890.41684028964,65
2021-01-29,96876.09737499015,-18184.500448640487,1.9871369918414008,57902.70036541797,63
2021-01-30,89897.30766094499,-18184.500448640487,1.9871369918414008,54390.718180647615,56
2021-01-31,105853.28611790689,-18184.500448640487,1.9871369918414008,62420.35001905253,62
2021-02-01,104990.02279666325,-18184.500448640487,1.9871369918414008,61985.9243479549,62
2021-02-02,103948.64805903527,-18184.500448640487,1.9871369918414008,61461.86649894723,57
2021-02-03,108097.77338036921,-18184.500448640487,1.9871369918414008,63549.85808602402,52
2021-02-04,111039.3358560057,-18184.500448640487,1.9871369918414008,65030.159890939176,60
2021-02-05,106210.3326627805,-18184.500448640487,1.9871369918414008,62600.02889692535,56
2021-02-06,99506.37767915401,-18184.500448640487,1.9871369918414008,59226.35359866913,48
2021-02-07,100042.50040089418,-18184.500448640487,1.9871369918414008,59496.15015720602,48
2021-02-08,104044.1091399274,-18184.500448640487,1.9871369918414008,61509.90600567679,53
2021-02-09,109223.92325917177,-18184.500448640487,1.9871369918414008,64116.57788613152,55
2021-02-10,113149.41806273296,-18184.500448640487,1.9871369918414008,66092.0304189353,56
2021-02-11,114568.25486628481,-18184.500448640487,1.9871369918414008,66806.04098256386,59
2021-02-12,116771.47641144978,-18184.500448640487,1.9871369918414008,67914.78263158492,71
2021-02-13,120053.70219525803,-18184.500448640487,1.9871369918414008,69566.51867056165,67
2021-02-14,117139.62663531792,-18184.500448640487,1.9871369918414008,68100.04928676756,66
2021-02-15,118249.13089802561,-18184.500448640487,1.9871369918414008,68658.39240415856,73
2021-02-16,116729.81548101967,-18184.500448640487,1.9871369918414008,67893.81732793391,68
2021-02-17,112085.83166504101,-18184.500448640487,1.9871369918414008,65556.79485034656,58
2021-02-18,107332.82517305479,-18184.500448640487,1.9871369918414008,63164.9081754466,65
2021-02-19,113388.40459971185,-18184.500448640487,1.9871369918414008,66212.29718361238,54
2021-02-20,115482.76960573462,-18184.500448640487,1.9871369918414008,67266.25824146677,59
2021-02-21,115235.32736001405,-18184.500448640487,1.9871369918414008,67141.7362549422,68
2021-02-22,119627.51447825617,-18184.500448640487,1.9871369918414008,69352.04542651675,64
2021-02-23,121500.41608025678,-18184.500448640487,1.9871369918414008,70294.55800098453,63
2021-02-24,129419.19441704816,-18184.500448640487,1.9871369918414008,74279.57683426254,66
2021-02-25,132881.8399297879,-18184.500448640487,1.9871369918414008,76022.1066784335,59
2021-02-26,137950.85391252278,-18184.500448640487,1.9871369918414008,78573.01987845279,63
2021-02-27,138963.81128079758,-18184.500448640487,1.9871369918414008,79082.77706803444,63
2021-02-28,119737.27913833037,-18184.500448640487,1.9871369918414008,69407.28301734458,56
2021-03-01,116389.60139043766,-18184.500448640487,1.9871369918414008,67722.60915659051,55
2021-03-02,120313.51927337275,-18184.500448640487,1.9871369918414008,69697.26812527033,52
2021-03-03,111936.02356389054,-18184.500448640487,1.9871369918414008,65481.40593565898,43
2021-03-04,105578.30177557026,-18184.500448640487,1.9871369918414008,62281.96784235026,47
2021-03-05,105052.30266142674,-18184.500448640487,1.9871369918414008,62017.26585335648,38
2021-03-06,104550.0134640442,-18184.500448640487,1.9871369918414008,61764.49556150202,33
2021-03-07,104637.90162338328,-18184.500448640487,1.9871369918414008,61808.7240971792,32
2021-03-08,97305.31780724967,-18184.500448640487,1.9871369918414008,58118.699782680975,27
2021-03-09,97402.14390657173,-18184.500448640487,1.9871369918414008,58167.42621660053,34
2021-03-10,96075.90795348934,-18184.500448640487,1.9871369918414008,57500.01578715982,31
2021-03-11,98408.08452756857,-18184.500448640487,1.9871369918414008,58673.65232236321,26
2021-03-12,90342.09588989383,-18184.500448640487,1.9871369918414008,54614.5518824885,25
2021-03-13,90486.24923005822,-18184.500448640487,1.9871369918414008,54687.09511466437,21
2021-03-14,89647.70743777613,-24460.0596138556,2.102722104374104,54266.68926638646,20
2021-03-15,83501.86226106914,-30305.394558853513,2.216508860525039,51345.2749261577,15
2021-03-16,78943.36401366782,-35831.623457821726,2.3285696415846466,49289.90974621762,9
2021-03-17,76083.76189345181,-41157.6732021044,2.4393281553819293,48063.00244470369,6
2021-03-18,68517.39153584177,-45954.05848309816,2.545950859524517,44962.16004747189,9
2021-03-19,66317.72698116605,-50596.46185589783,2.651170322342945,44099.086298515205,5
2021-03-20,78156.81118408985,-56067.63012967371,2.7637689234600695,48565.72493250368,6
2021-03-21,75396.05168346157,-61345.53847430808,2.874669004325988,47567.76865510153,9
2021-03-22,72698.55519624654,-66434.6154557397,2.9837511666881475,46630.286132881134,6
2021-03-23,73335.00068373018,-71568.24518064118,3.0932852286207813,46844.45020577042,7
2021-03-24,74269.10767610851,-76767.26468365139,3.2035020035581607,47147.269516923145,8
2021-03-25,79821.11711369055,-82354.93845019156,3.317756041002,48881.24791565539,8
2021-03-26,107249.07619405494,-89862.63655320901,3.4490600301674954,57149.4004230746,7
2021-03-27,115383.24428084158,-97939.74635171087,3.584721507793895,59508.94376836415,10
2021-03-28,112630.29279803019,-105824.14280144873,3.7188749946860082,58742.0754694992,5
2021-03-29,120626.62980178595,-114268.30243316086,3.857476807211222,60893.41400467551,10
2021-03-30,122678.71345895116,-114268.30243316086,3.857476807211222,61425.38963530769,23
2021-03-31,124602.021962394,-114268.30243316086,3.857476807211222,61923.98200528576,21
2021-04-01,128307.47440169263,-114268.30243316086,3.857476807211222,62884.57169240237,23
2021-04-02,132387.82802364914,-114268.30243316086,3.857476807211222,63942.34956791121,29
2021-04-03,138989.67464915238,-114268.30243316086,3.857476807211222,65653.79125776445,38
2021-04-04,137666.25688322948,-114268.30243316086,3.857476807211222,65310.71265170546,39
2021-04-05,138334.403004653,-114268.30243316086,3.857476807211222,65483.92072392886,37
2021-04-06,132926.55401370063,-114268.30243316086,3.857476807211222,64082.00717752908,41
2021-04-07,133564.98371859378,-114268.30243316086,3.857476807211222,64247.51166058901,44
2021-04-08,128828.69425887501,-114268.30243316086,3.857476807211222,63019.69106789881,46
2021-04-09,135381.975046347,-114268.30243316086,3.857476807211222,64718.542704601125,54
2021-04-10,120454.48277544897,-114268.30243316086,3.857476807211222,60848.78715792036,41
2021-04-11,117549.93181410345,-114268.30243316086,3.857476807211222,60095.820618778576,43
2021-04-12,113027.25540375372,-114268.30243316086,3.857476807211222,58923.376392569626,43
2021-04-13,109187.67313988463,-114268.30243316086,3.857476807211222,57928.01531698485,44
2021-04-14,115723.5417985277,-114268.30243316086,3.857476807211222,59622.35308887368,45
2021-04-15,110799.19939485812,-114268.30243316086,3.857476807211222,58345.78225001239,54
2021-04-16,105223.80758230743,-114268.30243316086,3.857476807211222,56900.4354362278,56
2021-04-17,99682.73106666683,-114268.30243316086,3.857476807211222,55463.98441070718,63
2021-04-18,104011.91772097585,-114268.30243316086,3.857476807211222,56586.26896889712,68
2021-04-19,108932.61200874022,-114268.30243316086,3.857476807211222,57861.89408181175,66
2021-04-20,117091.85154189618,-114268.30243316086,3.857476807211222,59977.06934816797,73
2021-04-21,125984.37534406371,-114268.30243316086,3.857476807211222,62282.33889263904,72
2021-04-22,128070.73118991058,-114268.30243316086,3.857476807211222,62823.19913629536,76
2021-04-23,118201.05158829663,-114268.30243316086,3.857476807211222,60264.61483498124,72
2021-04-24,107770.67397121541,-114268.30243316086,3.857476807211222,57560.67696616956,54
2021-04-25,116090.84542883409,-114268.30243316086,3.857476807211222,59717.57171199533,48
2021-04-26,120949.18646027122,-114268.30243316086,3.857476807211222,60977.03256535805,45
2021-04-27,135640.12297193095,-114268.30243316086,3.857476807211222,64785.46415053214,48
2021-04-28,158311.80596471948,-114268.30243316086,3.857476807211222,70662.79903182184,57
2021-04-29,170277.40866309786,-114268.30243316086,3.857476807211222,73764.72376044489,59
2021-04-30,182779.61038341068,-114268.30243316086,3.857476807211222,77005.75471024633,61
2021-05-01,171798.1733067929,-114268.30243316086,3.857476807211222,74158.96194247417,60
2021-05-02,157545.9220840824,-114268.30243316086,3.857476807211222,70464.25373423111,53
2021-05-03,155427.62398954775,-114268.30243316086,3.857476807211222,69915.11288377293,50
2021-05-04,153727.50958187287,-114268.30243316086,3.857476807211222,69474.38064022538,43
2021-05-05,178964.40873809738,-114268.30243316086,3.857476807211222,76016.7139885546,47
2021-05-06,177312.77620550917,-114268.30243316086,3.857476807211222,75588.55003187167,52
2021-05-07,187011.47515725563,-114268.30243316086,3.857476807211222,78102.80985415124,59
2021-05-08,165731.86194133744,-114268.30243316086,3.857476807211222,72586.3507075563,58
2021-05-09,154943.94711902164,-114268.30243316086,3.857476807211222,69789.72603254886,53
2021-05-10,164783.82846103344,-114268.30243316086,3.857476807211222,72340.58552796229,64
2021-05-11,178920.41172528345,-114268.30243316086,3.857476807211222,76005.3083430996,60
2021-05-12,185296.5627607143,-114268.30243316086,3.857476807211222,77658.24142710704,69
2021-05-13,193444.67273881778,-114268.30243316086,3.857476807211222,79770.53150306325,63
2021-05-14,184597.11898104628,-114268.30243316086,3.857476807211222,77476.91984965505,66
2021-05-15,207462.39441880627,-114268.30243316086,3.857476807211222,83404.44101971506,68
2021-05-16,201711.2533407077,-114268.30243316086,3.857476807211222,81913.53352615677,67
2021-05-17,196094.86228149824,-114268.30243316086,3.857476807211222,80457.55819826623,67
2021-05-18,128785.2291011546,-114268.30243316086,3.857476807211222,63008.4232988641,57
2021-05-19,146978.7807883425,-114268.30243316086,3.857476807211222,67724.86168500724,48
2021-05-20,154253.91080514362,-114268.30243316086,3.857476807211222,69610.84321656199,40
2021-05-21,161595.35395362662,-114268.30243316086,3.857476807211222,71514.0155531419,48
2021-05-22,160592.38165588074,-114268.30243316086,3.857476807211222,71254.00820951487,48
2021-05-23,151937.27170121067,-114268.30243316086,3.857476807211222,69010.28507461744,45
2021-05-24,144065.95128483055,-114268.30243316086,3.857476807211222,66969.74904296448,44
2021-05-25,162085.55324705932,-114268.30243316086,3.857476807211222,71641.09325650393,55
2021-05-26,120019.4881166968,-114268.30243316086,3.857476807211222,60736.02052820557,39
2021-05-27,124917.27133336428,-114268.30243316086,3.857476807211222,62005.70624802934,33
2021-05-28,122305.81968591714,-122830.00947092139,3.997008026546394,61329.83159622214,18
2021-05-29,134383.1891228712,-122830.00947092139,3.997008026546394,64351.434094075885,22
2021-05-30,113109.76162930415,-130747.96991358817,4.131075277906323,59030.08663315432,7
2021-05-31,108797.2993680914,-138364.04743206772,4.262350499703015,57987.100501796,11
2021-06-01,95432.96616980623,-145044.58888290494,4.384080733705036,54852.44676356151,9
2021-06-02,89378.02566181403,-151301.2696630592,4.501030683104667,53472.04057690634,9
2021-06-03,85628.67583919654,-157295.4867694017,4.614846283173316,52639.70838949717,3
2021-06-04,82473.64924820073,-163068.84428428876,4.725909432204661,51956.66507259803,0
2021-06-05,59082.81292092448,-167204.78594671167,4.81384994571689,47007.61374354324,2
2021-06-06,62743.63709380283,-171596.9942705692,4.905751677332503,47768.54736597562,5
2021-06-07,64784.087539392436,-176132.03912489658,4.9998220932977,48184.93981760649,0
2021-06-08,77713.28074161423,-181572.15918101155,5.106917789756099,50771.41450029275,4
2021-06-09,70642.4757218925,-186517.30556166734,5.206997554562296,49387.34435514381,0
2021-06-10,73325.62323216037,-191650.27884198338,5.3098048616497096,49903.13372680481,1
2021-06-11,62835.420332989714,-196048.9122174608,5.4015349874342515,47927.91922161028,5
2021-06-12,73037.44084686041,-201161.7120247343,5.504115055167899,49817.118669084666,5
2021-06-13,62831.96060970996,-205560.1032111055,5.595772346450954,47963.36362594158,3
2021-06-14,40182.60420158913,-208372.98395604282,5.659791662802303,43916.03136051936,4
2021-06-15,32341.802379062196,-210636.9893627664,5.712997084838737,42530.87970001779,0
2021-06-16,47402.42873288202,-213955.27551408345,5.786426790807802,45167.37421825727,0
2021-06-17,53276.67059900216,-217684.77298842522,5.8671414047264845,46182.8725261581,6
2021-06-18,50691.94707257615,-221233.33348312287,5.944679272667776,45742.63271122916,6
2021-06-19,68290.41564170289,-226013.8298954165,6.042785470394056,48703.40788681474,4
2021-06-20,52806.03483926077,-229710.3817134784,6.122859223047197,46141.25627604054,1
2021-06-21,62761.93998896459,-234103.87128484092,6.214789514708343,47767.637274154295,1
2021-06-22,58670.5196313342,-238210.95140683858,6.301927249461565,47109.631591437086,0
2021-06-23,60527.46260378623,-242448.0220865774,6.391263504209143,47404.6304757785,8
2021-06-24,38153.538722310215,-245118.86327658076,6.452066564432521,43904.13508137848,8
2021-06-25,56774.02907283523,-249093.18441291898,6.536962880890176,46790.41613956702,13
2021-06-26,46937.2461737619,-252378.90664536046,6.609481728926539,45285.87340050564,11
2021-06-27,40433.71109564483,-255209.3654881151,6.673339706916791,44302.1170160619,16
2021-06-28,55628.03250133165,-259103.4640566582,6.756899428983411,46579.277946326016,11
2021-06-29,29658.945172996348,-261179.66288572698,6.80545700259234,42736.08781128686,7
2021-06-30,47475.61475208582,-264503.07223770034,6.878696926617053,45354.32950717564,11
2021-07-01,40697.35965728329,-267351.98712573125,6.942874202297944,44369.13845868858,13
2021-07-02,43072.56043968536,-267351.98712573125,6.942874202297944,44711.24472666848,21
2021-07-03,40971.58822243748,-267351.98712573125,6.942874202297944,44408.63630312071,31
2021-07-04,56266.09689969127,-267351.98712573125,6.942874202297944,46611.54366275451,29
2021-07-05,52810.23936291388,-267351.98712573125,6.942874202297944,46113.78762741779,33
2021-07-06,-1273.4799203773146,-267351.98712573125,6.942874202297944,38323.97065717935,17
2021-07-07,-31353.495882218413,-267351.98712573125,6.942874202297944,33991.46871556485,7
2021-07-08,-37388.34232802564,-267351.98712573125,6.942874202297944,33122.25428506144,4
2021-07-09,-43869.72687296066,-267351.98712573125,6.942874202297944,32188.723825473127,0
2021-07-10,-33737.54789115369,-267351.98712573125,6.942874202297944,33648.08758269826,2
2021-07-11,-33579.601991508855,-267351.98712573125,6.942874202297944,33670.83693621421,9
2021-07-12,-40145.67762998972,-267351.98712573125,6.942874202297944,32725.10820094379,2
2021-07-13,-45953.66400168781,-267351.98712573125,6.942874202297944,31888.56900946949,1
2021-07-14,-53326.82346701823,-267351.98712573125,6.942874202297944,30826.593918103143,0
2021-07-15,-46872.679036143236,-267351.98712573125,6.942874202297944,31756.200914113357,6
2021-07-16,-35481.623910074704,-267351.98712573125,6.942874202297944,33396.88383507112,5
2021-07-17,-28686.642628349306,-267351.98712573125,6.942874202297944,34375.582437946054,5
2021-07-18,-36142.143292070425,-267351.98712573125,6.942874202297944,33301.7475323311,5
2021-07-19,-27980.130878076277,-267351.98712573125,6.942874202297944,34477.343139593104,8
2021-07-20,-29235.285662025824,-267351.98712573125,6.942874202297944,34296.559972942305,8
2021-07-21,-17445.33669312246,-267351.98712573125,6.942874202297944,35994.696598405164,11
2021-07-22,-36226.180045441666,-267351.98712573125,6.942874202297944,33289.64350294462,6
2021-07-23,-33382.93112241625,-267351.98712573125,6.942874202297944,33699.163946521774,5
2021-07-24,-44602.21639609663,-267351.98712573125,6.942874202297944,32083.221478492174,1
2021-07-25,-45574.87117467722,-267351.98712573125,6.942874202297944,31943.12751304791,4
2021-07-26,-38565.009862139035,-267351.98712573125,6.942874202297944,32952.77583855236,6
2021-07-27,-47525.355977837025,-267351.98712573125,6.942874202297944,31662.194178188663,2
2021-07-28,-47285.69300047404,-267351.98712573125,6.942874202297944,31696.713452250067,4
2021-07-29,-36989.300121414795,-267351.98712573125,6.942874202297944,33179.72935878217,8
2021-07-30,56080.30111888604,-267351.98712573125,6.942874202297944,46584.78301933917,21
2021-07-31,80589.5561766419,-267351.98712573125,6.942874202297944,50114.91396275218,30
2021-08-01,61832.90929873445,-267351.98712573125,6.942874202297944,47413.34594763541,32
2021-08-02,65172.54107317008,-267351.98712573125,6.942874202297944,47894.361687965305,29
2021-08-03,58197.79008598358,-267351.98712573125,6.942874202297944,46889.77039278124,31
2021-08-04,58770.55072342028,-267351.98712573125,6.942874202297944,46972.26657818629,30
2021-08-05,45469.11713541264,-267351.98712573125,6.942874202297944,45056.42694168457,41
2021-08-06,43145.7643022589,-267351.98712573125,6.942874202297944,44721.78846697553,44
2021-08-07,44710.62476775312,-267351.98712573125,6.942874202297944,44947.17933823405,49
2021-08-08,-2212.3271763186785,-267351.98712573125,6.942874202297944,38188.746076035335,45
2021-08-09,-5254.112711052323,-267351.98712573125,6.942874202297944,37750.62989445064,32
2021-08-10,-7651.105431545497,-267351.98712573125,6.942874202297944,37405.38487766785,32
2021-08-11,5220.285351525934,-267351.98712573125,6.942874202297944,39259.28434466543,44
2021-08-12,32245.374449648894,-267351.98712573125,6.942874202297944,43151.77732533592,47
2021-08-13,54320.72001296125,-267351.98712573125,6.942874202297944,46331.34603421529,56
2021-08-14,70505.37578332413,-267351.98712573125,6.942874202297944,48662.463565482976,54
2021-08-15,69745.89071328804,-267351.98712573125,6.942874202297944,48553.072980559984,57
2021-08-16,75845.61808287061,-267351.98712573125,6.942874202297944,49431.63237712283,61
2021-08-17,71003.85633553751,-267351.98712573125,6.942874202297944,48734.26099946909,64
2021-08-18,83181.88970114035,-267351.98712573125,6.942874202297944,50488.29441715252,56
2021-08-19,83577.85202750284,-267351.98712573125,6.942874202297944,50545.32588781225,52
2021-08-20,76181.86187535344,-267351.98712573125,6.942874202297944,49480.06243399632,53
2021-08-21,69638.35347496613,-267351.98712573125,6.942874202297944,48537.58411597904,51
2021-08-22,87105.3226330814,-267351.98712573125,6.942874202297944,51053.39653734397,54
2021-08-23,108069.50785122352,-267351.98712573125,6.942874202297944,54072.921968354,57
2021-08-24,94985.43299495155,-267351.98712573125,6.942874202297944,52188.3890681408,60
2021-08-25,118035.0846230695,-267351.98712573125,6.942874202297944,55508.289581459765,55
2021-08-26,99481.75701707229,-267351.98712573125,6.942874202297944,52836.00616318086,52
2021-08-27,81825.05474773725,-267351.98712573125,6.942874202297944,50292.86599459029,54
2021-08-28,109791.20047475235,-267351.98712573125,6.942874202297944,54320.90177806436,58
2021-08-29,135334.25600424025,-267351.98712573125,6.942874202297944,57999.93365812258,60
2021-08-30,141610.66003046208,-267351.98712573125,6.942874202297944,58903.94024723008,51
2021-08-31,158502.670251626,-267351.98712573125,6.942874202297944,61336.93985646584,59
2021-09-01,153547.38481901056,-267351.98712573125,6.942874202297944,60623.21737090282,62
2021-09-02,131491.19411801884,-267351.98712573125,6.942874202297944,57446.40758603136,64
2021-09-03,132245.1221794333,-267351.98712573125,6.942874202297944,57554.99778073271,57
2021-09-04,142298.56634310033,-267351.98712573125,6.942874202297944,59003.02115991759,66
2021-09-05,154232.9160432188,-267351.98712573125,6.942874202297944,60721.95619350475,67
2021-09-06,118759.36148356722,-267351.98712573125,6.942874202297944,55612.60903755159,53
2021-09-07,134302.21856475773,-267351.98712573125,6.942874202297944,57851.28665553957,58
2021-09-08,163294.48865915288,-267351.98712573125,6.942874202297944,62027.11776663752,62
2021-09-09,144497.45793990826,-267351.98712573125,6.942874202297944,59319.73316315108,66
2021-09-10,148164.76976803865,-267351.98712573125,6.942874202297944,59847.94550306595,73
2021-09-11,130970.16509684111,-267351.98712573125,6.942874202297944,57371.36243815799,65
2021-09-12,109953.347935542,-267351.98712573125,6.942874202297944,54344.25629322121,60
2021-09-13,121881.37614379439,-267351.98712573125,6.942874202297944,56062.28082610191,50
2021-09-14,105440.13132204016,-267351.98712573125,6.942874202297944,53694.20611486596,52
2021-09-15,90781.75224095891,-267351.98712573125,6.942874202297944,51582.92213448941,40
2021-09-16,84998.31271561107,-267351.98712573125,6.942874202297944,50749.91848832891,34
2021-09-17,70328.71717862051,-267351.98712573125,6.942874202297944,48637.01897300495,35
2021-09-18,78285.10633585037,-267351.98712573125,6.942874202297944,49782.99813457416,35
2021-09-19,76463.22147579846,-267351.98712573125,6.942874202297944,49520.58737975321,37
2021-09-20,-8616.27130217565,-267351.98712573125,6.942874202297944,37266.36955886649,13
2021-09-21,-102.53408279304858,-267351.98712573125,6.942874202297944,38492.62499304456,4
2021-09-22,9714.434980906255,-268032.02137559344,6.959906312240508,39906.63722987509,0
2021-09-23,11225.509342965379,-268817.83453306154,6.97948123169477,40123.80499059331,0
2021-09-24,15341.980177685677,-269891.8107346666,7.00584679887973,40713.67803217772,2
2021-09-25,30344.257769800897,-272015.9831245863,7.055388257978264,42855.22353110431,5
2021-09-26,-20987.07615071055,-272015.9831245863,7.055388257978264,35579.743848966944,2
2021-09-27,-28483.60763125628,-272015.9831245863,7.055388257978264,34517.21813012098,0
2021-09-28,-25133.567998012993,-272015.9831245863,7.055388257978264,34992.038155717026,0
2021-09-29,-10586.13754320913,-272015.9831245863,7.055388257978264,37053.92758304281,0
2021-09-30,-15885.631312941376,-272015.9831245863,7.055388257978264,36302.800419524974,1
2021-10-01,-41241.0748932088,-272015.9831245863,7.055388257978264,32709.030289072496,0
2021-10-02,-45048.861928964325,-272015.9831245863,7.055388257978264,32169.33114048919,0
2021-10-03,-37147.37168256627,-272015.9831245863,7.055388257978264,33289.25395089768,0
2021-10-04,-34797.86880763978,-272015.9831245863,7.055388257978264,33622.26225448319,2
2021-10-05,-21468.95490033817,-272015.9831245863,7.055388257978264,35511.44445395027,0
2021-10-06,64718.55959304457,-276546.44086212025,7.150264005154015,47727.608408469394,4
2021-10-07,83298.61636706686,-282377.54809656815,7.266071547067651,50326.529555191344,13
2021-10-08,103242.72410631127,-289604.79173753737,7.402181924246259,53071.85365939936,11
2021-10-09,94608.0000837075,-296227.58354111004,7.5297106712490125,51905.79036684109,10
2021-10-10,96322.57777529676,-302970.3999839563,7.658982393358589,52133.94642420069,18
2021-10-11,98637.3264003821,-309875.2545018912,7.790596551257245,52436.62384703359,17
2021-10-12,103825.44493626611,-317143.29002867325,7.927394783149923,53103.03655618736,18
2021-10-13,118010.50094960607,-325404.31423099275,8.07781294798691,54892.92931586182,17
2021-10-14,112614.68862525647,-325404.31423099275,8.07781294798691,54224.94995571901,22
2021-10-15,81506.26373286487,-325404.31423099275,8.07781294798691,50373.8549758403,27
2021-10-16,83768.43780386628,-325404.31423099275,8.07781294798691,50653.9028162109,27
2021-10-17,94785.89302633645,-325404.31423099275,8.07781294798691,52017.81843215938,28
2021-10-18,121556.46289813472,-325404.31423099275,8.07781294798691,55331.90481224445,29
2021-10-19,186628.52935112006,-325404.31423099275,8.07781294798691,63387.55884533296,38
2021-10-20,181208.07416581915,-325404.31423099275,8.07781294798691,62716.52880041818,51
2021-10-21,185961.17566706648,-325404.31423099275,8.07781294798691,63304.9432056356,56
2021-10-22,141862.33507591434,-325404.31423099275,8.07781294798691,57845.68822225026,57
2021-10-23,137110.79179678566,-325404.31423099275,8.07781294798691,57257.46671851851,55
2021-10-24,168891.76532130828,-325404.31423099275,8.07781294798691,61191.82045128758,58
2021-10-25,162228.96281762538,-325404.31423099275,8.07781294798691,60366.99292104087,58
2021-10-26,166038.18618894368,-325404.31423099275,8.07781294798691,60838.55909815415,58
2021-10-27,144161.5524705106,-325404.31423099275,8.07781294798691,58130.32187363597,53
2021-10-28,124372.07311745378,-325404.31423099275,8.07781294798691,55680.4657701979,55
2021-10-29,124885.94740897062,-325404.31423099275,8.07781294798691,55744.08129271936,50
2021-10-30,117410.94543452875,-325404.31423099275,8.07781294798691,54818.70681047108,50
2021-10-31,112964.60024990316,-325404.31423099275,8.07781294798691,54268.26757484435,53
2021-11-01,103442.98880068929,-325404.31423099275,8.07781294798691,53089.53126211669,54
2021-11-02,116818.19163403037,-325404.31423099275,8.07781294798691,54745.32632935384,53
2021-11-03,93756.51032177312,-325404.31423099275,8.07781294798691,51890.38508959605,61
2021-11-04,96017.39427226264,-325404.31423099275,8.07781294798691,52170.27321835657,57
2021-11-05,85064.32081756857,-325404.31423099275,8.07781294798691,50814.32780030579,49
2021-11-06,76470.5750375599,-325404.31423099275,8.07781294798691,49750.45743894141,40
2021-11-07,85451.86262735561,-325404.31423099275,8.07781294798691,50862.30388149044,35
2021-11-08,112480.05391887971,-325404.31423099275,8.07781294798691,54208.28273313739,38
2021-11-09,81466.20874146424,-325404.31423099275,8.07781294798691,50368.89633274488,30
2021-11-10,63164.98589866463,-325404.31423099275,8.07781294798691,48103.28026059252,29
2021-11-11,85881.08019494178,-325404.31423099275,8.07781294798691,50915.43924998064,28
2021-11-12,94128.47602380882,-325404.31423099275,8.07781294798691,51936.43291274209,27
2021-11-13,77859.86938374804,-325404.31423099275,8.07781294798691,49922.4463615785,22
2021-11-14,83154.12428122177,-325404.31423099275,8.07781294798691,50577.85333021759,31
2021-11-15,58572.556459179206,-325404.31423099275,8.07781294798691,47534.75639540077,24
2021-11-16,42003.15442197083,-325404.31423099275,8.07781294798691,45483.53261194616,23
2021-11-17,60564.03344293864,-325404.31423099275,8.07781294798691,47781.29305038184,25
2021-11-18,81592.77652350231,-331116.0084969372,8.19111745645796,50384.91844541379,17
2021-11-19,90587.08110787749,-337457.32612060546,8.314228045835922,51483.3613979188,20
2021-11-20,115212.9898354946,-337457.32612060546,8.314228045835922,54445.26099844163,23
2021-11-21,138847.69657242298,-337457.32612060546,8.314228045835922,57287.943037788085,28
2021-11-22,128197.94400853507,-337457.32612060546,8.314228045835922,56007.03607863609,32
2021-11-23,128322.06580610032,-337457.32612060546,8.314228045835922,56021.964920722334,33
2021-11-24,128497.11359248002,-337457.32612060546,8.314228045835922,56043.01892422268,34
2021-11-25,114274.58174852817,-337457.32612060546,8.314228045835922,54332.393263542726,25
2021-11-26,88001.21447451471,-337457.32612060546,8.314228045835922,51172.34435350926,22
2021-11-27,81632.64286426123,-337457.32612060546,8.314228045835922,50406.35963729221,24
2021-11-28,111660.46413400158,-337457.32612060546,8.314228045835922,54017.97831123265,38
2021-11-29,134504.42534014978,-337457.32612060546,8.314228045835922,56765.55284012584,40
2021-11-30,141830.6669724927,-337457.32612060546,8.314228045835922,57646.722034903,43
2021-12-01,161561.9741426123,-337457.32612060546,8.314228045835922,60019.91977032016,50
2021-12-02,158755.12208549498,-337457.32612060546,8.314228045835922,59682.323538698496,50
2021-12-03,133845.97442592657,-337457.32612060546,8.314228045835922,56686.35716367901,44
2021-12-04,127740.36208031792,-337457.32612060546,8.314228045835922,55952.00006979745,40
2021-12-05,145154.65721112367,-337457.32612060546,8.314228045835922,58046.51744829628,46
2021-12-06,150852.71136975253,-337457.32612060546,8.314228045835922,58731.85517625079,46
2021-12-07,140884.2866537175,-337457.32612060546,8.314228045835922,57532.89543385744,48
2021-12-08,144764.50797687855,-337457.32612060546,8.314228045835922,57999.59195718703,38
2021-12-09,149623.7390103765,-337457.32612060546,8.314228045835922,58584.03960604984,52
2021-12-10,198297.8124474747,-337457.32612060546,8.314228045835922,64438.35021297094,61
2021-12-11,208880.93039354775,-337457.32612060546,8.314228045835922,65711.24264360056,64
2021-12-12,251434.0088994617,-337457.32612060546,8.314228045835922,70829.34600464876,65
2021-12-13,312314.65162279585,-337457.32612060546,8.314228045835922,78151.81086701508,66
2021-12-14,340489.57185268507,-337457.32612060546,8.314228045835922,81540.5704818058,66
2021-12-15,348909.03774223954,-337457.32612060546,8.314228045835922,82553.2280422117,70
2021-12-16,351121.04850529984,-337457.32612060546,8.314228045835922,82819.279292053,65
2021-12-17,318820.043244687,-337457.32612060546,8.314228045835922,78934.25171251838,71
2021-12-18,295151.40550908924,-337457.32612060546,8.314228045835922,76087.48859691537,70
2021-12-19,336087.4903107303,-337457.32612060546,8.314228045835922,81011.10683013708,73
2021-12-20,319258.9732965414,-337457.32612060546,8.314228045835922,78987.04435296974,72
2021-12-21,321203.36562116176,-337457.32612060546,8.314228045835922,79220.90759486075,68
2021-12-22,349539.5007916634,-337457.32612060546,8.314228045835922,82629.05745727563,67
2021-12-23,356787.21571271145,-337457.32612060546,8.314228045835922,83500.7817930879,64
2021-12-24,337900.28984398546,-337457.32612060546,8.314228045835922,81229.1426505718,68
2021-12-25,312539.71345296165,-337457.32612060546,8.314228045835922,78178.8803470588,70
2021-12-26,313412.9550456655,-337457.32612060546,8.314228045835922,78283.91013309424,69
2021-12-27,296382.05615435645,-337457.32612060546,8.314228045835922,76235.5060242078,76
2021-12-28,322500.820301882,-337457.32612060546,8.314228045835922,79376.95992750877,75
2021-12-29,253494.54633597727,-337457.32612060546,8.314228045835922,71077.17868678784,68
2021-12-30,292481.403659513,-337457.32612060546,8.314228045835922,75766.35212641484,69
2021-12-31,294499.1556483656,-337457.32612060546,8.314228045835922,76009.03875681864,65
2022-01-01,278646.7750545087,-337457.32612060546,8.314228045835922,74102.38181807898,62
2022-01-02,266614.4956758064,-337457.32612060546,8.314228045835922,72655.19041168876,59
2022-01-03,252854.14154857607,-337457.32612060546,8.314228045835922,71000.15352174899,63
2022-01-04,226827.8710013536,-337457.32612060546,8.314228045835922,67869.82435544023,55
2022-01-05,213623.05072187947,-337457.32612060546,8.314228045835922,66281.60471476203,54
2022-01-06,223097.82122673583,-337457.32612060546,8.314228045835922,67421.18982748956,55
2022-01-07,252899.88623723318,-337457.32612060546,8.314228045835922,71005.65549840935,52
2022-01-08,311085.20866714336,-337457.32612060546,8.314228045835922,78003.93869549481,62
2022-01-09,310677.63875501207,-337457.32612060546,8.314228045835922,77954.91791931639,59
2022-01-10,300147.1524003522,-337457.32612060546,8.314228045835922,76688.35579272978,54
2022-01-11,279033.43894859415,-337457.32612060546,8.314228045835922,74148.88810729234,45
2022-01-12,276745.5106032132,-337457.32612060546,8.314228045835922,73873.705813426,36
2022-01-13,283824.5921930501,-337457.32612060546,8.314228045835922,74725.14764913345,27
2022-01-14,242301.30702622456,-354419.01127142145,8.557347745669286,69731.9234922567,20
2022-01-15,216987.17969535012,-369608.6454872935,8.784710112234265,66774.63657744437,18
2022-01-16,216549.86931095028,-384767.66690480965,9.011780606802152,66725.7185291308,15
2022-01-17,229685.27760884387,-384767.66690480965,9.011780606802152,68183.30042898074,22
2022-01-18,253908.23239011678,-384767.66690480965,9.011780606802152,70871.22147790079,28
2022-01-19,249767.73155783652,-384767.66690480965,9.011780606802152,70411.76723540014,24
2022-01-20,236371.53687727696,-384767.66690480965,9.011780606802152,68925.24694989208,21
2022-01-21,262695.04227464786,-384767.66690480965,9.011780606802152,71846.25740785882,27
2022-01-22,239509.1821825134,-384767.66690480965,9.011780606802152,69273.41846472769,21
2022-01-23,240597.91066514328,-384767.66690480965,9.011780606802152,69394.23015890144,21
2022-01-24,231200.7994216216,-384767.66690480965,9.011780606802152,68351.47161277919,23
2022-01-25,258875.61037963186,-384767.66690480965,9.011780606802152,71422.43085662952,22
2022-01-26,250197.80082614708,-384767.66690480965,9.011780606802152,70459.49024232576,30
2022-01-27,259722.51238109195,-384767.66690480965,9.011780606802152,71516.40806695141,26
2022-01-28,288334.1978418577,-384767.66690480965,9.011780606802152,74691.32839725433,41
2022-01-29,278798.055028575,-384767.66690480965,9.011780606802152,73633.14209319753,38
2022-01-30,394899.9043002381,-384767.66690480965,9.011780606802152,86516.48383634079,46
2022-01-31,344431.33023011975,-384767.66690480965,9.011780606802152,80916.1950285968,39
2022-02-01,349064.6979231789,-384767.66690480965,9.011780606802152,81430.34066698063,38
2022-02-02,288183.69497590617,-384767.66690480965,9.011780606802152,74674.6277170538,48
2022-02-03,247254.56199659314,-384767.66690480965,9.011780606802152,70132.89120957386,36
2022-02-04,247738.44468234456,-384767.66690480965,9.011780606802152,70186.58566873393,34
2022-02-05,231646.48764925264,-384767.66690480965,9.011780606802152,68400.92779098381,39
2022-02-06,227730.31007358863,-384767.66690480965,9.011780606802152,67966.36577194087,32
2022-02-07,241846.41552360635,-384767.66690480965,9.011780606802152,69532.77157629021,24
2022-02-08,223945.60017391643,-400444.4076029082,9.243750073382284,67547.26196836265,20
2022-02-09,210418.49934966472,-415174.21810075216,9.466531593119738,66084.68067703876,17
2022-02-10,195292.5533886124,-428845.17532145773,9.678419279478904,64487.56875344569,20
2022-02-11,245879.29452527798,-428845.17532145773,9.678419279478904,69714.32528009507,29
2022-02-12,237286.37285356532,-428845.17532145773,9.678419279478904,68826.48177759956,23
2022-02-13,244223.47914948646,-428845.17532145773,9.678419279478904,69543.24203519967,36
2022-02-14,252275.54385538405,-428845.17532145773,9.678419279478904,70375.20275867962,41
2022-02-15,312951.3977886142,-428845.17532145773,9.678419279478904,76644.39323091725,46
2022-02-16,271711.3988400967,-428845.17532145773,9.678419279478904,72383.36694577186,47
2022-02-17,276743.0547821575,-428845.17532145773,9.678419279478904,72903.2510091467,37
2022-02-18,241221.2322083867,-428845.17532145773,9.678419279478904,69233.04190288411,36
2022-02-19,284098.9243856883,-428845.17532145773,9.678419279478904,73663.27900453717,44
2022-02-20,284933.1265895295,-428845.17532145773,9.678419279478904,73749.47099309979,42
2022-02-21,310158.2711394956,-428845.17532145773,9.678419279478904,76355.7999628987,45
2022-02-22,312765.7574245738,-428845.17532145773,9.678419279478904,76625.21237517214,45
2022-02-23,315767.72520457517,-428845.17532145773,9.678419279478904,76935.38366382115,45
2022-02-24,345689.52989857696,-428845.17532145773,9.678419279478904,80026.98404090389,42
2022-02-25,354499.0050458542,-428845.17532145773,9.678419279478904,80937.20242397765,47
2022-02-26,372855.4371680455,-428845.17532145773,9.678419279478904,82833.83777238752,52
2022-02-27,374922.36248012824,-428845.17532145773,9.678419279478904,83047.39798841011,45
2022-02-28,366560.63447700633,-428845.17532145773,9.678419279478904,82183.44203014209,43
2022-03-01,386271.73329968314,-428845.17532145773,9.678419279478904,84220.0451420232,30
2022-03-02,366832.9775590583,-428845.17532145773,9.678419279478904,82211.58124112144,36
2022-03-03,346238.6140143964,-428845.17532145773,9.678419279478904,80083.71687092124,35
2022-03-04,288574.66559363395,-428845.17532145773,9.678419279478904,74125.7244802602,39
2022-03-05,296218.46846756135,-428845.17532145773,9.678419279478904,74915.50250632015,46
2022-03-06,238430.6147458023,-428845.17532145773,9.678419279478904,68944.70789068635,41
2022-03-07,226833.2947054805,-428845.17532145773,9.678419279478904,67746.44196466767,38
2022-03-08,173989.42770414875,-428845.17532145773,9.678419279478904,62286.473195451785,29
2022-03-09,150201.02551806072,-428845.17532145773,9.678419279478904,59828.59226477889,25
2022-03-10,154592.03909825505,-428845.17532145773,9.678419279478904,60282.2834568421,32
2022-03-11,162034.6215707169,-428845.17532145773,9.678419279478904,61051.27085628679,33
2022-03-12,171984.41461720743,-428845.17532145773,9.678419279478904,62079.309915060265,33
2022-03-13,178342.43579882028,-428845.17532145773,9.678419279478904,62736.23755975259,30
2022-03-14,175404.3893904811,-428845.17532145773,9.678419279478904,62432.67079709242,29
2022-03-15,177659.47260691779,-428845.17532145773,9.678419279478904,62665.67198781559,33
2022-03-16,136424.37753439747,-428845.17532145773,9.678419279478904,58405.152384170106,28
2022-03-17,127784.22381075687,-428845.17532145773,9.678419279478904,57512.42874055195,21
2022-03-18,129111.23935301125,-437883.2784097766,9.835116296455448,57650.00643328756,20
2022-03-19,116638.2162555625,-437883.2784097766,9.835116296455448,56381.79335664667,22
2022-03-20,121078.04469331075,-446359.0381899007,9.984174501312022,56833.65037426423,20
2022-03-21,160125.5006362833,-457568.2155556483,10.16861018729785,60745.14656521357,20
2022-03-22,151391.58299404895,-457568.2155556483,10.16861018729785,59886.23689305951,23
2022-03-23,143161.0667242451,-457568.2155556483,10.16861018729785,59076.83264624464,22
2022-03-24,110972.90844319854,-465336.5910398142,10.307480609444074,55911.77139396972,11
2022-03-25,125185.08367177058,-474099.8536110281,10.4603646261255,57291.0179236049,13
2022-03-26,103111.52938340692,-481317.9132999557,10.591105832632532,55181.15406633572,7
2022-03-27,159306.18069882336,-492469.73626267706,10.775379349300731,60487.51471601763,12
2022-03-28,157357.470784018,-503485.1447568556,10.95794303825743,60307.17747242124,10
2022-03-29,94058.60436785518,-510069.477514252,11.07862754164484,54530.94975990253,7
2022-03-30,79133.27495864162,-515609.0006446665,11.182733199261232,53183.98150128438,14
2022-03-31,33214.21451829071,-517934.0770386206,11.230084792380788,49077.83883616317,5
2022-04-01,66156.92447917681,-522565.2238423011,11.319081131980294,52011.478799116965,6
2022-04-02,64334.0683213243,-527068.7662487781,11.405893774451284,51850.634966881735,9
2022-04-03,56080.32373560476,-530994.5263118726,11.482639608386894,51127.16849692638,3
2022-04-04,39042.23427696072,-533727.5783680818,11.537665682915053,49643.47454556589,8
2022-04-05,42985.64832872618,-536736.6790696172,11.597835186174574,49985.39107448368,14
2022-04-06,39938.07867982774,-539532.4424289227,11.654034128931228,49722.74104382538,6
2022-04-07,43391.28327324521,-542569.9385704149,11.714730392293376,50019.18116947354,16
2022-04-08,32598.337181267445,-544851.9020418251,11.76118491466865,49097.964483399264,18
2022-04-09,8354.577864602674,-545436.7429617795,11.773612425209109,47036.65288324169,10
2022-04-10,33576.611387357,-547787.1880244716,11.821382198103665,49179.0037467098,11
2022-04-11,52126.83582056023,-551436.1942471287,11.893250159537592,50748.36751698792,20
2022-04-12,-5519.16400085506,-551436.1942471287,11.893250159537592,45901.41659540262,8
2022-04-13,-15635.698477267288,-551436.1942471287,11.893250159537592,45050.80516953435,6
2022-04-14,-32266.002460175077,-551436.1942471287,11.893250159537592,43652.50749986233,5
2022-04-15,-38628.01861701126,-551436.1942471287,11.893250159537592,43117.58087581127,8
2022-04-16,-27987.220289019053,-551436.1942471287,11.893250159537592,44012.273090744544,11
2022-04-17,-28068.84260907519,-551436.1942471287,11.893250159537592,44005.41017951664,15
2022-04-18,-48906.09786267072,-551436.1942471287,11.893250159537592,42253.38655484871,9
2022-04-19,-61207.77207756572,-551436.1942471287,11.893250159537592,41219.04572707844,10
2022-04-20,-31351.847573733306,-551436.1942471287,11.893250159537592,43729.37083613956,8
2022-04-21,-59063.10706690961,-551436.1942471287,11.893250159537592,41399.3719610252,9
2022-04-22,-86112.76937042334,-551436.1942471287,11.893250159537592,39125.0010413299,3
2022-04-23,-69715.87208686204,-551436.1942471287,11.893250159537592,40503.67357100944,4
2022-04-24,-92159.41100470297,-551436.1942471287,11.893250159537592,38616.59151885546,8
2022-04-25,-84007.7471148803,-551436.1942471287,11.893250159537592,39301.994060673314,4
2022-04-26,-90273.42090213491,-551436.1942471287,11.893250159537592,38775.16802883121,8
2022-04-27,-78602.48930165445,-551436.1942471287,11.893250159537592,39756.47519414978,9
2022-04-28,-51597.246211653925,-551436.1942471287,11.893250159537592,42027.1112883838,17
2022-04-29,-50898.05070419982,-551436.1942471287,11.893250159537592,42085.90055944722,18
2022-04-30,198297.73615202063,-551436.1942471287,11.893250159537592,63038.607642328345,41
2022-05-01,186608.469488975,-551436.1942471287,11.893250159537592,62055.75884101296,43
2022-05-02,196650.75362069183,-551436.1942471287,11.893250159537592,62900.127200965726,48
2022-05-03,190107.4912847114,-551436.1942471287,11.893250159537592,62349.96116155612,53
2022-05-04,236002.98969256098,-551436.1942471287,11.893250159537592,66208.9145840606,54
2022-05-05,210247.19881949364,-551436.1942471287,11.893250159537592,64043.334063380746,49
2022-05-06,276526.9742322746,-551436.1942471287,11.893250159537592,69616.22410804435,53
2022-05-07,267962.20596853946,-551436.1942471287,11.893250159537592,68896.08721116198,54
2022-05-08,247372.4086460562,-551436.1942471287,11.893250159537592,67164.87017239722,51
2022-05-09,284626.98842275725,-551436.1942471287,11.893250159537592,70297.28387571324,49
2022-05-10,247937.5615810688,-551436.1942471287,11.893250159537592,67212.38896897776,48
2022-05-11,267187.2427876247,-551436.1942471287,11.893250159537592,68830.92729519962,53
2022-05-12,239629.72335269104,-551436.1942471287,11.893250159537592,66513.85508488928,62
2022-05-13,529771.6921852024,-551436.1942471287,11.893250159537592,90909.37060339848,59
2022-05-14,552212.5527436254,-551436.1942471287,11.893250159537592,92796.22745559602,53
2022-05-15,596247.5689774905,-551436.1942471287,11.893250159537592,96498.74910806055,52
2022-05-16,621037.7678513038,-551436.1942471287,11.893250159537592,98583.141392867,53
2022-05-17,665105.1758778996,-551436.1942471287,11.893250159537592,102288.38658955166,47
2022-05-18,689451.0051073765,-551436.1942471287,11.893250159537592,104335.41569453968,49
2022-05-19,639166.9598817066,-551436.1942471287,11.893250159537592,100107.4675263642,57
2022-05-20,548660.3739308903,-551436.1942471287,11.893250159537592,92497.55562366734,51
2022-05-21,510876.6911261515,-551436.1942471287,11.893250159537592,89320.65424701222,56
2022-05-22,554583.1488752919,-551436.1942471287,11.893250159537592,92995.55027314942,49
2022-05-23,426743.8507760019,-551436.1942471287,11.893250159537592,82246.65519531645,50
2022-05-24,393692.6385868911,-551436.1942471287,11.893250159537592,79467.66612624301,57
2022-05-25,444445.7423818137,-551436.1942471287,11.893250159537592,83735.05335127519,53
2022-05-26,425732.34212105884,-551436.1942471287,11.893250159537592,82161.6062270887,52
2022-05-27,422857.76430145605,-551436.1942471287,11.893250159537592,81919.90797126772,60
2022-05-28,458211.0083280072,-551436.1942471287,11.893250159537592,84892.45488252564,53
2022-05-29,527696.3413835515,-551436.1942471287,11.893250159537592,90734.87239863428,54
2022-05-30,502064.67742088763,-551436.1942471287,11.893250159537592,88579.72863062828,53
2022-05-31,619248.0388826823,-551436.1942471287,11.893250159537592,98432.65864470197,53
2022-06-01,597501.408885156,-551436.1942471287,11.893250159537592,96604.17360437958,53
2022-06-02,602372.7798569291,-551436.1942471287,11.893250159537592,97013.76483523977,54
2022-06-03,673920.378610384,-551436.1942471287,11.893250159537592,103029.58034350758,58
2022-06-04,646261.6397418713,-551436.1942471287,11.893250159537592,100703.99747108038,59
2022-06-05,604132.5147567843,-551436.1942471287,11.893250159537592,97161.7256429458,54
2022-06-06,497849.5698213363,-551436.1942471287,11.893250159537592,88225.31688085345,44
2022-06-07,575449.6618602541,-551436.1942471287,11.893250159537592,94750.0339260665,50
2022-06-08,837440.2723054916,-551436.1942471287,11.893250159537592,116778.54647989845,56
2022-06-09,782580.9954133222,-551436.1942471287,11.893250159537592,112165.90686025874,54
2022-06-10,841732.672508012,-551436.1942471287,11.893250159537592,117139.45709263606,53
2022-06-11,806729.3876935209,-551436.1942471287,11.893250159537592,114196.33520879837,55
2022-06-12,810137.605741827,-551436.1942471287,11.893250159537592,114482.9026317137,53
2022-06-13,861365.8363305812,-551436.1942471287,11.893250159537592,118790.2391378472,62
2022-06-14,739490.6042399765,-551436.1942471287,11.893250159537592,108542.81051608657,54
2022-06-15,720328.7695006789,-551436.1942471287,11.893250159537592,106931.65843551495,43
2022-06-16,673747.0584741489,-551436.1942471287,11.893250159537592,103015.00736018425,33
2022-06-17,670356.1945725561,-551436.1942471287,11.893250159537592,102729.89909658032,30
2022-06-18,659561.7397884338,-551436.1942471287,11.893250159537592,101822.2872462178,34
2022-06-19,619449.3636814547,-551436.1942471287,11.893250159537592,98449.5862966114,35
2022-06-20,608256.9469528818,-551436.1942471287,11.893250159537592,97508.51328642188,42
2022-06-21,686455.306885663,-551436.1942471287,11.893250159537592,104083.53347718708,42
2022-06-22,725443.5495505005,-551436.1942471287,11.893250159537592,107361.71581942694,53
2022-06-23,597758.4973187144,-551436.1942471287,11.893250159537592,96625.789935501,55
2022-06-24,622916.2366227272,-551436.1942471287,11.893250159537592,98741.08549950104,47
2022-06-25,724682.1759058277,-551436.1942471287,11.893250159537592,107297.69852941288,56
2022-06-26,869802.3335181526,-551436.1942471287,11.893250159537592,119499.59083518838,55
2022-06-27,920536.8597115173,-551436.1942471287,11.893250159537592,123765.4160312286,51
2022-06-28,953766.1836291696,-551436.1942471287,11.893250159537592,126559.38096696188,57
2022-06-29,959171.7453645009,-551436.1942471287,11.893250159537592,127013.88765460574,56
2022-06-30,1019913.0316993049,-551436.1942471287,11.893250159537592,132121.09430711978,58
2022-07-01,1027755.5984879793,-551436.1942471287,11.893250159537592,132780.50756114817,60
2022-07-02,1015170.2995354617,-551436.1942471287,11.893250159537592,131722.31919516774,57
2022-07-03,1046518.8205209824,-551436.1942471287,11.893250159537592,134358.14376498738,57
2022-07-04,1064475.6795927924,-551436.1942471287,11.893250159537592,135867.9799183462,61
2022-07-05,1074368.3820323958,-551436.1942471287,11.893250159537592,136699.7712543478,65
2022-07-06,1083803.126780854,-551436.1942471287,11.893250159537592,137493.0569098162,71
2022-07-07,1098870.0884574587,-551436.1942471287,11.893250159537592,138759.9067174377,64
2022-07-08,1133768.6394045132,-551436.1942471287,11.893250159537592,141694.2224409717,60
2022-07-09,1232897.2867754803,-551436.1942471287,11.893250159537592,150029.08852393832,58
2022-07-10,1198175.9947775682,-551436.1942471287,11.893250159537592,147109.67696425898,59
2022-07-11,1101247.524979411,-551436.1942471287,11.893250159537592,138959.80468393644,57
2022-07-12,1133239.3186608935,-551436.1942471287,11.893250159537592,141649.71646182225,62
2022-07-13,1103333.6640566515,-551436.1942471287,11.893250159537592,139135.20998099627,64
2022-07-14,1197575.5669645641,-551436.1942471287,11.893250159537592,147059.19220988572,69
2022-07-15,1189510.1690008685,-551436.1942471287,11.893250159537592,146381.0430197564,61
2022-07-16,1185560.9070072107,-551436.1942471287,11.893250159537592,146048.9839155854,64
2022-07-17,1082602.2318657995,-551436.1942471287,11.893250159537592,137392.08409759536,60
2022-07-18,912577.7318343814,-551436.1942471287,11.893250159537592,123096.20216871236,54
2022-07-19,825920.7276777185,-551436.1942471287,11.893250159537592,115809.96812888014,54
2022-07-20,828194.4793639195,-551436.1942471287,11.893250159537592,116001.1481390288,55
2022-07-21,829000.9108284416,-551436.1942471287,11.893250159537592,116068.95394935858,53
2022-07-22,750243.375421935,-551436.1942471287,11.893250159537592,109446.9175547614,36
2022-07-23,707866.0489945202,-551436.1942471287,11.893250159537592,105883.77662533,41
2022-07-24,729220.2424375946,-551436.1942471287,11.893250159537592,107679.26508782987,44
2022-07-25,726595.4475814167,-551436.1942471287,11.893250159537592,107458.56890966422,41
2022-07-26,798572.2502227486,-551436.1942471287,11.893250159537592,113510.47244114854,36
2022-07-27,776327.6169133629,-551436.1942471287,11.893250159537592,111640.11463222386,34
2022-07-28,848109.9927533874,-551436.1942471287,11.893250159537592,117675.6705044309,30
2022-07-29,855940.8437974995,-551436.1942471287,11.893250159537592,118334.09868336166,28
2022-07-30,845015.1121550391,-551436.1942471287,11.893250159537592,117415.4489033687,27
2022-07-31,761635.2160893797,-551436.1942471287,11.893250159537592,110404.75839007834,23
2022-08-01,790515.5793287286,-551436.1942471287,11.893250159537592,112833.0570344307,25
2022-08-02,827737.2337678315,-551436.1942471287,11.893250159537592,115962.7023323776,25
2022-08-03,796564.2134330373,-551436.1942471287,11.893250159537592,113341.63408638636,25
2022-08-04,767955.7521581533,-605194.9784556467,12.377589910521413,110938.45736855207,18
2022-08-05,771387.20452658,-659193.9727373071,12.862871591479253,111217.86974936035,18
2022-08-06,719611.073446452,-659193.9727373071,12.862871591479253,107192.63085057308,21
2022-08-07,597707.0274703958,-659193.9727373071,12.862871591479253,97715.42779299074,21
2022-08-08,654242.7242596793,-704992.5663862623,13.311158603979445,102112.47052826722,12
2022-08-09,743528.2885205813,-757041.3682907696,13.789212474559227,108821.99832513036,11
2022-08-10,835953.1038725901,-815560.1337186409,14.295497604163629,115526.81014127276,18
2022-08-11,864414.1768770444,-876071.2439888935,14.810141392102066,117519.83825043708,15
2022-08-12,832877.5661576507,-934374.7142413878,15.315151354793658,115392.413660077,16
2022-08-13,782252.543104115,-989134.308844487,15.803445351499379,112088.6498196761,15
2022-08-14,783535.0006566404,-1043983.6786183938,16.29217847576671,112171.53568464276,10
2022-08-15,842258.6479665716,-1102943.8475819675,16.80117685952207,115777.75246417309,17
2022-08-16,864927.619719608,-1102943.8475819675,16.80117685952207,117127.0015044383,23
2022-08-17,720824.3905082124,-1102943.8475819675,16.80117685952207,108550.02916397246,22
2022-08-18,671153.9721195281,-1102943.8475819675,16.80117685952207,105593.66373766998,26
2022-08-19,674733.2913760168,-1102943.8475819675,16.80117685952207,105806.703531633,28
2022-08-20,539733.4803640659,-1102943.8475819675,16.80117685952207,97771.563366113,27
2022-08-21,534524.9330197861,-1102943.8475819675,16.80117685952207,97461.55250271756,26
2022-08-22,500904.2435021354,-1102943.8475819675,16.80117685952207,95460.46116258348,27
2022-08-23,504965.75158713525,-1102943.8475819675,16.80117685952207,95702.20066208158,24
2022-08-24,481794.1036357137,-1102943.8475819675,16.80117685952207,94323.0325153997,28
2022-08-25,459578.9136920504,-1102943.8475819675,16.80117685952207,93000.79240511404,24
2022-08-26,413774.06423196616,-1131909.0458601448,17.121870276584268,90275.36624932702,20
2022-08-27,377164.77654495696,-1158311.5043043373,17.42127874783465,88137.97787605827,14
2022-08-28,357228.9931018185,-1183318.409063131,17.70858934142499,86994.36033344617,15
2022-08-29,320491.71925644367,-1205753.6146432774,17.972648097848943,84920.44831626063,16
2022-08-30,325437.10126852826,-1228535.0090808796,18.239913446196006,85196.2436627403,17
2022-08-31,278952.0370135009,-1248062.3351282363,18.476065619962963,82648.24360072815,18
2022-09-01,174738.5516421527,-1260294.4618676228,18.634828245582995,77008.11591058913,9
2022-09-02,55008.4049292109,-1264145.1849879767,18.689356812356795,70583.14543200364,9
2022-09-03,11781.329204005655,-1264969.906897524,18.70143102676271,68270.24275706137,11
2022-09-04,-49798.604018127546,-1264969.906897524,18.70143102676271,64977.45018231085,8
2022-09-05,-43003.325140555855,-1264969.906897524,18.70143102676271,65340.806273502334,8
2022-09-06,-33244.47159261699,-1264969.906897524,18.70143102676271,65862.63016676341,10
2022-09-07,-132227.99254658935,-1264969.906897524,18.70143102676271,60569.79878865541,5
2022-09-08,-138952.87392651103,-1264969.906897524,18.70143102676271,60210.20698146706,15
2022-09-09,-227232.90677227452,-1264969.906897524,18.70143102676271,55489.71084834066,20
2022-09-10,-231993.14982309623,-1264969.906897524,18.70143102676271,55235.17187514607,18
2022-09-11,-189594.35382274096,-1264969.906897524,18.70143102676271,57502.31367513349,9
2022-09-12,-216974.07186901593,-1264969.906897524,18.70143102676271,56038.26966657108,10
2022-09-13,-306696.50971842976,-1264969.906897524,18.70143102676271,51240.64547829285,9
2022-09-14,-329027.53300578124,-1264969.906897524,18.70143102676271,50046.56448762456,12
2022-09-15,-331078.5905748964,-1264969.906897524,18.70143102676271,49936.8906575214,11
2022-09-16,-360835.46234304167,-1264969.906897524,18.70143102676271,48345.735856289255,13
2022-09-17,-380919.52695942426,-1264969.906897524,18.70143102676271,47271.80388885632,10
2022-09-18,-382271.47238977917,-1264969.906897524,18.70143102676271,47199.51287388425,12
2022-09-19,-297384.69558655226,-1264969.906897524,18.70143102676271,51738.56534969476,4
2022-09-20,-243311.04640893755,-1264969.906897524,18.70143102676271,54629.98307597638,1
2022-09-21,-168259.71973074693,-1264969.906897524,18.70143102676271,58643.11589831432,5
2022-09-22,-125468.67343309731,-1264969.906897524,18.70143102676271,60931.23204495644,2
2022-09-23,-161914.89334889734,-1264969.906897524,18.70143102676271,58982.38546398392,6
2022-09-24,-177944.9625042947,-1264969.906897524,18.70143102676271,58125.2281088886,11
2022-09-25,-179573.0611269977,-1264969.906897524,18.70143102676271,58038.17067353121,4
2022-09-26,-151481.5730012774,-1264969.906897524,18.70143102676271,59540.27434065272,5
2022-09-27,-137327.44469386595,-1264969.906897524,18.70143102676271,60297.12167961605,0
2022-09-28,-180259.2676893531,-1264969.906897524,18.70143102676271,58001.47794336669,3
2022-09-29,-206493.69208186795,-1264969.906897524,18.70143102676271,56598.67489824292,7
2022-09-30,-184265.01886922447,-1264969.906897524,18.70143102676271,57787.28304169639,10
2022-10-01,-153668.34437828348,-1264969.906897524,18.70143102676271,59423.34364300308,12
2022-10-02,-161818.07316458947,-1264969.906897524,18.70143102676271,58987.56261776264,16
2022-10-03,-156861.1800688894,-1264969.906897524,18.70143102676271,59252.61683145392,17
2022-10-04,-113725.23296990199,-1264969.906897524,18.70143102676271,61559.17545989565,27
2022-10-05,-85620.11952857906,-1264969.906897524,18.70143102676271,63062.00769776574,27
2022-10-06,-65962.84555654041,-1264969.906897524,18.70143102676271,64113.11838249933,24
2022-10-07,31624.15280221426,-1264969.906897524,18.70143102676271,69331.27512243557,52
2022-10-08,79109.44341554446,-1264969.906897524,18.70143102676271,71870.40116821123,46
2022-10-09,92673.71173444018,-1264969.906897524,18.70143102676271,72595.70760596375,60
2022-10-10,41821.3028528213,-1264969.906897524,18.70143102676271,69876.53553785589,64
2022-10-11,24183.591712657828,-1264969.906897524,18.70143102676271,68933.41460155304,61
2022-10-12,80835.86439349107,-1264969.906897524,18.70143102676271,71962.71608119708,68
2022-10-13,67076.73313022428,-1264969.906897524,18.70143102676271,71226.9899625072,74
2022-10-14,79772.04006902175,-1264969.906897524,18.70143102676271,71905.83143301445,72
2022-10-15,6362.457518051611,-1264969.906897524,18.70143102676271,67980.48569632097,71
2022-10-16,-61471.23414836824,-1264969.906897524,18.70143102676271,64353.29312643975,69
2022-10-17,14660.165824977448,-1264969.906897524,18.70143102676271,68424.17945938389,67
2022-10-18,41988.80703900801,-1264969.906897524,18.70143102676271,69885.49229554716,70
2022-10-19,17363.698442485882,-1264969.906897524,18.70143102676271,68568.7423334035,74
2022-10-20,53624.86404247396,-1264969.906897524,18.70143102676271,70507.69371889354,69
2022-10-21,45975.55370170134,-1264969.906897524,18.70143102676271,70098.6709906421,57
2022-10-22,82631.66741583147,-1264969.906897524,18.70143102676271,72058.74098002812,57
2022-10-23,-31641.00268923631,-1264969.906897524,18.70143102676271,65948.37060561465,53
2022-10-24,22952.23381756083,-1264969.906897524,18.70143102676271,68867.5716244389,52
2022-10-25,39023.71057094424,-1264969.906897524,18.70143102676271,69726.94312014873,57
2022-10-26,32527.305605828762,-1264969.906897524,18.70143102676271,69379.56836814078,55
2022-10-27,-17899.9453584156,-1264969.906897524,18.70143102676271,66683.13027781068,48
2022-10-28,-61993.28049587365,-1264969.906897524,18.70143102676271,64325.37834565328,50
2022-10-29,-60833.79977560416,-1264969.906897524,18.70143102676271,64387.37791769726,51
2022-10-30,-102614.43354618573,-1264969.906897524,18.70143102676271,62153.29039194636,49
2022-10-31,-100602.05878481921,-1264969.906897524,18.70143102676271,62260.89578099315,46
2022-11-01,-69696.3020605687,-1264969.906897524,18.70143102676271,63913.483579222215,49
2022-11-02,-25619.065911758225,-1264969.906897524,18.70143102676271,66270.37466877219,49
2022-11-03,-3369.6089004853275,-1264969.906897524,18.70143102676271,67460.09416026098,47
2022-11-04,-68221.93462253734,-1264969.906897524,18.70143102676271,63992.32072467495,41
2022-11-05,-100537.51940658526,-1264969.906897524,18.70143102676271,62264.34682054951,39
2022-11-06,-82771.68230405543,-1264969.906897524,18.70143102676271,63214.31888830764,37
2022-11-07,-34529.816805067705,-1264969.906897524,18.70143102676271,65793.90038824479,32
2022-11-08,38597.03425798798,-1264969.906897524,18.70143102676271,69704.1279509595,30
2022-11-09,74215.19033769169,-1264969.906897524,18.70143102676271,71608.69643177428,42
2022-11-10,12882.383811848704,-1264969.906897524,18.70143102676271,68329.11817714378,38
2022-11-11,66631.09160264954,-1264969.906897524,18.70143102676271,71203.16068832294,35
2022-11-12,75119.77337546158,-1264969.906897524,18.70143102676271,71657.06615473694,35
2022-11-13,73624.36973068211,-1264969.906897524,18.70143102676271,71577.10416452136,41
2022-11-14,169597.3010435335,-1264969.906897524,18.70143102676271,76708.9537633841,46
2022-11-15,121485.31821522815,-1264969.906897524,18.70143102676271,74136.31732933503,55
2022-11-16,130376.35260579549,-1264969.906897524,18.70143102676271,74611.73733210615,53
2022-11-17,55150.50575309433,-1264969.906897524,18.70143102676271,70589.27259424469,49
2022-11-18,127115.54957587575,-1264969.906897524,18.70143102676271,74437.37618160096,47
2022-11-19,115832.44925846998,-1264969.906897524,18.70143102676271,73834.0480030643,45
2022-11-20,142937.9028322592,-1264969.906897524,18.70143102676271,75283.42658457498,43
2022-11-21,151316.66796725523,-1264969.906897524,18.70143102676271,75731.45460569303,45
2022-11-22,94800.99611211265,-1264969.906897524,18.70143102676271,72709.45742407277,47
2022-11-23,22069.941606346285,-1264969.906897524,18.70143102676271,68820.39383307353,47
2022-11-24,5625.7699636037,-1264969.906897524,18.70143102676271,67941.0936544289,42
2022-11-25,-331892.58911235665,-1264969.906897524,18.70143102676271,49893.36465481629,17
2022-11-26,-393834.10036227154,-1264969.906897524,18.70143102676271,46581.23783621757,7
2022-11-27,-302794.8326397962,-1264969.906897524,18.70143102676271,51449.2753458709,15
2022-11-28,-8321.68015972618,-1264969.906897524,18.70143102676271,67195.29777905603,24
2022-11-29,-8973.60766055598,-1264969.906897524,18.70143102676271,67160.4380135174,30
2022-11-30,-83211.18251889967,-1264969.906897524,18.70143102676271,63190.818001438856,27
2022-12-01,-46611.17480940465,-1264969.906897524,18.70143102676271,65147.88789930489,21
2022-12-02,-92286.85464239377,-1264969.906897524,18.70143102676271,62705.52507864026,18
2022-12-03,-84007.71265538433,-1264969.906897524,18.70143102676271,63148.22606634338,20
2022-12-04,-32893.9057143149,-1264969.906897524,18.70143102676271,65881.37557067398,29
2022-12-05,-7744.605805745814,-1264969.906897524,18.70143102676271,67226.15500881318,26
2022-12-06,17297.50811602804,-1264969.906897524,18.70143102676271,68565.20301460147,28
2022-12-07,59183.2270023399,-1264969.906897524,18.70143102676271,70804.90963525372,32
2022-12-08,78500.84587440058,-1264969.906897524,18.70143102676271,71837.8583355118,23
2022-12-09,23523.643363095354,-1264969.906897524,18.70143102676271,68898.12594644328,27
2022-12-10,30756.849705564324,-1264969.906897524,18.70143102676271,69284.89882666394,26
2022-12-11,-7706.498578851344,-1264969.906897524,18.70143102676271,67228.19267249998,19
2022-12-12,37592.30150927254,-1267601.4601075354,18.739194408764135,69650.47339529077,13
2022-12-13,47148.9203702223,-1270902.000052349,18.786213567893903,70160.54170038567,15
2022-12-14,2792.25898749521,-1271097.4650227476,18.789095115288767,67799.41855601515,10
2022-12-15,31540.211771157337,-1273305.3571229521,18.820925545290358,69329.51122696656,11
2022-12-16,-27163.486407439457,-1273305.3571229521,18.820925545290358,66210.44579964029,11
2022-12-17,3130.8219912941568,-1273305.3571229521,18.820925545290358,67820.05359102302,22
2022-12-18,78376.14469616744,-1278791.8792799592,18.897281983328877,71818.16015517025,20
2022-12-19,-1233.0544725372456,-1278791.8792799592,18.897281983328877,67605.42738021692,19
2022-12-20,-29284.236458701547,-1278791.8792799592,18.897281983328877,66121.02438454215,14
2022-12-21,-9966.280793768587,-1278791.8792799592,18.897281983328877,67143.28545266693,12
2022-12-22,12267.106365561485,-1279650.606781011,18.90984492329724,68319.84706309826,9
2022-12-23,89529.90943708853,-1279650.606781011,18.90984492329724,72405.697760707,21
2022-12-24,111224.13701590593,-1279650.606781011,18.90984492329724,73552.94289501742,32
2022-12-25,123214.04707927187,-1279650.606781011,18.90984492329724,74186.9993937354,53
2022-12-26,195829.92446986004,-1279650.606781011,18.90984492329724,78027.10901309692,61
2022-12-27,190067.6388462491,-1279650.606781011,18.90984492329724,77722.38490525869,60
2022-12-28,112867.41109029995,-1279650.606781011,18.90984492329724,73639.84334719244,58
2022-12-29,192142.4929104955,-1279650.606781011,18.90984492329724,77832.10838911921,53
2022-12-30,162141.18215515,-1279650.606781011,18.90984492329724,76245.56387344297,63
2022-12-31,181449.8467811211,-1279650.606781011,18.90984492329724,77266.65445902375,53
2023-01-01,308195.4384430018,-1279650.606781011,18.90984492329724,83969.27905356645,64
2023-01-02,241430.09150646604,-1279650.606781011,18.90984492329724,80438.56014987626,68
2023-01-03,388287.288206849,-1279650.606781011,18.90984492329724,88204.73683170893,69
2023-01-04,375840.20619904925,-1279650.606781011,18.90984492329724,87546.50393459697,62
2023-01-05,429709.83281741943,-1279650.606781011,18.90984492329724,90395.26482274164,68
2023-01-06,507845.7617247598,-1279650.606781011,18.90984492329724,94527.28860317337,65
2023-01-07,541249.0645160065,-1279650.606781011,18.90984492329724,96293.73898532818,65
2023-01-08,521383.2329028207,-1279650.606781011,18.90984492329724,95243.18401283812,65
2023-01-09,546906.894241126,-1279650.606781011,18.90984492329724,96592.93920341929,62
2023-01-10,566557.0094721306,-1279650.606781011,18.90984492329724,97632.08655289306,70
2023-01-11,1238867.9435168607,-1279650.606781011,18.90984492329724,133185.57399669712,68
2023-01-12,1178413.8912243326,-1279650.606781011,18.90984492329724,129988.61217401989,60
2023-01-13,1244583.772618882,-1279650.606781011,18.90984492329724,133487.8413672232,56
2023-01-14,1201508.2104639062,-1279650.606781011,18.90984492329724,131209.89766489776,59
2023-01-15,1087855.1657257783,-1279650.606781011,18.90984492329724,125199.63977018042,60
2023-01-16,1106515.524829119,-1279650.606781011,18.90984492329724,126186.44633464624,55
2023-01-17,1203933.1716140392,-1279650.606781011,18.90984492329724,131338.1356890576,48
2023-01-18,1183154.325122953,-1279650.606781011,18.90984492329724,130239.29820121094,54
2023-01-19,1091843.274366275,-1279650.606781011,18.90984492329724,125410.54095190206,59
2023-01-20,1190434.1278159013,-1279650.606781011,18.90984492329724,130624.27241556738,61
2023-01-21,1499118.0410645213,-1279650.606781011,18.90984492329724,146948.251512208,59
2023-01-22,1667662.4547051028,-1279650.606781011,18.90984492329724,155861.30258820768,55
2023-01-23,1657979.8007161012,-1279650.606781011,18.90984492329724,155349.25957419688,60
2023-01-24,1477419.1184239648,-1279650.606781011,18.90984492329724,145800.7580912639,61
2023-01-25,1497267.6899161055,-1279650.606781011,18.90984492329724,146850.40030528794,55
2023-01-26,1596669.9596548285,-1279650.606781011,18.90984492329724,152107.0414962613,50
2023-01-27,1509279.9633184792,-1279650.606781011,18.90984492329724,147485.63943342984,50
2023-01-28,1390871.93020515,-1279650.606781011,18.90984492329724,141223.9258343168,50
2023-01-29,1440158.5750663606,-1279650.606781011,18.90984492329724,143830.32715918904,52
2023-01-30,1478191.7054647347,-1279650.606781011,18.90984492329724,145841.61443058893,49
2023-01-31,1396578.7365192561,-1279650.606781011,18.90984492329724,141525.71605720092,55
2023-02-01,1321892.634602754,-1279650.606781011,18.90984492329724,137576.12777557055,53
2023-02-02,1151529.3732172968,-1279650.606781011,18.90984492329724,128566.89147159818,52
2023-02-03,1172782.6075583682,-1279650.606781011,18.90984492329724,129690.81577807872,55
2023-02-04,1590560.5013454831,-1279650.606781011,18.90984492329724,151783.95802655932,54
2023-02-05,1462786.3167223558,-1279650.606781011,18.90984492329724,145026.93885789826,51
2023-02-06,1590592.8063603137,-1279650.606781011,18.90984492329724,151785.6663967211,52
2023-02-07,1888438.6083744867,-1279650.606781011,18.90984492329724,167536.49900387917,51
2023-02-08,2031519.2682632366,-1279650.606781011,18.90984492329724,175102.96295263807,53
2023-02-09,1945516.7329603354,-1279650.606781011,18.90984492329724,170554.93330714136,58
2023-02-10,2094093.3834605683,-1279650.606781011,18.90984492329724,178412.03901598745,58
2023-02-11,1904094.6537134433,-1279650.606781011,18.90984492329724,168364.42992570647,58
2023-02-12,1923897.4448260628,-1279650.606781011,18.90984492329724,169411.6511585058,57
2023-02-13,2128459.4739113026,-1279650.606781011,18.90984492329724,180229.4040229524,63
2023-02-14,2110852.2624573773,-1279650.606781011,18.90984492329724,179298.2905460654,56
2023-02-15,2087392.6409716066,-1279650.606781011,18.90984492329724,178057.68695672194,59
2023-02-16,1922761.8413344459,-1279650.606781011,18.90984492329724,169351.597599303,66
2023-02-17,1868486.3172150655,-1279650.606781011,18.90984492329724,166481.37183385994,65
2023-02-18,1905675.663263007,-1279650.606781011,18.90984492329724,168448.0376737328,61
2023-02-19,1933595.8013589028,-1279650.606781011,18.90984492329724,169924.5245623956,61
2023-02-20,1999458.8693616595,-1279650.606781011,18.90984492329724,173407.52869436564,61
2023-02-21,2213676.1219490175,-1279650.606781011,18.90984492329724,184735.87397991787,50
2023-02-22,2441503.493421169,-1279650.606781011,18.90984492329724,196783.9564679696,58
2023-02-23,2563788.3129333686,-1279650.606781011,18.90984492329724,203250.68424962068,60
2023-02-24,2552513.640859218,-1279650.606781011,18.90984492329724,202654.4513286272,63
2023-02-25,2460019.2266992815,-1279650.606781011,18.90984492329724,197763.11485627035,61
2023-02-26,2669866.398123965,-1279650.606781011,18.90984492329724,208860.35929565484,60
2023-02-27,2846898.855139648,-1279650.606781011,18.90984492329724,218222.27938192568,61
2023-02-28,2659956.5600488777,-1279650.606781011,18.90984492329724,208336.30221769973,64
2023-03-01,2722303.692870905,-1279650.606781011,18.90984492329724,211633.37488407653,72
2023-03-02,2558165.5366167673,-1279650.606781011,18.90984492329724,202953.3377436388,69
2023-03-03,2493276.260297894,-1279650.606781011,18.90984492329724,199521.83015687225,70
2023-03-04,2619907.067218366,-1279650.606781011,18.90984492329724,206218.38464656356,67
2023-03-05,2758154.0858475,-1279650.606781011,18.90984492329724,213529.23352924324,65
2023-03-06,2449185.488005878,-1279650.606781011,18.90984492329724,197190.19959771863,65
2023-03-07,2393918.820709331,-1279650.606781011,18.90984492329724,194267.55969661305,67
2023-03-08,2533499.4142512754,-1279650.606781011,18.90984492329724,201648.9313634943,73
2023-03-09,2463731.33079365,-1279650.606781011,18.90984492329724,197959.42022574457,62
2023-03-10,2445401.904004227,-1279650.606781011,18.90984492329724,196990.11419157183,58
2023-03-11,2271015.558233373,-1279650.606781011,18.90984492329724,187768.12710081536,47
2023-03-12,2319319.506390978,-1279650.606781011,18.90984492329724,190322.5609607194,45
2023-03-13,2466694.2141648694,-1279650.606781011,18.90984492329724,198116.1049253409,52
2023-03-14,2331039.931139918,-1279650.606781011,18.90984492329724,190942.36640050384,50
2023-03-15,2245311.7142608827,-1279650.606781011,18.90984492329724,186408.8434008828,46
2023-03-16,2288498.9925448536,-1279650.606781011,18.90984492329724,188692.6949321433,46
2023-03-17,2213884.007946921,-1279650.606781011,18.90984492329724,184746.86751258548,45
2023-03-18,2265409.223961646,-1279650.606781011,18.90984492329724,187471.650091381,47
2023-03-19,2429143.921746951,-1279650.606781011,18.90984492329724,196130.35133665567,50
2023-03-20,2433522.927295834,-1279650.606781011,18.90984492329724,196361.92412673644,56
2023-03-21,2336647.4995374377,-1279650.606781011,18.90984492329724,191238.90867360367,50
2023-03-22,2548029.938474105,-1279650.606781011,18.90984492329724,202417.34190740777,53
2023-03-23,2422755.330677967,-1279650.606781011,18.90984492329724,195792.50662693448,36
2023-03-24,2513920.8305622484,-1279650.606781011,18.90984492329724,200613.5667812652,34
2023-03-25,2648370.0088613215,-1279650.606781011,18.90984492329724,207723.5763474161,42
2023-03-26,2604556.6997635434,-1279650.606781011,18.90984492329724,205406.61873747825,38
2023-03-27,2354592.098694399,-1279650.606781011,18.90984492329724,192187.86405794177,41
2023-03-28,2510781.5159010096,-1279650.606781011,18.90984492329724,200447.5519528003,34
2023-03-29,1983971.2809539621,-1418533.457347558,19.714130554319492,172592.1784339614,19
2023-03-30,2058521.6548129267,-1418533.457347558,19.714130554319492,176373.7488995496,21
2023-03-31,2314283.413325024,-1418533.457347558,19.714130554319492,189347.27354002927,28
2023-04-01,2280747.184084614,-1418533.457347558,19.714130554319492,187646.1470740152,30
2023-04-02,2261672.9119202355,-1418533.457347558,19.714130554319492,186678.6039144616,29
2023-04-03,2368934.037991192,-1418533.457347558,19.714130554319492,192119.4284933297,26
2023-04-04,2309218.481505598,-1418533.457347558,19.714130554319492,189090.3546865465,30
2023-04-05,2286062.50354896,-1418533.457347558,19.714130554319492,187915.7668500282,31
2023-04-06,2175452.3089461485,-1418533.457347558,19.714130554319492,182305.06064627037,27
2023-04-07,2123103.7769185556,-1418533.457347558,19.714130554319492,179649.67942702997,25
2023-04-08,2078982.2941473036,-1418533.457347558,19.714130554319492,177411.61558497103,27
2023-04-09,2022539.9335450546,-1418533.457347558,19.714130554319492,174548.57476018142,33
2023-04-10,2259934.6222631754,-1418533.457347558,19.714130554319492,186590.4291074484,36
2023-04-11,2545662.743652582,-1418533.457347558,19.714130554319492,201083.9986109131,42
2023-04-12,2462604.743757328,-1418533.457347558,19.714130554319492,196870.8785006247,37
2023-04-13,2251987.088154599,-1418533.457347558,19.714130554319492,186187.290146454,31
2023-04-14,2047779.4137233256,-1418533.457347558,19.714130554319492,175828.84832379242,36
2023-04-15,1938311.5993467502,-1418533.457347558,19.714130554319492,170276.08939917476,28
2023-04-16,2051429.8481445804,-1418533.457347558,19.714130554319492,176014.01674454505,25
2023-04-17,1240758.6489548623,-1505389.6027394873,20.35768877436514,134894.89313503806,14
2023-04-18,1351487.7529190301,-1599997.0567047081,21.03149937090405,140336.3953074577,7
2023-04-19,1219197.6534032144,-1685343.8795817338,21.66786797764457,134048.33073478463,4
2023-04-20,1315159.5040269163,-1777408.2671171818,22.332360141833878,138479.2181168069,0
2023-04-21,1433562.0632694366,-1877761.1238960295,23.029956303559896,143783.3030822387,4
2023-04-22,1608874.858911142,-1990386.3059011798,23.773485105103568,151398.12900379722,6
2023-04-23,1571028.0286939782,-2100362.117063149,24.50722750684678,149808.4654713154,7
2023-04-24,1447719.2814422646,-2201706.0138004934,25.206867783903355,144779.0073137613,7
2023-04-25,1240104.851057731,-2288516.3917377624,25.842317003560748,136544.3060817377,1
2023-04-26,1328154.0210214276,-2381490.427300507,26.506306813769783,139953.2750596099,2
2023-04-27,1561213.6503265155,-2490779.2079306855,27.240664083349163,148747.94703459446,4
2023-04-28,1507141.5436680028,-2596282.80861347,27.95916588163983,146764.9059937121,14
2023-04-29,1734479.2011719528,-2717700.6023182864,28.74262969104981,154898.13741282714,18
2023-04-30,1835548.6454426255,-2846193.5047508553,29.553331019935573,158416.73302530102,12
2023-05-01,1956303.9954987206,-2983139.577548314,30.39562845789978,162505.06482827073,19
2023-05-02,1858563.0158498199,-3113243.5422965675,31.21198619478376,159291.57879024342,15
2023-05-03,2123313.137819147,-3261880.664243176,32.097467751437755,167776.28203461945,18
2023-05-04,2169176.6490607862,-3413728.344346235,32.99442402916528,169207.5299896745,20
2023-05-05,2261648.5547876772,-3413728.344346235,32.99442402916528,172010.18251196586,28
2023-05-06,2724507.8294315687,-3413728.344346235,32.99442402916528,186038.59150115596,35
2023-05-07,2537820.8569309297,-3413728.344346235,32.99442402916528,180380.45446758877,37
2023-05-08,2473939.1019260385,-3413728.344346235,32.99442402916528,178444.31656294092,32
2023-05-09,2521591.6767698345,-3413728.344346235,32.99442402916528,179888.57801759377,36
2023-05-10,2570607.257716629,-3413728.344346235,32.99442402916528,181374.14966762371,26
2023-05-11,2527060.076387689,-3413728.344346235,32.99442402916528,180054.31510132103,21
2023-05-12,2632809.074860632,-3413728.344346235,32.99442402916528,183259.3717611817,23
2023-05-13,3025464.390599474,-3413728.344346235,32.99442402916528,195160.0285325124,34
2023-05-14,3059375.8220245806,-3413728.344346235,32.99442402916528,196187.821331536,39
2023-05-15,2823337.451149438,-3413728.344346235,32.99442402916528,189033.9346424852,45
2023-05-16,3001489.976672323,-3413728.344346235,32.99442402916528,194433.40836463316,42
2023-05-17,3072863.692496278,-3413728.344346235,32.99442402916528,196596.61375233336,57
2023-05-18,3032321.834816639,-3413728.344346235,32.99442402916528,195367.8649903061,64
2023-05-19,3410391.2711468027,-3413728.344346235,32.99442402916528,206826.4507197,67
2023-05-20,2966629.79835422,-3413728.344346235,32.99442402916528,193376.86080110277,72
2023-05-21,2385401.741321852,-3413728.344346235,32.99442402916528,175760.9128300579,62
2023-05-22,1951259.0368642989,-3413728.344346235,32.99442402916528,162602.8499987809,52
2023-05-23,2039668.2320794906,-3413728.344346235,32.99442402916528,165282.36927564544,40
2023-05-24,1925530.106271055,-3413728.344346235,32.99442402916528,161823.05367408975,47
2023-05-25,1949921.2936331867,-3413728.344346235,32.99442402916528,162562.30547435067,51
2023-05-26,2401656.8831730667,-3413728.344346235,32.99442402916528,176253.57613088857,56
2023-05-27,2862596.8445287286,-3413728.344346235,32.99442402916528,190223.814282287,65
2023-05-28,2898189.739374975,-3413728.344346235,32.99442402916528,191302.5691293116,65
2023-05-29,2819882.599130047,-3413728.344346235,32.99442402916528,188929.2244642946,57
2023-05-30,2690684.781086533,-3413728.344346235,32.99442402916528,185013.47742990748,52
2023-05-31,3094012.203399656,-3413728.344346235,32.99442402916528,197237.5860234263,58
2023-06-01,3629820.2320097773,-3413728.344346235,32.99442402916528,213476.9368948492,58
2023-06-02,3946781.653005744,-3413728.344346235,32.99442402916528,223083.451641577,57
2023-06-03,4046457.50502965,-3413728.344346235,32.99442402916528,226104.44245917085,57
2023-06-04,4049420.8672495377,-3413728.344346235,32.99442402916528,226194.25649008917,66
2023-06-05,4229931.0056645665,-3413728.344346235,32.99442402916528,231665.1851007983,63
2023-06-06,4320644.748452127,-3413728.344346235,32.99442402916528,234414.55095447632,66
2023-06-07,4236372.689279066,-3413728.344346235,32.99442402916528,231860.42062328555,60
2023-06-08,4187355.082451491,-3413728.344346235,32.99442402916528,230374.7875725541,65
2023-06-09,4140567.963858362,-3413728.344346235,32.99442402916528,228956.75649700715,58
2023-06-10,4410458.199951952,-3413728.344346235,32.99442402916528,237136.6306434697,62
2023-06-11,4210323.709927019,-3413728.344346235,32.99442402916528,231070.92421234585,60
2023-06-12,3956776.5266666044,-3413728.344346235,32.99442402916528,223386.37778606813,49
2023-06-13,4932596.443519486,-3413728.344346235,32.99442402916528,252961.67559973232,53
2023-06-14,5075787.193624562,-3413728.344346235,32.99442402916528,257301.5225380666,65
2023-06-15,5326903.0183391925,-3413728.344346235,32.99442402916528,264912.3789813449,66
2023-06-16,5602823.994802449,-3413728.344346235,32.99442402916528,273275.0337201989,68
2023-06-17,5934795.283826064,-3413728.344346235,32.99442402916528,283336.46982013417,66
2023-06-18,5764401.902053725,-3413728.344346235,32.99442402916528,278172.1614017869,71
2023-06-19,5606636.045795852,-3413728.344346235,32.99442402916528,273390.5699389865,74
2023-06-20,5771621.2130497545,-3413728.344346235,32.99442402916528,278390.96537271386,69
2023-06-21,5564979.408311535,-3413728.344346235,32.99442402916528,272128.0342618219,69
2023-06-22,5991524.141680703,-3413728.344346235,32.99442402916528,285055.8166347503,66
2023-06-23,5794512.404446313,-3413728.344346235,32.99442402916528,279084.7550680977,65
2023-06-24,5178483.348016338,-3413728.344346235,32.99442402916528,260414.0531372066,65
2023-06-25,5234464.609938916,-3413728.344346235,32.99442402916528,262110.7417011013,69
2023-06-26,4893286.712160036,-3413728.344346235,32.99442402916528,251770.2703088049,69
2023-06-27,4439547.11291763,-3413728.344346235,32.99442402916528,238018.2618227248,66
2023-06-28,5566409.650820626,-3413728.344346235,32.99442402916528,272171.3822683768,64
2023-06-29,5330587.827071434,-3413728.344346235,32.99442402916528,265024.0587224122,59
2023-06-30,5358215.404167479,-3413728.344346235,32.99442402916528,265861.3995128326,65
2023-07-01,5726391.358821709,-3413728.344346235,32.99442402916528,277020.1321013688,64
2023-07-02,5233823.629028436,-3413728.344346235,32.99442402916528,262091.31475459924,55
2023-07-03,5486417.041711016,-3413728.344346235,32.99442402916528,269746.95415776933,53
2023-07-04,5418519.571797414,-3413728.344346235,32.99442402916528,267689.10735754686,55
2023-07-05,5118020.713680126,-3413728.344346235,32.99442402916528,258581.54245956097,52
2023-07-06,4705173.255981445,-3413728.344346235,32.99442402916528,246068.89919190624,40
2023-07-07,4605409.82971365,-3413728.344346235,32.99442402916528,243045.25416086675,39
2023-07-08,4472793.416406974,-3413728.344346235,32.99442402916528,239025.8958235474,40
2023-07-09,4757019.934867134,-3413728.344346235,32.99442402916528,247640.2761869967,38
2023-07-10,4798776.211080123,-3413728.344346235,32.99442402916528,248905.83172983865,37
2023-07-11,4940182.195892883,-3413728.344346235,32.99442402916528,253191.58573141677,42
2023-07-12,5211720.332869317,-3413728.344346235,32.99442402916528,261421.404707387,50
2023-07-13,5849878.443220558,-3413728.344346235,32.99442402916528,280762.7973556461,48
2023-07-14,5767503.911240531,-3413728.344346235,32.99442402916528,278266.17756597465,47
2023-07-15,6009577.452666089,-3413728.344346235,32.99442402916528,285602.9791180059,47
2023-07-16,6240303.067620268,-3413728.344346235,32.99442402916528,292595.8459960648,45
2023-07-17,6058149.821833411,-3413728.344346235,32.99442402916528,287075.11783830565,48
2023-07-18,6019501.586711373,-3413728.344346235,32.99442402916528,285903.76127551566,40
2023-07-19,5474713.112492384,-3413728.344346235,32.99442402916528,269392.2296986218,38
2023-07-20,6139640.772171473,-3413728.344346235,32.99442402916528,289544.95790176693,38
2023-07-21,5357087.752525829,-3413728.344346235,32.99442402916528,265827.222476111,42
2023-07-22,5894093.772122193,-3413728.344346235,32.99442402916528,282102.8822397632,40
2023-07-23,5894315.04566969,-3413728.344346235,32.99442402916528,282109.58863194945,37
2023-07-24,6140274.017014878,-3413728.344346235,32.99442402916528,289564.1503823765,43
2023-07-25,5819116.015395058,-3413728.344346235,32.99442402916528,279830.4450345901,44
2023-07-26,5467890.034889068,-3413728.344346235,32.99442402916528,269185.43482936494,43
2023-07-27,5490290.125268452,-3413728.344346235,32.99442402916528,269864.3401607501,45
2023-07-28,5227248.041477302,-3413728.344346235,32.99442402916528,261892.0208513227,42
2023-07-29,5285190.7711845,-3413728.344346235,32.99442402916528,263648.1578778694,37
2023-07-30,5104386.956274975,-3413728.344346235,32.99442402916528,258168.32847549205,31
2023-07-31,4737948.762051197,-3413728.344346235,32.99442402916528,247062.2641932404,26
2023-08-01,5082996.777957834,-3413728.344346235,32.99442402916528,257520.03171182575,29
2023-08-02,5298230.76314575,-3413728.344346235,32.99442402916528,264043.37592894747,25
2023-08-03,5184860.477860266,-3413728.344346235,32.99442402916528,260607.3321542396,30
2023-08-04,4985932.421589293,-3413728.344346235,32.99442402916528,254578.1905000276,35
2023-08-05,5491058.825373931,-3413728.344346235,32.99442402916528,269887.6380399554,41
2023-08-06,6280667.712854279,-3413728.344346235,32.99442402916528,293819.2237764537,55
2023-08-07,5747685.163903521,-3413728.344346235,32.99442402916528,277665.5079704244,53
2023-08-08,5540017.762209356,-3413728.344346235,32.99442402916528,271371.49291168,50
2023-08-09,5372967.22005992,-3413728.344346235,32.99442402916528,266308.49978284794,47
2023-08-10,4932780.330885446,-3413728.344346235,32.99442402916528,252967.2488858669,39
2023-08-11,4595911.130114235,-3413728.344346235,32.99442402916528,242757.36613496824,25
2023-08-12,5409705.951912891,-3413728.344346235,32.99442402916528,267421.9828313926,29
2023-08-13,4931930.200356638,-3413728.344346235,32.99442402916528,252941.4830010599,28
2023-08-14,4818113.626688955,-3413728.344346235,32.99442402916528,249491.91305048057,29
2023-08-15,5449152.924083194,-3413728.344346235,32.99442402916528,268617.5476375985,31
2023-08-16,5467312.90572175,-3413728.344346235,32.99442402916528,269167.9431111641,31
2023-08-17,5421422.659198733,-3413728.344346235,32.99442402916528,267777.0945701363,32
2023-08-18,5420110.365596358,-3413728.344346235,32.99442402916528,267737.32137690776,39
2023-08-19,4798090.122863907,-3413728.344346235,32.99442402916528,248885.0376642835,23
2023-08-20,4816558.439575596,-3413728.344346235,32.99442402916528,249444.77820393845,29
2023-08-21,4416730.326779872,-3722910.2885888745,34.29651611175729,237331.41257978597,20
2023-08-22,4381044.614053821,-4029594.145507634,35.59375060429416,236295.3781708738,15
2023-08-23,4208339.512169798,-4324188.222152202,36.86594801254407,231447.39778341545,11
2023-08-24,4997603.706566455,-4674032.726169495,38.2488000253234,252861.1728036604,15
2023-08-25,5049778.915176062,-4674032.726169495,38.2488000253234,254225.27333949588,30
2023-08-26,5754896.417072622,-4674032.726169495,38.2488000253234,272660.2961749763,31
2023-08-27,5640506.29295277,-4674032.726169495,38.2488000253234,269669.6108712774,27
2023-08-28,5479520.321232069,-4674032.726169495,38.2488000253234,265460.695255255,37
2023-08-29,5981777.571487773,-4674032.726169495,38.2488000253234,278592.01571297325,47
2023-08-30,6189252.815982355,-4674032.726169495,38.2488000253234,284016.37528391974,50
2023-08-31,5767361.731360771,-4674032.726169495,38.2488000253234,272986.1969687239,42
2023-09-01,6143607.460015807,-4674032.726169495,38.2488000253234,282822.99520568654,37
2023-09-02,6123066.025417089,-4674032.726169495,38.2488000253234,282285.947387582,43
2023-09-03,6208244.199922308,-4674032.726169495,38.2488000253234,284512.89763043466,45
2023-09-04,6407325.638471752,-4674032.726169495,38.2488000253234,289717.8044096706,48
2023-09-05,6292173.41603463,-4674032.726169495,38.2488000253234,286707.1943418806,39
2023-09-06,7316685.305315021,-4674032.726169495,38.2488000253234,313492.659208807,47
2023-09-07,8289296.4373749755,-4674032.726169495,38.2488000253234,338921.19896472135,56
2023-09-08,8696645.305824935,-4674032.726169495,38.2488000253234,349571.1766942257,62
2023-09-09,8498242.315268165,-4674032.726169495,38.2488000253234,344384.0076738796,63
2023-09-10,8519945.377468819,-4674032.726169495,38.2488000253234,344951.4257938281,60
2023-09-11,7887093.877643071,-4674032.726169495,38.2488000253234,328405.76947502187,63
2023-09-12,7970831.521715673,-4674032.726169495,38.2488000253234,330595.05761000025,64
2023-09-13,8153629.257009279,-4674032.726169495,38.2488000253234,335374.2333010698,67
2023-09-14,6409796.461911587,-4674032.726169495,38.2488000253234,289782.40312749177,58
2023-09-15,5691102.496495973,-4674032.726169495,38.2488000253234,270992.4289337971,41
2023-09-16,5066707.45519954,-4674032.726169495,38.2488000253234,254667.8634341464,28
2023-09-17,4259364.807408074,-4674032.726169495,38.2488000253234,233560.20391915645,28
2023-09-18,4189174.6771730334,-4674032.726169495,38.2488000253234,231725.1102642295,28
2023-09-19,4131176.269298587,-4674032.726169495,38.2488000253234,230208.7644485164,27
2023-09-20,3531668.3962215595,-4674032.726169495,38.2488000253234,214534.86428223376,25
2023-09-21,3367646.783352441,-4674032.726169495,38.2488000253234,210246.58300908207,24
2023-09-22,3346507.1010253746,-4674032.726169495,38.2488000253234,209693.894236805,21
2023-09-23,2704448.2864216827,-4863350.732349229,39.22968933084949,192909.99107708296,11
2023-09-24,2333590.7458981853,-5026707.802059541,40.11967436100046,183458.58148620784,6
2023-09-25,2134740.849347638,-5176144.891812017,40.95641947584268,178504.02536949876,9
2023-09-26,1313225.0142182624,-5268073.860321193,41.536317409745145,158446.85530536147,3
2023-09-27,1424762.2241896028,-5367810.706804092,42.15497877517437,161133.3495675707,8
2023-09-28,1148061.418414791,-5448177.818942052,42.67465734188627,154570.4089551638,0
2023-09-29,572547.076546059,-5488257.5170897115,42.95859765317425,141084.78685844466,0
2023-09-30,471266.8963128291,-5521247.354475918,43.19628182618906,138727.5477760126,6
2023-10-01,717381.9758642837,-5571465.850433777,43.54381953630367,144425.72776728685,3
2023-10-02,620836.2913064295,-5614925.91192738,43.84927366069135,142209.01927558845,0
2023-10-03,630383.628735655,-5659054.310432823,44.15894988695552,142427.25325826573,1
2023-10-04,658558.2420789078,-5705155.000902513,44.481022942299965,143065.8024937134,6
2023-10-05,964361.6741839778,-5772662.680864191,44.931024675971436,149941.480383176,5
2023-10-06,822132.5480905389,-5830213.973525772,45.32292984730474,146776.6215473802,1
2023-10-07,1083956.564606445,-5906093.588834759,45.82007524713121,152554.31414593433,3
2023-10-08,1532096.5150527228,-6013344.098656293,46.480415173592185,162335.9125672344,6
2023-10-09,1236985.744713544,-6099936.131507391,47.03525850971958,155987.70175154452,5
2023-10-10,947448.950540958,-6166259.879376434,47.477689303681565,149832.6673906974,0
2023-10-11,688905.9519918617,-6214484.983894522,47.81151983783218,144387.60698888902,8
2023-10-12,1426748.9138972824,-6314360.903524519,48.43613109499084,159820.97748972295,0
2023-10-13,1236160.681730385,-6400895.179945321,48.9909624150373,155887.03477545045,4
2023-10-14,1824330.60826015,-6528602.792289963,49.75122629013932,167894.02037725574,0
2023-10-15,1740874.1755167432,-6650468.249867151,50.48402714936305,166217.7702376457,2
2023-10-16,1877090.579573826,-6781869.1894702045,51.26153931055345,168917.27961164384,4
2023-10-17,1684252.0498966314,-6899770.95952492,51.97506113167993,165156.57360505543,6
2023-10-18,2029278.9229153693,-7041825.456036374,52.80152541291007,171796.25603645612,12
2023-10-19,1864334.212133768,-7172333.41866443,53.57486923206391,168673.62926552628,11
2023-10-20,1607331.197075692,-7284850.540558995,54.26111838885196,163877.59783922182,7
2023-10-21,2214286.109657079,-7439855.9934258405,55.14609305190943,175064.84265341162,15
2023-10-22,2310625.512532713,-7601605.44053378,56.060439300690106,176813.2943072473,19
2023-10-23,2629305.124020435,-7601605.44053378,56.060439300690106,182497.8664487253,28
2023-10-24,2993716.27132768,-7601605.44053378,56.060439300690106,188998.19273679916,37
2023-10-25,3172323.4248150215,-7601605.44053378,56.060439300690106,192184.16765450095,34
2023-10-26,3526896.7634182107,-7601605.44053378,56.060439300690106,198509.00818422588,57
2023-10-27,4017225.6967994496,-7601605.44053378,56.060439300690106,207255.44220254087,60
2023-10-28,4456466.184969643,-7601605.44053378,56.060439300690106,215090.5661089778,70
2023-10-29,4775455.3475689925,-7601605.44053378,56.060439300690106,220780.6599894127,64
2023-10-30,5698409.202261731,-7601605.44053378,56.060439300690106,237244.2101543037,60
2023-10-31,5950358.151655266,-7601605.44053378,56.060439300690106,241738.4480257225,68
2023-11-01,5011446.447672814,-7601605.44053378,56.060439300690106,224990.2434862177,65
2023-11-02,5677766.772894001,-7601605.44053378,56.060439300690106,236875.99275135025,60
2023-11-03,5733448.97347543,-7601605.44053378,56.060439300690106,237869.24577034227,72
2023-11-04,5241315.745420087,-7601605.44053378,56.060439300690106,229090.6269404808,71
2023-11-05,5575202.234229621,-7601605.44053378,56.060439300690106,235046.45770054095,61
2023-11-06,5945820.830877285,-7601605.44053378,56.060439300690106,241657.51179271075,61
2023-11-07,6063726.535722109,-7601605.44053378,56.060439300690106,243760.7008921114,63
2023-11-08,6016247.081339575,-7601605.44053378,56.060439300690106,242913.7675648881,68
2023-11-09,6059157.72970115,-7601605.44053378,56.060439300690106,243679.2030287705,62
2023-11-10,6441326.445507765,-7601605.44053378,56.060439300690106,250496.286886369,61
2023-11-11,7554126.941556627,-7601605.44053378,56.060439300690106,270346.3007273266,62
2023-11-12,6802216.857729942,-7601605.44053378,56.060439300690106,256933.81068611087,69
2023-11-13,6119367.90403476,-7601605.44053378,56.060439300690106,244753.2255495478,72
2023-11-14,7391018.659538154,-7601605.44053378,56.060439300690106,267436.7929879453,68
2023-11-15,6953667.42599201,-7601605.44053378,56.060439300690106,259635.36939937275,67
2023-11-16,6551665.465251327,-7601605.44053378,56.060439300690106,252464.5022824657,62
2023-11-17,6864397.688004391,-7601605.44053378,56.060439300690106,258042.98555256048,67
2023-11-18,6998612.649942625,-7601605.44053378,56.060439300690106,260437.0974006384,74
2023-11-19,7169366.653488077,-7601605.44053378,56.060439300690106,263482.98868646263,71
2023-11-20,7274085.265699042,-7601605.44053378,56.060439300690106,265350.9478661845,71
2023-11-21,8213086.518061314,-7601605.44053378,56.060439300690106,282100.7497599187,63
2023-11-22,8545707.729191482,-7601605.44053378,56.060439300690106,288034.0106347773,66
2023-11-23,9004084.618684663,-7601605.44053378,56.060439300690106,296210.4875802146,65
2023-11-24,8275280.007824577,-7601605.44053378,56.060439300690106,283210.15044494864,70
2023-11-25,8282393.689197801,-7601605.44053378,56.060439300690106,283337.043517175,69
2023-11-26,7645645.8812389895,-7601605.44053378,56.060439300690106,271978.80558857974,69
2023-11-27,7947496.73245566,-7601605.44053378,56.060439300690106,277363.188140376,67
2023-11-28,8385404.798811,-7601605.44053378,56.060439300690106,285174.544451848,64
2023-11-29,9147464.447937943,-7601605.44053378,56.060439300690106,298768.08133156283,65
2023-11-30,9346058.870885495,-7601605.44053378,56.060439300690106,302310.5869812663,62
2023-12-01,9120193.027381336,-7601605.44053378,56.060439300690106,298281.61670701124,70
2023-12-02,4807376.853762381,-7601605.44053378,56.060439300690106,221350.07233422456,45
2023-12-03,3973529.489070393,-7601605.44053378,56.060439300690106,206475.9940163666,25
2023-12-04,3777222.7314560665,-7866020.286255305,57.362473960145806,202976.65379287585,20
2023-12-05,3171752.8273230596,-7866020.286255305,57.362473960145806,192421.4970443424,22
2023-12-06,3454887.913932967,-7866020.286255305,57.362473960145806,197357.39096702475,21
2023-12-07,3421742.898099182,-8105550.672685772,58.57910471259833,196781.66177752856,16
2023-12-08,3234633.517227127,-8331982.944021168,59.74817172718386,193589.4626878731,19
2023-12-09,3893001.7042268906,-8604502.601505062,61.07939864437384,204610.7948524003,15
2023-12-10,3995926.90678427,-8884227.275343545,62.43464471733502,206298.18973810275,12
2023-12-11,3998254.942720862,-9164114.917401478,63.7904205780591,206337.7187490997,9
2023-12-12,5683847.644615933,-9561998.17843873,65.49894523183674,232764.75321993724,18
2023-12-13,7196536.226729004,-9561998.17843873,65.49894523183674,255859.6072936759,21
2023-12-14,6840213.012250684,-9561998.17843873,65.49894523183674,250419.4706133508,23
2023-12-15,6823961.848744648,-9561998.17843873,65.49894523183674,250171.3572513949,29
2023-12-16,7619255.573158558,-9561998.17843873,65.49894523183674,262313.44170174643,36
2023-12-17,7850702.936697267,-9561998.17843873,65.49894523183674,265847.0461394895,36
2023-12-18,7627342.779327389,-9561998.17843873,65.49894523183674,262436.912486508,33
2023-12-19,7381813.715484586,-9561998.17843873,65.49894523183674,258688.31679578748,32
2023-12-20,7999112.133501485,-9561998.17843873,65.49894523183674,268112.8718910175,29
2023-12-21,8705007.716864686,-9561998.17843873,65.49894523183674,278890.0772469915,28
2023-12-22,9064577.809292119,-9561998.17843873,65.49894523183674,284379.7853812938,25
2023-12-23,9384297.05626363,-9561998.17843873,65.49894523183674,289261.0738637243,25
2023-12-24,9410613.013504736,-9561998.17843873,65.49894523183674,289662.85067322804,27
2023-12-25,8623913.241964396,-9561998.17843873,65.49894523183674,277651.97372313705,31
2023-12-26,7988457.03253651,-9561998.17843873,65.49894523183674,267950.1959742182,33
2023-12-27,7981684.498600978,-9561998.17843873,65.49894523183674,267846.79684448324,27
2023-12-28,8668430.595292967,-9561998.17843873,65.49894523183674,278331.6389173016,30
2023-12-29,8779448.630961737,-10176581.093008062,67.69254161167191,280031.28960224026,20
2023-12-30,7760746.528611409,-10176581.093008062,67.69254161167191,264982.33327564434,22
2023-12-31,7233580.107207641,-10682949.42340416,69.66034202354884,257198.41462384837,17
2024-01-01,6622123.14058128,-10682949.42340416,69.66034202354884,248420.723489061,40
2024-01-02,6007326.136825396,-10682949.42340416,69.66034202354884,239595.084884702,48
2024-01-03,5173902.4865959175,-10682949.42340416,69.66034202354884,227630.979828374,48
2024-01-04,6476297.665734094,-10682949.42340416,69.66034202354884,246327.34480886604,58
2024-01-05,5586874.3907262385,-10682949.42340416,69.66034202354884,233559.3444061809,58
2024-01-06,5856734.294437731,-10682949.42340416,69.66034202354884,237433.2832338178,60
2024-01-07,5974247.0104846675,-10682949.42340416,69.66034202354884,239120.2217792417,55
2024-01-08,5113888.50347616,-10682949.42340416,69.66034202354884,226769.456881796,51
2024-01-09,4698303.1153090615,-10682949.42340416,69.66034202354884,220803.5747730546,42
2024-01-10,4726856.591939183,-10682949.42340416,69.66034202354884,221213.4705013941,45
2024-01-11,4989118.913796054,-10682949.42340416,69.66034202354884,224978.3432286657,40
2024-01-12,5185281.125204762,-10682949.42340416,69.66034202354884,227794.32439830157,36
2024-01-13,5454069.375425372,-10682949.42340416,69.66034202354884,231652.8792433201,35
2024-01-14,5035469.105825109,-10682949.42340416,69.66034202354884,225643.7173954102,28
2024-01-15,5465540.902337084,-10682949.42340416,69.66034202354884,231817.5572592252,27
2024-01-16,6257421.564798754,-10682949.42340416,69.66034202354884,243185.29734574351,28
2024-01-17,6291407.92684146,-10682949.42340416,69.66034202354884,243673.18415559028,30
2024-01-18,6427401.766871244,-10682949.42340416,69.66034202354884,245625.42607802892,38
2024-01-19,7368833.490549028,-10682949.42340416,69.66034202354884,259140.02701638677,30
2024-01-20,7185580.171274707,-10682949.42340416,69.66034202354884,256509.3577725813,32
2024-01-21,7644945.939200826,-10682949.42340416,69.66034202354884,263103.72344151285,30
2024-01-22,8981779.568174869,-10682949.42340416,69.66034202354884,282294.4651194983,34
2024-01-23,7879264.162742283,-10682949.42340416,69.66034202354884,266467.44829176186,32
2024-01-24,8007696.054685589,-10682949.42340416,69.66034202354884,268311.1356497695,38
2024-01-25,7873043.210856833,-10682949.42340416,69.66034202354884,266378.1442242718,46
2024-01-26,7953270.20161416,-10682949.42340416,69.66034202354884,267529.8323789209,45
2024-01-27,8037807.140119959,-10682949.42340416,69.66034202354884,268743.3914291653,43
2024-01-28,8224783.149215676,-10682949.42340416,69.66034202354884,271427.5012636033,39
2024-01-29,7656520.744788524,-10682949.42340416,69.66034202354884,263269.88406104845,34
2024-01-30,8487496.564509653,-10682949.42340416,69.66034202354884,275198.8496041722,47
2024-01-31,7435340.990151532,-10682949.42340416,69.66034202354884,260094.7667961602,49
2024-02-01,7872161.3492230885,-10682949.42340416,69.66034202354884,266365.484774029,48
2024-02-02,6929554.004113182,-10682949.42340416,69.66034202354884,252834.0073547643,45
2024-02-03,9130687.583244622,-10682949.42340416,69.66034202354884,284432.09480583284,44
2024-02-04,8547859.525458902,-10682949.42340416,69.66034202354884,276065.38225669414,51
2024-02-05,7551795.30979117,-10682949.42340416,69.66034202354884,261766.51166930867,47
2024-02-06,6496072.544996597,-10682949.42340416,69.66034202354884,246611.22052190543,41
2024-02-07,7134357.379692655,-10682949.42340416,69.66034202354884,255774.03563527777,46
2024-02-08,7952729.963776294,-10682949.42340416,69.66034202354884,267522.0770647469,58
2024-02-09,7239984.962549064,-10682949.42340416,69.66034202354884,257290.35869353524,53
2024-02-10,7667773.749188289,-10682949.42340416,69.66034202354884,263431.42510539136,47
2024-02-11,7618850.451263849,-10682949.42340416,69.66034202354884,262729.11305088113,49
2024-02-12,8251506.424000181,-10682949.42340416,69.66034202354884,271811.12376685586,48
2024-02-13,7869280.346084718,-10682949.42340416,69.66034202354884,266324.1269073479,54
2024-02-14,7201086.805724725,-10682949.42340416,69.66034202354884,256731.9612511111,49
2024-02-15,8987093.651527803,-10682949.42340416,69.66034202354884,282370.7507534554,53
2024-02-16,7863452.46044787,-10682949.42340416,69.66034202354884,266240.4654513809,44
2024-02-17,8294175.365885746,-10682949.42340416,69.66034202354884,272423.6522248864,41
2024-02-18,7744506.866722982,-10682949.42340416,69.66034202354884,264532.9574163977,42
2024-02-19,7316817.530821923,-10682949.42340416,69.66034202354884,258393.31865670744,38
2024-02-20,6740984.826502249,-10682949.42340416,69.66034202354884,250127.02699645387,35
2024-02-21,6161428.713618882,-10682949.42340416,69.66034202354884,241807.2844277561,29
2024-02-22,5750480.941626402,-10682949.42340416,69.66034202354884,235907.9770161795,30
2024-02-23,5111436.634800339,-11040762.511298262,71.23765165175108,226736.82766887735,15
2024-02-24,4773297.793366581,-11374905.051822841,72.74209619863886,221992.54199512035,19
2024-02-25,3755316.909194056,-11637786.436314883,74.00531729999877,207999.9641527001,19
2024-02-26,3181761.1165295504,-11860517.510059532,75.1170191437379,200251.2719228832,17
2024-02-27,2929448.4350044727,-12065586.07790972,76.15801753321202,196893.70861544492,9
2024-02-28,2098304.611374669,-12212472.541732179,76.94741437802404,185981.2609531161,10
2024-02-29,2053111.6303813271,-12356195.386158427,77.72225233072928,185394.8719245068,8
2024-03-01,2571825.7023072,-12536229.486513443,78.65911965099411,192069.9755585137,8
2024-03-02,3438053.641559895,-12776901.66494888,79.84361434538616,203083.934005873,13
2024-03-03,3328152.378568962,-12776901.66494888,79.84361434538616,201707.47749282583,21
2024-03-04,2886447.129194921,-12978960.036035514,80.87308130846559,196176.61289195475,7
2024-03-05,4096079.915790776,-12978960.036035514,80.87308130846559,211133.78735625,26
2024-03-06,5054655.791653855,-12978960.036035514,80.87308130846559,222986.6296166665,24
2024-03-07,3799585.8186495025,-13244940.35265206,82.15446303387498,207469.26632912864,19
2024-03-08,4434136.702141816,-13244940.35265206,82.15446303387498,215193.14230687887,21
2024-03-09,4876076.212668063,-13244940.35265206,82.15446303387498,220572.5154316721,23
2024-03-10,5511002.360880649,-13244940.35265206,82.15446303387498,228300.95920411556,22
2024-03-11,5361764.655684264,-13620277.015333151,83.8108472955604,226486.69335219724,17
2024-03-12,4629980.077971516,-13620277.015333151,83.8108472955604,217755.31070512653,22
2024-03-13,2170986.294076374,-13772251.375021087,84.61703168965225,188416.41393865092,10
2024-03-14,1654091.0208832007,-13888041.799147755,85.25184881366596,182308.45472924848,4
2024-03-15,5250737.632106626,-14255606.298152683,86.88829510244881,224499.09860999856,10
2024-03-16,6097999.861498183,-14682481.229080139,88.70966772373455,234252.72153306057,9
2024-03-17,5123009.370486446,-15041104.43682646,90.31513924108341,223263.9397641593,14
2024-03-18,7507945.70773145,-15566679.031478474,92.41913279377391,249673.67731851747,18
2024-03-19,8029524.977705382,-16128765.452942602,94.61952686694914,255320.3469788913,20
2024-03-20,9782874.178209651,-16128765.452942602,94.61952686694914,273850.8687280623,24
2024-03-21,9629929.462555438,-16128765.452942602,94.61952686694914,272234.4506300382,32
2024-03-22,11322017.899236508,-16128765.452942602,94.61952686694914,290117.52923663944,43
2024-03-23,10796895.648357105,-16128765.452942602,94.61952686694914,284567.69963732414,48
2024-03-24,9026909.325936072,-16128765.452942602,94.61952686694914,265861.3460861177,44
2024-03-25,8572912.715627428,-16128765.452942602,94.61952686694914,261063.21798992628,48
2024-03-26,9105581.581628934,-16128765.452942602,94.61952686694914,266692.8050703027,50
2024-03-27,8738959.634545177,-16128765.452942602,94.61952686694914,262818.10859671654,56
2024-03-28,8677516.14800182,-16128765.452942602,94.61952686694914,262168.73432295,55
2024-03-29,8678907.839273158,-16128765.452942602,94.61952686694914,262183.4426111588,58
2024-03-30,10370492.735370979,-16128765.452942602,94.61952686694914,280061.1994771012,57
2024-03-31,8139091.4520223625,-16128765.452942602,94.61952686694914,256478.31593038532,52
2024-04-01,11158294.700614933,-16128765.452942602,94.61952686694914,288387.1972000843,59
2024-04-02,12207852.163394816,-16128765.452942602,94.61952686694914,299479.5953290216,60
2024-04-03,12671254.111085135,-16128765.452942602,94.61952686694914,304377.1250782661,56
2024-04-04,13558989.646559369,-16128765.452942602,94.61952686694914,313759.2850284267,55
2024-04-05,12642735.866154317,-16128765.452942602,94.61952686694914,304075.7259286918,53
2024-04-06,12533327.903541371,-16128765.452942602,94.61952686694914,302919.4322308086,53
2024-04-07,13144528.267139181,-16128765.452942602,94.61952686694914,309378.9906732986,52
2024-04-08,11882612.552300539,-16128765.452942602,94.61952686694914,296042.2539908894,62
2024-04-09,12640099.136394009,-16128765.452942602,94.61952686694914,304047.8592731756,64
2024-04-10,14163461.951921765,-16128765.452942602,94.61952686694914,320147.73702536366,63
2024-04-11,15170605.137819007,-16128765.452942602,94.61952686694914,330791.8738039533,58
2024-04-12,14579641.746223263,-16128765.452942602,94.61952686694914,324546.19269389304,53
2024-04-13,14751016.617152598,-16128765.452942602,94.61952686694914,326357.3925233988,57
2024-04-14,12862030.665999286,-16128765.452942602,94.61952686694914,306393.3743793476,70
2024-04-15,11500027.706977215,-16128765.452942602,94.61952686694914,291998.85134461214,63
2024-04-16,9696572.198455289,-16128765.452942602,94.61952686694914,272938.7739141058,60
2024-04-17,9124148.544604827,-16128765.452942602,94.61952686694914,266889.0326735331,48
2024-04-18,8614149.076082364,-16128765.452942602,94.61952686694914,261499.0303620693,37
2024-04-19,8274937.000502605,-16128765.452942602,94.61952686694914,257914.019035002,28
2024-04-20,8705626.354453184,-16128765.452942602,94.61952686694914,262465.8210595059,32
2024-04-21,9056386.224219851,-16128765.452942602,94.61952686694914,266172.87690073723,30
2024-04-22,7850114.966174886,-16128765.452942602,94.61952686694914,253424.22661694133,27
2024-04-23,8712810.210286513,-16128765.452942602,94.61952686694914,262541.74466715014,31
2024-04-24,7538028.7875548825,-16128765.452942602,94.61952686694914,250125.8992108146,26
2024-04-25,8177396.890468985,-16128765.452942602,94.61952686694914,256883.15243417048,32
2024-04-26,8140722.007825736,-16128765.452942602,94.61952686694914,256495.54869255784,27
2024-04-27,10082762.862696666,-16128765.452942602,94.61952686694914,277020.2851732397,32
2024-04-28,9809665.20808461,-16128765.452942602,94.61952686694914,274134.01355833217,41
2024-04-29,12466569.440364715,-16128765.452942602,94.61952686694914,302213.88586646743,42
2024-04-30,15058770.021186996,-16128765.452942602,94.61952686694914,329609.9283817439,54
2024-05-01,12985451.154982403,-16128765.452942602,94.61952686694914,307697.76146592293,48
2024-05-02,12967970.932616726,-16128765.452942602,94.61952686694914,307513.01923623227,38
2024-05-03,9349791.84053107,-16128765.452942602,94.61952686694914,269273.7761128396,30
2024-05-04,8179700.431910332,-16701364.524143819,96.84720039227679,256910.5235388748,19
2024-05-05,8500293.545134202,-17296405.898751326,99.1327086337729,260223.89380266576,15
2024-05-06,9256578.857721422,-17944389.098203808,101.55064502562493,267856.18101255223,18
2024-05-07,9708294.149694614,-17944389.098203808,101.55064502562493,272304.3584895068,22
2024-05-08,12435809.251519665,-17944389.098203808,101.55064502562493,299163.0269020688,31
2024-05-09,12052839.102389093,-17944389.098203808,101.55064502562493,295391.8036958161,29
2024-05-10,13813467.259108525,-17944389.098203808,101.55064502562493,312729.24312099314,27
2024-05-11,13877753.41655479,-17944389.098203808,101.55064502562493,313362.28841016925,27
2024-05-12,12661476.794394083,-17944389.098203808,101.55064502562493,301385.24363754573,27
2024-05-13,10849898.602541253,-18703908.58356368,104.22791604835118,283549.8233735669,19
2024-05-14,9521585.037005398,-19370442.864853904,106.68795888962373,270808.7042114111,17
2024-05-15,11343391.502733719,-19370442.864853904,106.68795888962373,287884.7312034835,27
2024-05-16,12699836.442609247,-19370442.864853904,106.68795888962373,300598.8645882909,41
2024-05-17,11657538.155576639,-19370442.864853904,106.68795888962373,290829.2683013197,43
2024-05-18,13395281.715937778,-19370442.864853904,106.68795888962373,307117.3628383888,50
2024-05-19,14106634.08506174,-19370442.864853904,106.68795888962373,313784.9603491811,55
2024-05-20,11798057.131992593,-19370442.864853904,106.68795888962373,292146.3707923452,43
2024-05-21,11347685.886022769,-19370442.864853904,106.68795888962373,287924.98301197006,35
2024-05-22,11453344.81981508,-19370442.864853904,106.68795888962373,288915.3378270024,50
2024-05-23,12373229.138940167,-19370442.864853904,106.68795888962373,297537.5322030029,46
2024-05-24,13495244.877243951,-19370442.864853904,106.68795888962373,308054.3304432297,50
2024-05-25,12715293.415325858,-19370442.864853904,106.68795888962373,300743.7447873076,49
2024-05-26,10251109.687592503,-19370442.864853904,106.68795888962373,277646.63286034,46
2024-05-27,11299939.651465181,-19370442.864853904,106.68795888962373,287477.45139683265,42
2024-05-28,11086441.069289472,-19370442.864853904,106.68795888962373,285476.30164762255,39
2024-05-29,18402488.545716114,-19370442.864853904,106.68795888962373,354050.55831697746,42
2024-05-30,21982103.973181345,-19370442.864853904,106.68795888962373,387602.7554413839,39
2024-05-31,19996088.793879688,-19370442.864853904,106.68795888962373,368987.5789962489,45
2024-06-01,17713637.592511185,-19370442.864853904,106.68795888962373,347593.8694799776,37
2024-06-02,25219158.26862339,-19370442.864853904,106.68795888962373,417944.0828895077,54
2024-06-03,25568237.53575165,-19370442.864853904,106.68795888962373,421216.04788688297,59
2024-06-04,25248432.422949806,-19370442.864853904,106.68795888962373,418218.47331398574,58
2024-06-05,26173397.381562322,-19370442.864853904,106.68795888962373,426888.2891792368,56
2024-06-06,28017517.260574237,-19370442.864853904,106.68795888962373,444173.4626721498,61
2024-06-07,40088198.71538851,-19370442.864853904,106.68795888962373,557313.51690547,61
2024-06-08,41205134.477741875,-19370442.864853904,106.68795888962373,567782.6998758643,56
2024-06-09,41037491.13615099,-19370442.864853904,106.68795888962373,566211.3572113719,63
2024-06-10,37745834.525102176,-19370442.864853904,106.68795888962373,535358.2352160934,60
2024-06-11,35691948.376180924,-19370442.864853904,106.68795888962373,516106.8954182616,59
2024-06-12,32474396.02960761,-19370442.864853904,106.68795888962373,485948.3622523764,59
2024-06-13,32897954.782499038,-19370442.864853904,106.68795888962373,489918.4330766728,49
2024-06-14,31907160.424747728,-19370442.864853904,106.68795888962373,480631.58976217697,47
2024-06-15,32150709.140399992,-19370442.864853904,106.68795888962373,482914.4032885303,50
2024-06-16,33756188.52003167,-19370442.864853904,106.68795888962373,497962.7685993022,55
2024-06-17,34751693.345180936,-19370442.864853904,106.68795888962373,507293.7637323068,58
2024-06-18,32938097.314869665,-19370442.864853904,106.68795888962373,490294.6942104354,57
2024-06-19,33041144.375772394,-19370442.864853904,106.68795888962373,491260.5676039768,56
2024-06-20,36489263.37245725,-19370442.864853904,106.68795888962373,523580.2317213884,52
2024-06-21,36560736.72138003,-19370442.864853904,106.68795888962373,524250.1606399529,52
2024-06-22,39938131.638094366,-19370442.864853904,106.68795888962373,555906.9188333353,63
2024-06-23,41771667.36383678,-19370442.864853904,106.68795888962373,573092.8856924382,49
2024-06-24,43395768.67728181,-19370442.864853904,106.68795888962373,588315.7967908245,58
2024-06-25,46300757.060288675,-19370442.864853904,106.68795888962373,615544.6276096078,62
2024-06-26,34488919.05676943,-19370442.864853904,106.68795888962373,504830.7464326379,54
2024-06-27,36050034.106074385,-19370442.864853904,106.68795888962373,519463.279152849,57
2024-06-28,40179875.09686437,-19370442.864853904,106.68795888962373,558172.8114540771,56
2024-06-29,42338904.63324101,-19370442.864853904,106.68795888962373,578409.6737846266,62
2024-06-30,39747157.5170934,-19370442.864853904,106.68795888962373,554116.8937640719,48
2024-07-01,36325633.280921705,-19370442.864853904,106.68795888962373,522046.5057673205,55
2024-07-02,31970383.951703884,-19370442.864853904,106.68795888962373,481224.192035331,47
2024-07-03,34821481.90397738,-19370442.864853904,106.68795888962373,507947.9008957016,48
2024-07-04,35481407.98294031,-19370442.864853904,106.68795888962373,514133.4731555072,46
2024-07-05,35851276.84451897,-19370442.864853904,106.68795888962373,517600.3017032471,39
2024-07-06,33543681.945895553,-19370442.864853904,106.68795888962373,495970.9170694031,43
2024-07-07,30331503.1138354,-19370442.864853904,106.68795888962373,465862.7505481617,31
2024-07-08,31309031.44309018,-21562151.775682095,111.29943099722772,475035.5212515795,19
2024-07-09,37812166.480940655,-21562151.775682095,111.29943099722772,533464.7061951436,24
2024-07-10,40952282.28965743,-21562151.775682095,111.29943099722772,561677.9304729478,34
2024-07-11,38948929.69185637,-21562151.775682095,111.29943099722772,543678.2643484107,32
2024-07-12,40862194.252760276,-21562151.775682095,111.29943099722772,560868.5100105971,47
2024-07-13,38778121.041271135,-21562151.775682095,111.29943099722772,542143.5875845242,40
2024-07-14,40223282.47335352,-21562151.775682095,111.29943099722772,555128.0334090351,49
2024-07-15,40238592.5398671,-21562151.775682095,111.29943099722772,555265.5908644183,50
2024-07-16,26674910.095040303,-21562151.775682095,111.29943099722772,433398.9979870059,25
2024-07-17,24635279.703116044,-23286681.71344804,115.45203525301827,415081.1314113344,17
2024-07-18,23451695.023165572,-24928357.82373349,119.50516604183834,404836.4974444818,13
2024-07-19,20553392.667835217,-26367145.668056507,123.28369014963984,380589.9894701424,7
2024-07-20,21267271.464905135,-27855906.77723869,127.13479902553925,386386.56464368815,0
2024-07-21,19760039.248711206,-29239157.938439116,130.8261858468475,374536.6179559155,2
2024-07-22,18327720.71289233,-30522143.292828985,134.35304946858113,363593.2656455632,1
2024-07-23,20061472.489429638,-31926495.519416988,138.08117455318146,376502.9387755074,0
2024-07-24,22820060.39038993,-33523955.65784913,142.10819803368963,396486.73917377775,0
2024-07-25,21386616.707236156,-35021071.22640056,145.9807331671254,386405.0187298253,0
2024-07-26,20518404.099157326,-36457409.78519113,149.75408907071974,380462.4917950805,6
2024-07-27,19798587.20937924,-37843359.398084134,153.44161220936766,375660.4598810668,7
2024-07-28,21363170.66641391,-39338833.686333194,157.31534632330676,385861.9376395443,6
2024-07-29,19173536.133857727,-40681028.19251095,160.92210161010797,371947.4436854424,5
2024-07-30,23962542.757833235,-42358464.89584389,165.09572888400837,401712.4373960783,1
2024-07-31,24939417.54268586,-44104285.22754351,169.37639299034643,407634.7450270977,10
2024-08-01,23797808.16199646,-45770190.10555399,173.5297320585691,400899.58903451846,11
2024-08-02,26230190.30386611,-47606367.693040185,177.95287574776165,414921.9712614565,13
2024-08-03,27111783.06654021,-49504258.93389143,182.47068093941584,419881.3837159396,18
2024-08-04,26322285.430432975,-51346883.40587826,186.90254249049877,415559.723272676,20
2024-08-05,29386340.79781224,-53403999.26078004,191.662454550645,431959.0931499612,20
2024-08-06,34067076.91901712,-53403999.26078004,191.662454550645,456380.8617857586,31
2024-08-07,33501496.94643219,-53403999.26078004,191.662454550645,453429.94490477146,24
2024-08-08,35116275.44096705,-55862224.57953389,196.9822232327158,461861.47423576633,20
2024-08-09,34863714.45976557,-58302770.010807574,202.27836274114884,460585.5179369641,16
2024-08-10,37639461.757008016,-60937624.55370714,207.83066490670788,474314.44418928726,12
2024-08-11,39193553.17326608,-60937624.55370714,207.83066490670788,481792.12519923673,21
2024-08-12,37741318.984238796,-63579609.3520718,213.39217122411463,474810.8974902295,19
2024-08-13,40006300.359078884,-66380148.39607386,219.15845959240372,485431.63222178543,20
2024-08-14,47086157.97585805,-66380148.39607386,219.15845959240372,517736.3747808747,25
2024-08-15,51220537.82264559,-66380148.39607386,219.15845959240372,536601.1717614556,46
2024-08-16,51421700.897557706,-66380148.39607386,219.15845959240372,537519.0604675829,56
2024-08-17,62708477.328392595,-66380148.39607386,219.15845959240372,589019.5886782041,71
2024-08-18,69725893.2551388,-66380148.39607386,219.15845959240372,621039.4155185523,70
2024-08-19,63233249.44019672,-66380148.39607386,219.15845959240372,591414.0758122172,66
2024-08-20,55697714.82702662,-66380148.39607386,219.15845959240372,557030.1208091346,68
2024-08-21,59943196.260005236,-66380148.39607386,219.15845959240372,576401.8641626628,72
2024-08-22,64262487.598524675,-66380148.39607386,219.15845959240372,596110.3953622001,70
2024-08-23,61985808.122126386,-66380148.39607386,219.15845959240372,585722.1152080481,70
2024-08-24,61277311.763640925,-66380148.39607386,219.15845959240372,582489.3111456216,66
2024-08-25,62440911.90070523,-66380148.39607386,219.15845959240372,587798.7121116094,67
2024-08-26,64549570.271547705,-66380148.39607386,219.15845959240372,597420.3273336008,69
2024-08-27,57453803.63835992,-66380148.39607386,219.15845959240372,565042.9933881777,67
2024-08-28,36466903.20086782,-66380148.39607386,219.15845959240372,469281.6868133639,66
2024-08-29,41832792.59811565,-66380148.39607386,219.15845959240372,493765.7492001294,65
2024-08-30,45026254.13016698,-66380148.39607386,219.15845959240372,508337.221996528,64
2024-08-31,40643596.0811498,-66380148.39607386,219.15845959240372,488339.5542945002,62
2024-09-01,50671673.49258906,-66380148.39607386,219.15845959240372,534096.7540397883,60
2024-09-02,50671235.97929853,-66380148.39607386,219.15845959240372,534094.7577066723,63
2024-09-03,46967922.76655458,-66380148.39607386,219.15845959240372,517196.87833833095,64
2024-09-04,46329243.085109815,-66380148.39607386,219.15845959240372,514282.6413856137,60
2024-09-05,49595156.845010266,-66380148.39607386,219.15845959240372,529184.7070689301,52
2024-09-06,46817011.05052875,-66380148.39607386,219.15845959240372,516508.2819852333,46
2024-09-07,47543527.414807156,-66380148.39607386,219.15845959240372,519823.309685417,46
2024-09-08,41199227.66153023,-66380148.39607386,219.15845959240372,490874.8503602501,41
2024-09-09,34590303.37667911,-66380148.39607386,219.15845959240372,460718.9335083861,36
2024-09-10,37072193.74589123,-66380148.39607386,219.15845959240372,472043.57219141023,34
2024-09-11,36920045.35519925,-66380148.39607386,219.15845959240372,471349.3330049561,29
2024-09-12,42378885.37128644,-66380148.39607386,219.15845959240372,496257.5205613008,37
2024-09-13,39627180.53638817,-69154148.1236115,224.8904555806506,483708.071910541,20
2024-09-14,44593651.715799734,-69154148.1236115,224.8904555806506,505792.0290379722,28
2024-09-15,40585693.85065192,-69154148.1236115,224.8904555806506,487970.2061651448,26
2024-09-16,38453767.237345725,-69154148.1236115,224.8904555806506,478490.3613767045,22
2024-09-17,37058214.700298354,-71748313.94843625,230.38044089083613,472290.652053625,13
2024-09-18,40925188.59034087,-74613177.41998161,236.23514589319072,489082.0355010214,12
2024-09-19,38015282.42382927,-77274340.33035153,241.81400629859587,476769.8303290972,20
2024-09-20,40580364.90781279,-80115065.29927234,247.63961458569412,487383.37123085465,17
2024-09-21,43409479.97790986,-83153835.25467448,253.72856077463956,498813.8302057262,9
2024-09-22,50807393.95130898,-83153835.25467448,253.72856077463956,527970.6344330986,22
2024-09-23,43894209.12351045,-86226537.43789662,259.8619339193111,500730.3093565464,20
2024-09-24,54481907.65296282,-86226537.43789662,259.8619339193111,541473.8625571468,25
2024-09-25,57913456.44754638,-86226537.43789662,259.8619339193111,554679.139462571,24
2024-09-26,58310738.90147753,-86226537.43789662,259.8619339193111,556207.9607406214,33
2024-09-27,69911863.2559471,-86226537.43789662,259.8619339193111,600851.376494126,50
2024-09-28,44407356.96621984,-86226537.43789662,259.8619339193111,502705.00351420906,44
2024-09-29,45272779.123426184,-86226537.43789662,259.8619339193111,506035.3187479711,36
2024-09-30,54712900.8724321,-86226537.43789662,259.8619339193111,542362.7700473104,41
2024-10-01,58681638.83508073,-86226537.43789662,259.8619339193111,557635.2568744151,38
2024-10-02,55661336.659447,-86226537.43789662,259.8619339193111,546012.5381095669,33
2024-10-03,66369367.28580932,-86226537.43789662,259.8619339193111,587219.1529640813,43
2024-10-04,66420879.98748799,-86226537.43789662,259.8619339193111,587417.3840050873,44
2024-10-05,73073368.79667588,-86226537.43789662,259.8619339193111,613017.4736713696,53
2024-10-06,64858045.91987236,-86226537.43789662,259.8619339193111,581403.2901205213,54
2024-10-07,64630454.880395845,-86226537.43789662,259.8619339193111,580527.4748903183,48
2024-10-08,66026568.44700904,-86226537.43789662,259.8619339193111,585899.9953882482,48
2024-10-09,59808708.19181548,-86226537.43789662,259.8619339193111,561972.4421625255,54
2024-10-10,68493999.30912696,-86226537.43789662,259.8619339193111,595395.1562411805,55
2024-10-11,66539177.03249402,-86226537.43789662,259.8619339193111,587872.6143777004,57
2024-10-12,68896140.3526348,-86226537.43789662,259.8619339193111,596942.6743306622,56
2024-10-13,72786301.46093784,-86226537.43789662,259.8619339193111,611912.7819167583,57
2024-10-14,70844060.44011827,-86226537.43789662,259.8619339193111,604438.6552082937,50
2024-10-15,62972366.0485851,-86226537.43789662,259.8619339193111,574146.8218766084,50
2024-10-16,78685948.53461702,-86226537.43789662,259.8619339193111,634615.7880273457,63
2024-10-17,105290027.44336142,-86226537.43789662,259.8619339193111,736993.5334227337,59
2024-10-18,118709664.88981633,-86226537.43789662,259.8619339193111,788634.9463994484,61
2024-10-19,124789574.69337447,-86226537.43789662,259.8619339193111,812031.6390656625,64
2024-10-20,122867570.6459681,-86226537.43789662,259.8619339193111,804635.3882242324,66
2024-10-21,125076038.81056698,-86226537.43789662,259.8619339193111,813134.0095162783,65
2024-10-22,119595136.62294231,-86226537.43789662,259.8619339193111,792042.4163577107,61
2024-10-23,119978334.2685066,-86226537.43789662,259.8619339193111,793517.0365138252,59
2024-10-24,103733613.31236996,-86226537.43789662,259.8619339193111,731004.1447211368,63
2024-10-25,94211566.87503414,-86226537.43789662,259.8619339193111,694361.4310549925,59
2024-10-26,88771049.95165269,-86226537.43789662,259.8619339193111,673425.2483624141,54
2024-10-27,98476869.36848791,-86226537.43789662,259.8619339193111,710775.1567173982,49
2024-10-28,102295486.68467192,-86226537.43789662,259.8619339193111,725469.9496737599,61
2024-10-29,107282759.06661727,-86226537.43789662,259.8619339193111,744661.9579326299,63
2024-10-30,96394521.9596503,-86226537.43789662,259.8619339193111,702761.8729807959,67
2024-10-31,79319476.91207908,-86226537.43789662,259.8619339193111,637053.7302372992,50
2024-11-01,80611896.4728768,-86226537.43789662,259.8619339193111,642027.2157390235,50
2024-11-02,74079491.70449631,-86226537.43789662,259.8619339193111,616889.2331578238,34
2024-11-03,71457658.58137833,-86226537.43789662,259.8619339193111,606799.9019365297,42
2024-11-04,67995609.73857246,-86226537.43789662,259.8619339193111,593477.254827004,34
2024-11-05,61069059.61972834,-86226537.43789662,259.8619339193111,566822.5231609384,28
2024-11-06,60316443.893198416,-86226537.43789662,259.8619339193111,563926.309332392,28
2024-11-07,63040580.62772645,-86226537.43789662,259.8619339193111,574409.3250378546,26
2024-11-08,68668180.14638968,-86226537.43789662,259.8619339193111,596065.4384738865,40
2024-11-09,62849835.184398904,-86226537.43789662,259.8619339193111,573675.2989323351,31
2024-11-10,56351992.12039147,-86226537.43789662,259.8619339193111,548670.3166095873,26
2024-11-11,60668310.42206974,-86226537.43789662,259.8619339193111,565280.361168936,29
2024-11-12,59082810.841230914,-86226537.43789662,259.8619339193111,559179.0459169255,22
2024-11-13,97232295.44401218,-86226537.43789662,259.8619339193111,705985.7906655694,37
2024-11-14,109266838.52626227,-86226537.43789662,259.8619339193111,752297.0872096291,54
2024-11-15,114209656.7391036,-86226537.43789662,259.8619339193111,771318.0270536931,49
2024-11-16,114801412.67205642,-86226537.43789662,259.8619339193111,773595.2206542632,38
2024-11-17,116741367.35070501,-86226537.43789662,259.8619339193111,781060.5490668924,32
2024-11-18,125345266.42116986,-86226537.43789662,259.8619339193111,814170.0504882756,26
2024-11-19,148679263.37437618,-86226537.43789662,259.8619339193111,903963.8752369658,34
2024-11-20,142758417.5216185,-86226537.43789662,259.8619339193111,881179.2920413517,34
2024-11-21,160638374.80629367,-86226537.43789662,259.8619339193111,949984.8959056984,45
2024-11-22,158245514.91316545,-86226537.43789662,259.8619339193111,940776.6988564484,37
