date,equity,cash,btc,price,fng
2020-01-01,10000.0,10000.0,0.0,7200.0,53
2020-01-02,10000.0,10000.0,0.0,7429.072983051326,41
2020-01-03,10000.0,10000.0,0.0,7527.468927332505,57
2020-01-04,10000.0,10000.0,0.0,7500.231945930529,52
2020-01-05,10000.0,10000.0,0.0,7884.44715426609,50
2020-01-06,10000.0,10000.0,0.0,7434.617132550333,51
2020-01-07,10000.0,10000.0,0.0,7545.790033447096,48
2020-01-08,10000.0,10000.0,0.0,7429.512922357403,59
2020-01-09,10000.0,10000.0,0.0,7484.64044855583,52
2020-01-10,10000.0,10000.0,0.0,7702.362030793924,59
2020-01-11,10000.0,10000.0,0.0,7411.69082345723,56
2020-01-12,10000.0,10000.0,0.0,7271.156965132038,47
2020-01-13,10000.0,10000.0,0.0,7329.734605586209,46
2020-01-14,10000.0,10000.0,0.0,7005.545431524403,47
2020-01-15,10000.0,10000.0,0.0,7370.244913858448,40
2020-01-16,10000.0,10000.0,0.0,7116.451558723758,51
2020-01-17,10000.0,10000.0,0.0,6853.539839908678,50
2020-01-18,10000.0,10000.0,0.0,6733.351372933049,44
2020-01-19,10000.0,10000.0,0.0,6409.466897357017,53
2020-01-20,10000.0,10000.0,0.0,6534.033473594601,50
2020-01-21,10000.0,10000.0,0.0,6489.375131151931,54
2020-01-22,10000.0,10000.0,0.0,6301.646105089406,58
2020-01-23,10000.0,10000.0,0.0,6249.128363792572,56
2020-01-24,10000.0,10000.0,0.0,6651.865472139517,54
2020-01-25,10000.0,10000.0,0.0,6687.790486358481,59
2020-01-26,10000.0,10000.0,0.0,6636.801454576043,45
2020-01-27,10000.0,10000.0,0.0,6706.9089901684565,43
2020-01-28,10000.0,10000.0,0.0,6672.748800048576,53
2020-01-29,10000.0,10000.0,0.0,6773.669250893189,46
2020-01-30,10000.0,10000.0,0.0,7166.493714608571,42
2020-01-31,10000.0,10000.0,0.0,7134.571021765791,38
2020-02-01,10000.0,10000.0,0.0,7457.722723479236,44
2020-02-02,10000.0,10000.0,0.0,7242.430606636449,37
2020-02-03,10000.0,10000.0,0.0,7684.883971095765,40
2020-02-04,10000.0,10000.0,0.0,7614.453233814353,38
2020-02-05,10000.0,10000.0,0.0,8026.600171444713,51
2020-02-06,10000.0,10000.0,0.0,8526.239881543672,46
2020-02-07,10000.0,10000.0,0.0,8638.271436456964,49
2020-02-08,10000.0,10000.0,0.0,8115.339480038167,47
2020-02-09,10000.0,10000.0,0.0,8095.852501821953,47
2020-02-10,10000.0,10000.0,0.0,7846.485373395718,40
2020-02-11,10000.0,10000.0,0.0,7420.632841476003,38
2020-02-12,10000.0,10000.0,0.0,7274.658657499429,39
2020-02-13,10000.0,10000.0,0.0,7666.484927293191,50
2020-02-14,10000.0,10000.0,0.0,8063.379713886112,51
2020-02-15,10000.0,10000.0,0.0,7825.811683951987,48
2020-02-16,10000.0,10000.0,0.0,8157.341672789668,52
2020-02-17,10000.0,10000.0,0.0,7708.640326229497,55
2020-02-18,10000.0,10000.0,0.0,8027.728830159063,60
2020-02-19,10000.0,10000.0,0.0,7987.191311149241,60
2020-02-20,10000.0,10000.0,0.0,8404.603435576346,67
2020-02-21,10000.0,10000.0,0.0,8550.42692003779,65
2020-02-22,10000.0,10000.0,0.0,8734.841462517335,71
2020-02-23,10000.0,10000.0,0.0,9128.22207695067,74
2020-02-24,10000.0,10000.0,0.0,8971.859476824267,70
2020-02-25,10000.0,10000.0,0.0,9146.229347460814,66
2020-02-26,10000.0,10000.0,0.0,8858.712677562571,68
2020-02-27,10000.0,10000.0,0.0,8481.067660359147,64
2020-02-28,10000.0,10000.0,0.0,8332.153174981857,60
2020-02-29,10000.0,10000.0,0.0,8778.72536894462,58
2020-03-01,10000.0,10000.0,0.0,9382.723511568443,67
2020-03-02,10000.0,10000.0,0.0,9670.634522949917,72
2020-03-03,10000.0,10000.0,0.0,9422.512152881742,68
2020-03-04,10000.0,10000.0,0.0,9063.549528830952,63
2020-03-05,10000.0,10000.0,0.0,9198.1451981661,61
2020-03-06,10000.0,10000.0,0.0,9120.870459354064,51
2020-03-07,10000.0,10000.0,0.0,9347.532258390687,50
2020-03-08,10000.0,10000.0,0.0,9004.314014235528,43
2020-03-09,10000.0,10000.0,0.0,8844.964594185814,48
2020-03-10,10000.0,10000.0,0.0,8445.647220529672,35
2020-03-11,10000.0,10000.0,0.0,8569.62376800819,46
2020-03-12,10000.0,10000.0,0.0,9686.073694716137,61
2020-03-13,10000.0,10000.0,0.0,9139.817592811729,57
2020-03-14,10000.0,10000.0,0.0,9004.985396649288,57
2020-03-15,10000.0,10000.0,0.0,9258.5693408688,57
2020-03-16,10000.0,10000.0,0.0,9293.34307215763,56
2020-03-17,10000.0,10000.0,0.0,8267.506612092891,52
2020-03-18,10000.0,10000.0,0.0,7829.182682760458,42
2020-03-19,10000.0,10000.0,0.0,7876.8470457661,34
2020-03-20,10000.0,10000.0,0.0,7715.884733145553,33
2020-03-21,9999.85,9700.0,0.03946062967776495,7598.71300708001,30
2020-03-22,9991.89213635545,9400.238739490429,0.07994402939774631,7400.845332943652,25
2020-03-23,10051.392898511764,9098.692429340424,0.11693864202774254,8147.011566504432,27
2020-03-24,10010.688367906356,8798.367273425894,0.15542157370660978,7800.211164821733,19
2020-03-25,10009.322409449109,8498.083096879773,0.1939378817447443,7792.388464665132,20
2020-03-26,9967.992043730603,8199.03884990415,0.23336965335512494,7580.04808420652,16
2020-03-27,10095.002579761904,7896.184229691989,0.27062569180299867,8124.9431102444605,21
2020-03-28,10197.872069394274,7590.243478498893,0.30657693107477074,8505.625592094562,27
2020-03-29,10232.59409769957,7590.243478498893,0.30657693107477074,8618.882738297872,33
2020-03-30,10257.125937782948,7590.243478498893,0.30657693107477074,8698.901283716064,31
2020-03-31,10146.10960819088,7285.855624435356,0.3430679194789913,8337.281982236405,23
2020-04-01,10113.28032270639,6982.452663709753,0.3798611883002318,8242.030919258108,21
2020-04-02,10058.066456987748,6680.706143802322,0.4171086675915003,8097.075356134961,22
2020-04-03,9797.069859593641,6386.7896392669445,0.4564263009465381,7471.699622161231,21
2020-04-04,9826.137141858324,6092.001103183154,0.49552563689508716,7535.707056597282,15
2020-04-05,9821.690479612222,5797.345968967774,0.5346523279653967,7527.030745305028,19
2020-04-06,9699.035004766245,5506.370554193565,0.574503556050941,7297.891207832519,17
2020-04-07,9683.642600074147,5215.856918486805,0.6144367621801603,7271.351515060118,19
2020-04-08,9568.038163450543,4928.81146790153,0.6549399647275049,7083.438094175875,18
2020-04-09,9507.843393129464,4643.57188751394,0.6957161770081045,6991.747017489373,16
2020-04-10,9337.76968008552,4363.434595051987,0.7372126785137335,6747.489876411377,14
2020-04-11,9555.426975692528,4076.7674857745724,0.7778951590546332,7042.927862639105,7
2020-04-12,9688.277019902376,3786.114815387445,0.8181656785764224,7213.896108162923,15
2020-04-13,9899.708654377197,3489.1191008204105,0.8578909713858849,7472.4991489312015,19
2020-04-14,9837.425823983725,3193.9918991928744,0.8977527009935795,7400.071219433026,21
2020-04-15,10043.90705088535,2892.6701678403438,0.9372234373907425,7630.23692936474,18
2020-04-16,10294.733445369384,2583.823531779721,0.9763081534062225,7898.028800320083,30
2020-04-17,10232.248022295875,2583.823531779721,0.9763081534062225,7834.027057780594,31
2020-04-18,10127.609712845842,2583.823531779721,0.9763081534062225,7726.849514414843,36
2020-04-19,10854.23663854114,2583.823531779721,0.9763081534062225,8471.109329474446,43
2020-04-20,11460.382325448323,2583.823531779721,0.9763081534062225,9091.964215088596,52
2020-04-21,11311.039904406365,2583.823531779721,0.9763081534062225,8938.99773568256,60
2020-04-22,10953.21006762759,2583.823531779721,0.9763081534062225,8572.484524120873,49
2020-04-23,10919.41286961311,2583.823531779721,0.9763081534062225,8537.867177234477,44
2020-04-24,10569.983776155474,2583.823531779721,0.9763081534062225,8179.958567910136,39
2020-04-25,10866.217188659502,2583.823531779721,0.9763081534062225,8483.380608861557,51
2020-04-26,11501.618689067262,2583.823531779721,0.9763081534062225,9134.201252109204,53
2020-04-27,11810.674493689843,2583.823531779721,0.9763081534062225,9450.756843235144,52
2020-04-28,11799.375912088157,2583.823531779721,0.9763081534062225,9439.184081538677,52
2020-04-29,12090.455352845791,2583.823531779721,0.9763081534062225,9737.327080490486,55
2020-04-30,11934.292770214764,2583.823531779721,0.9763081534062225,9577.374936194452,51
2020-05-01,11570.024521079658,2583.823531779721,0.9763081534062225,9204.267072796798,48
2020-05-02,12392.680472159684,2583.823531779721,0.9763081534062225,10046.886227630112,50
2020-05-03,12308.300857405951,2583.823531779721,0.9763081534062225,9960.458992069964,64
2020-05-04,12738.9854496248,2583.823531779721,0.9763081534062225,10401.594908753896,69
2020-05-05,12953.777231533453,2583.823531779721,0.9763081534062225,10621.598993692927,68
2020-05-06,12671.43203717942,2583.823531779721,0.9763081534062225,10332.402193103928,64
2020-05-07,13046.957525487554,2583.823531779721,0.9763081534062225,10717.040472522132,63
2020-05-08,12532.519792533594,2583.823531779721,0.9763081534062225,10190.11899679836,68
2020-05-09,12159.409214895226,2583.823531779721,0.9763081534062225,9807.954230134646,61
2020-05-10,12427.56855759586,2583.823531779721,0.9763081534062225,10082.620934253688,68
2020-05-11,11707.230149798015,2583.823531779721,0.9763081534062225,9344.802239116634,66
2020-05-12,11884.508153314078,2583.823531779721,0.9763081534062225,9526.382207385424,61
2020-05-13,12326.220006080053,2583.823531779721,0.9763081534062225,9978.812980625304,66
2020-05-14,11984.803805121464,2583.823531779721,0.9763081534062225,9629.111710829053,69
2020-05-15,11377.82455442744,2583.823531779721,0.9763081534062225,9007.403033526352,60
2020-05-16,11897.00049941612,2583.823531779721,0.9763081534062225,9539.17770239226,57
2020-05-17,11697.828181383595,2583.823531779721,0.9763081534062225,9335.172115285734,50
2020-05-18,12663.145801729657,2583.823531779721,0.9763081534062225,10323.914877474275,58
2020-05-19,13683.487997450826,2583.823531779721,0.9763081534062225,11369.017483819736,64
2020-05-20,13907.415190343883,2583.823531779721,0.9763081534062225,11598.378666671486,68
2020-05-21,14151.29689274159,2583.823531779721,0.9763081534062225,11848.178590544734,62
2020-05-22,14539.114944885438,2583.823531779721,0.9763081534062225,12245.407734632896,68
2020-05-23,14729.46503781818,2583.823531779721,0.9763081534062225,12440.377009721538,66
2020-05-24,14167.845693755482,2583.823531779721,0.9763081534062225,11865.128977526709,61
2020-05-25,14167.672239872936,2583.823531779721,0.9763081534062225,11864.95131447848,69
2020-05-26,14357.879973324987,2583.823531779721,0.9763081534062225,12059.77477548148,61
2020-05-27,14082.878733758853,2583.823531779721,0.9763081534062225,11778.100143751031,65
2020-05-28,14084.720266695787,2583.823531779721,0.9763081534062225,11779.98636474643,59
2020-05-29,13990.83966705249,2583.823531779721,0.9763081534062225,11683.827586070089,55
2020-05-30,14557.880554232133,2583.823531779721,0.9763081534062225,12264.628724728313,60
2020-05-31,14501.775762676461,2583.823531779721,0.9763081534062225,12207.16245103191,59
2020-06-01,15134.377018063655,2583.823531779721,0.9763081534062225,12855.11489635373,58
2020-06-02,15285.418716498061,2583.823531779721,0.9763081534062225,13009.821889127928,65
2020-06-03,15760.586236615578,2583.823531779721,0.9763081534062225,13496.520190744804,63
2020-06-04,16708.17518478997,2583.823531779721,0.9763081534062225,14467.104063130144,68
2020-06-05,18735.474904135466,2583.823531779721,0.9763081534062225,16543.59980094867,62
2020-06-06,17609.05553378119,2583.823531779721,0.9763081534062225,15389.845869442172,63
2020-06-07,17000.472382362903,2583.823531779721,0.9763081534062225,14766.494369923284,64
2020-06-08,18174.24375635593,2583.823531779721,0.9763081534062225,15968.749385307388,63
2020-06-09,18102.52792069157,2583.823531779721,0.9763081534062225,15895.293237866492,65
2020-06-10,18328.27678885434,2583.823531779721,0.9763081534062225,16126.520302164949,69
2020-06-11,18974.674124717694,2583.823531779721,0.9763081534062225,16788.603614291504,65
2020-06-12,18513.898136135995,2583.823531779721,0.9763081534062225,16316.646080213655,60
2020-06-13,18773.08994429064,2583.823531779721,0.9763081534062225,16582.127636677524,65
2020-06-14,21271.63023196852,21271.63023196852,0.0,19150.87486732091,71
2020-06-15,21271.63023196852,21271.63023196852,0.0,19555.27250464188,66
2020-06-16,21271.63023196852,21271.63023196852,0.0,20905.97711887887,65
2020-06-17,21271.63023196852,21271.63023196852,0.0,21801.534211979502,62
2020-06-18,21271.63023196852,21271.63023196852,0.0,22738.11552682825,66
2020-06-19,21271.63023196852,21271.63023196852,0.0,21849.435642142987,67
2020-06-20,21271.63023196852,21271.63023196852,0.0,22785.66626498989,69
2020-06-21,21271.63023196852,21271.63023196852,0.0,23455.49459409841,64
2020-06-22,21271.63023196852,21271.63023196852,0.0,23156.37807977021,62
2020-06-23,21271.63023196852,21271.63023196852,0.0,23744.29530694979,69
2020-06-24,21271.63023196852,21271.63023196852,0.0,24638.686511388656,64
2020-06-25,21271.63023196852,21271.63023196852,0.0,24418.477862831285,60
2020-06-26,21271.63023196852,21271.63023196852,0.0,23551.132762619563,66
2020-06-27,21271.63023196852,21271.63023196852,0.0,24896.81130298653,68
2020-06-28,21271.63023196852,21271.63023196852,0.0,23328.15270595468,69
2020-06-29,21271.63023196852,21271.63023196852,0.0,23384.00204766647,58
2020-06-30,21271.63023196852,21271.63023196852,0.0,24998.18410465477,67
2020-07-01,21271.63023196852,21271.63023196852,0.0,24142.95231923865,64
2020-07-02,21271.63023196852,21271.63023196852,0.0,24153.39111674068,64
2020-07-03,21271.63023196852,21271.63023196852,0.0,25013.98731464866,57
2020-07-04,21271.63023196852,21271.63023196852,0.0,25688.600785541534,62
2020-07-05,21271.63023196852,21271.63023196852,0.0,25250.441696997303,66
2020-07-06,21271.63023196852,21271.63023196852,0.0,25888.944345614826,72
2020-07-07,21271.63023196852,21271.63023196852,0.0,24726.022755377984,65
2020-07-08,21271.63023196852,21271.63023196852,0.0,24778.75481398648,59
2020-07-09,21271.63023196852,21271.63023196852,0.0,25612.122054637337,69
2020-07-10,21271.63023196852,21271.63023196852,0.0,26952.889091249333,65
2020-07-11,21271.63023196852,21271.63023196852,0.0,25370.650153193517,65
2020-07-12,21271.63023196852,21271.63023196852,0.0,26100.61039095087,60
2020-07-13,21271.63023196852,21271.63023196852,0.0,24430.492434144267,59
2020-07-14,21271.63023196852,21271.63023196852,0.0,22287.207089940068,49
2020-07-15,21271.63023196852,21271.63023196852,0.0,21290.18337013781,49
2020-07-16,21271.63023196852,21271.63023196852,0.0,21775.5696612466,40
2020-07-17,21271.63023196852,21271.63023196852,0.0,21889.45730502613,42
2020-07-18,21271.63023196852,21271.63023196852,0.0,20809.753844016497,35
2020-07-19,21271.63023196852,21271.63023196852,0.0,21939.586889810136,39
2020-07-20,21271.31115751504,20633.481325009463,0.02932924973955286,21747.226341266105,26
2020-07-21,21308.86337087249,19994.205834750934,0.05706352394003267,23038.49193581367,30
2020-07-22,21347.76662109749,19994.205834750934,0.05706352394003267,23720.24531413439,34
2020-07-23,21312.572610983603,19354.81906561989,0.08471787561221676,23109.096294211085,28
2020-07-24,21378.863871381418,19354.81906561989,0.08471787561221676,23891.59066058605,39
2020-07-25,21348.353729886705,19354.81906561989,0.08471787561221676,23531.45248107871,37
2020-07-26,21422.392506867283,18712.13765019264,0.11103419566061531,24409.19070516572,29
2020-07-27,21609.52540061434,18712.13765019264,0.11103419566061531,26094.553422783323,42
2020-07-28,21683.421550008985,18712.13765019264,0.11103419566061531,26760.079470457065,44
2020-07-29,21456.794477593074,18712.13765019264,0.11103419566061531,24719.02291965704,47
2020-07-30,21437.809181529152,18712.13765019264,0.11103419566061531,24548.03689187555,38
2020-07-31,21332.989604275943,18712.13765019264,0.11103419566061531,23604.00720237704,38
2020-08-01,21364.28478140101,18712.13765019264,0.11103419566061531,23885.85890525892,41
2020-08-02,21308.072088838137,18712.13765019264,0.11103419566061531,23379.59421600328,36
2020-08-03,21590.88734282633,18712.13765019264,0.11103419566061531,25926.694704330665,43
2020-08-04,21681.564999604587,18712.13765019264,0.11103419566061531,26743.358942214832,41
2020-08-05,21677.43355372717,18712.13765019264,0.11103419566061531,26706.15017195413,37
2020-08-06,21714.222500917993,18712.13765019264,0.11103419566061531,27037.480056157307,44
2020-08-07,21513.013855749294,18712.13765019264,0.11103419566061531,25225.347820933926,40
2020-08-08,21371.111978590332,18712.13765019264,0.11103419566061531,23947.3462439,34
2020-08-09,21419.501279704473,18069.542972881343,0.13737193807381312,24386.04531460509,24
2020-08-10,21340.638771500446,18069.542972881343,0.13737193807381312,23811.965125377126,31
2020-08-11,21343.358120072135,18069.542972881343,0.13737193807381312,23831.76064264082,33
2020-08-12,21324.792856382155,18069.542972881343,0.13737193807381312,23696.614673600143,34
2020-08-13,21240.17212728299,18069.542972881343,0.13737193807381312,23080.617474421844,36
2020-08-14,21340.752959312227,18069.542972881343,0.13737193807381312,23812.79635636492,46
2020-08-15,21508.255812974603,18069.542972881343,0.13737193807381312,25032.134570639595,56
2020-08-16,21440.02607292212,18069.542972881343,0.13737193807381312,24535.45569277576,46
2020-08-17,21730.519191967604,18069.542972881343,0.13737193807381312,26650.102418436672,69
2020-08-18,21921.525035890267,18069.542972881343,0.13737193807381312,28040.530817430583,64
2020-08-19,21550.34362705942,18069.542972881343,0.13737193807381312,25338.51311253804,52
2020-08-20,21518.24826131817,18069.542972881343,0.13737193807381312,25104.87466940853,50
2020-08-21,21482.364084758345,18069.542972881343,0.13737193807381312,24843.65555098461,47
2020-08-22,21445.723673778804,18069.542972881343,0.13737193807381312,24576.931418725144,45
2020-08-23,21369.558236377103,18069.542972881343,0.13737193807381312,24022.484575580394,38
2020-08-24,21194.431000634995,18069.542972881343,0.13737193807381312,22747.644617742648,36
2020-08-25,21308.86547592145,18069.542972881343,0.13737193807381312,23580.67119428385,33
2020-08-26,21263.330348497282,17431.63349378424,0.16479339402100707,23251.519743713736,27
2020-08-27,21128.143736316124,16797.779673887457,0.19303455598168026,22433.102925051597,18
2020-08-28,21471.717966650198,16153.618472469929,0.21962340403104122,24214.63011942305,30
2020-08-29,21490.99881474658,16153.618472469929,0.21962340403104122,24302.420617805725,36
2020-08-30,21403.571029829767,16153.618472469929,0.21962340403104122,23904.340161387438,39
2020-08-31,21055.29220533809,16153.618472469929,0.21962340403104122,22318.540023063146,31
2020-09-01,22491.63243705081,16153.618472469929,0.21962340403104122,28858.55445390088,38
2020-09-02,22647.94473433743,16153.618472469929,0.21962340403104122,29570.283233337028,45
2020-09-03,22755.506557804343,16153.618472469929,0.21962340403104122,30060.03897654421,41
2020-09-04,22792.55235570622,16153.618472469929,0.21962340403104122,30228.717711241523,43
2020-09-05,22688.692901657112,16153.618472469929,0.21962340403104122,29755.819777128705,40
2020-09-06,22337.061571599887,16153.618472469929,0.21962340403104122,28154.754846874148,36
2020-09-07,22634.331463449915,16153.618472469929,0.21962340403104122,29508.298624057446,43
2020-09-08,22820.036128518088,16153.618472469929,0.21962340403104122,30353.85816670949,47
2020-09-09,22749.5204600309,16153.618472469929,0.21962340403104122,30032.78278406393,57
2020-09-10,22843.007272201983,16153.618472469929,0.21962340403104122,30458.451499033254,58
2020-09-11,22641.20393134538,16153.618472469929,0.21962340403104122,29539.590680228703,55
2020-09-12,22382.190979790386,16153.618472469929,0.21962340403104122,28360.2402703863,47
2020-09-13,22166.386737180845,16153.618472469929,0.21962340403104122,27377.629862530863,41
2020-09-14,22302.108115456143,16153.618472469929,0.21962340403104122,27995.60306476808,42
2020-09-15,21775.28530237419,16153.618472469929,0.21962340403104122,25596.847725344,37
2020-09-16,21863.165604635094,15497.713665758776,0.24483937079293416,25998.481854700218,29
2020-09-17,21981.164328867155,14838.268844220438,0.2697287588590284,26481.77196551701,21
2020-09-18,21831.915678169153,14838.268844220438,0.2697287588590284,25928.44331295013,33
2020-09-19,22073.161151811662,14838.268844220438,0.2697287588590284,26822.84357884316,33
2020-09-20,21830.690380975913,14183.33830883313,0.29497852452308826,25925.114665573623,27
2020-09-21,21844.065500339937,13528.006513846007,0.3201985699543845,25971.568166836703,30
2020-09-22,21744.078005994154,13528.006513846007,0.3201985699543845,25659.30101848552,33
2020-09-23,21916.02838094971,13528.006513846007,0.3201985699543845,26196.312707763373,37
2020-09-24,21904.82887642223,13528.006513846007,0.3201985699543845,26161.335960274853,37
2020-09-25,22086.354825488153,13528.006513846007,0.3201985699543845,26728.25276159531,45
2020-09-26,22226.11988133622,13528.006513846007,0.3201985699543845,27164.74770243149,45
2020-09-27,22184.674101276243,13528.006513846007,0.3201985699543845,27035.30995988978,42
2020-09-28,21002.59001345009,12897.919362135228,0.3471758094790529,23344.5719143743,28
2020-09-29,21137.03271628909,12263.798868839156,0.37388168705221114,23732.731916904024,24
2020-09-30,21102.21893117942,11630.722804762812,0.40064763899672745,23640.46409991193,27
2020-10-01,21321.479470571918,10991.068825835971,0.4270789357359523,24188.527647551484,23
2020-10-02,21114.95929441042,10357.610545129448,0.45378734013073035,23705.70484884377,21
2020-10-03,21918.677437812818,9700.040358442264,0.47958421066136653,25477.563288667377,20
2020-10-04,23429.393215797485,8997.14801858324,0.5041242526395981,28628.349304059284,30
2020-10-05,22952.203608441247,8308.571581683449,0.5289859205694137,27682.46083184033,27
2020-10-06,22675.672201050493,7628.291211446381,0.5540202196172158,27160.346241515632,27
2020-10-07,22434.67243771134,6955.240942561008,0.5791910253494441,26725.951918559345,27
2020-10-08,21682.423059322195,6304.758493544607,0.6047598613150994,25427.720239795028,18
2020-10-09,21933.569421982367,5646.741540630842,0.6302086877810456,25843.54706168393,17
2020-10-10,22284.054039266153,4978.20989147812,0.655518985690813,26400.218034189227,19
2020-10-11,20798.53167049293,4354.244581883689,0.6813597075264107,24134.516477806003,18
2020-10-12,20955.85090570413,3725.559624438203,0.7071486765883491,24365.86795918754,21
2020-10-13,20439.022499664527,3112.379751750177,0.7330789451443174,23635.43907880664,23
2020-10-14,21485.244146774385,2467.812758842052,0.7587839162118808,25063.039663352534,23
2020-10-15,21439.217917915288,2467.812758842052,0.7587839162118808,25002.381776600163,31
2020-10-16,20442.54259455797,2467.812758842052,0.7587839162118808,23688.86510596082,34
2020-10-17,19892.054641447052,2467.812758842052,0.7587839162118808,22963.377992502807,32
2020-10-18,20393.178059912178,1856.008239976904,0.7846683201933645,23624.21081988781,25
2020-10-19,21266.388566596317,1218.0070129606092,0.8104463219527668,24737.457633627386,30
2020-10-20,20951.131413091796,589.4636424172971,0.8362474998914282,24348.853387684983,27
2020-10-21,20838.13249425146,589.4636424172971,0.8362474998914282,24213.72722126295,32
2020-10-22,21230.083742505984,589.4636424172971,0.8362474998914282,24682.429666777483,31
2020-10-23,22223.527918576503,589.4636424172971,0.8362474998914282,25870.40831687748,35
2020-10-24,23111.718156751052,589.4636424172971,0.8362474998914282,26932.52238991192,34
2020-10-25,23238.710391604625,589.4636424172971,0.8362474998914282,27084.38201863435,35
2020-10-26,23520.69424093298,589.4636424172971,0.8362474998914282,27421.583444486103,37
2020-10-27,23146.471961903637,589.4636424172971,0.8362474998914282,26974.081623460715,36
2020-10-28,22912.431275236497,589.4636424172971,0.8362474998914282,26694.211505227147,45
2020-10-29,24504.164206985275,589.4636424172971,0.8362474998914282,28597.634752478032,58
2020-10-30,26228.043750964687,589.4636424172971,0.8362474998914282,30659.081326851323,64
2020-10-31,26579.366962338812,589.4636424172971,0.8362474998914282,31079.200025465954,66
2020-11-01,26641.29179139775,589.4636424172971,0.8362474998914282,31153.250864562007,69
2020-11-02,27308.227396732447,589.4636424172971,0.8362474998914282,31950.784615540382,62
2020-11-03,28092.241643532427,589.4636424172971,0.8362474998914282,32888.32313960385,58
2020-11-04,27501.216552465965,589.4636424172971,0.8362474998914282,32181.564564967524,57
2020-11-05,27594.902975947014,589.4636424172971,0.8362474998914282,32293.59649749134,53
2020-11-06,26748.079491113378,589.4636424172971,0.8362474998914282,31280.949541962527,55
2020-11-07,26577.947107324504,589.4636424172971,0.8362474998914282,31077.50213696465,64
2020-11-08,25360.814968009294,589.4636424172971,0.8362474998914282,29622.03334396589,63
2020-11-09,26649.213705330694,589.4636424172971,0.8362474998914282,31162.72403361061,58
2020-11-10,25711.30724322137,589.4636424172971,0.8362474998914282,30041.158393975104,68
2020-11-11,27767.28921376984,589.4636424172971,0.8362474998914282,32499.739102216867,67
2020-11-12,27269.69892584051,589.4636424172971,0.8362474998914282,31904.711567911607,64
2020-11-13,26391.329483228394,589.4636424172971,0.8362474998914282,30854.34138118321,60
2020-11-14,27526.98219076447,589.4636424172971,0.8362474998914282,32212.37558479341,66
2020-11-15,35550.73497715183,589.4636424172971,0.8362474998914282,41807.325390238686,59
2020-11-16,38381.10807774302,589.4636424172971,0.8362474998914282,45191.93712415557,66
2020-11-17,41962.73409610206,589.4636424172971,0.8362474998914282,49474.91078784252,59
2020-11-18,39434.341744671045,589.4636424172971,0.8362474998914282,46451.41313701632,62
2020-11-19,39430.039727840995,589.4636424172971,0.8362474998914282,46446.26870689174,63
2020-11-20,39451.92678180066,589.4636424172971,0.8362474998914282,46472.441644882594,62
2020-11-21,39359.16602131888,589.4636424172971,0.8362474998914282,46361.51663704242,61
2020-11-22,38457.31754009712,589.4636424172971,0.8362474998914282,45283.06978806668,62
2020-11-23,39671.164336529015,589.4636424172971,0.8362474998914282,46734.60990817405,62
2020-11-24,41043.48425344989,589.4636424172971,0.8362474998914282,48375.65507374889,62
2020-11-25,39442.11192244415,589.4636424172971,0.8362474998914282,46460.70485719978,64
2020-11-26,39909.026106172794,589.4636424172971,0.8362474998914282,47019.04934706583,57
2020-11-27,39903.82553139576,589.4636424172971,0.8362474998914282,47012.83040497309,60
2020-11-28,38292.49180731341,589.4636424172971,0.8362474998914282,45085.96817304826,59
2020-11-29,38338.75743354361,589.4636424172971,0.8362474998914282,45141.2934520311,58
2020-11-30,37797.99170205059,589.4636424172971,0.8362474998914282,44494.63593549057,64
2020-12-01,36842.15108273958,589.4636424172971,0.8362474998914282,43351.62430384431,66
2020-12-02,36208.98722714213,589.4636424172971,0.8362474998914282,42594.475426652265,62
2020-12-03,36309.233403871214,589.4636424172971,0.8362474998914282,42714.351631653895,61
2020-12-04,39404.68383718608,589.4636424172971,0.8362474998914282,46415.94767076522,55
2020-12-05,39045.88606649549,589.4636424172971,0.8362474998914282,45986.89075790489,57
2020-12-06,36985.57126912744,589.4636424172971,0.8362474998914282,43523.12877639158,55
2020-12-07,37673.80894339065,589.4636424172971,0.8362474998914282,44346.1359295999,55
2020-12-08,39066.33329935711,589.4636424172971,0.8362474998914282,46011.34193158765,56
2020-12-09,37484.57038557217,589.4636424172971,0.8362474998914282,44119.84101350981,58
2020-12-10,44941.33854361923,589.4636424172971,0.8362474998914282,53036.78026775593,59
2020-12-11,44524.07677247034,589.4636424172971,0.8362474998914282,52537.811037709725,63
2020-12-12,44478.24269327673,589.4636424172971,0.8362474998914282,52483.00181053767,52
2020-12-13,46361.38244188021,589.4636424172971,0.8362474998914282,54734.89463993085,53
2020-12-14,43897.406593281055,589.4636424172971,0.8362474998914282,51788.4274171062,52
2020-12-15,45463.33674541106,589.4636424172971,0.8362474998914282,53660.995230263565,56
2020-12-16,44458.562262470106,589.4636424172971,0.8362474998914282,52459.467592726345,52
2020-12-17,46146.749390221,589.4636424172971,0.8362474998914282,54478.232525321146,51
2020-12-18,45340.196107265576,589.4636424172971,0.8362474998914282,53513.7414110755,43
2020-12-19,43693.223317991884,589.4636424172971,0.8362474998914282,51544.26133551471,45
2020-12-20,43891.11587441216,589.4636424172971,0.8362474998914282,51780.9048608418,52
2020-12-21,43237.86894378621,589.4636424172971,0.8362474998914282,50999.74027654019,48
2020-12-22,42693.26232667213,589.4636424172971,0.8362474998914282,50348.48975897836,48
2020-12-23,40439.57467378539,589.4636424172971,0.8362474998914282,47653.48899284233,39
2020-12-24,39112.461682130044,589.4636424172971,0.8362474998914282,46066.50309234319,35
2020-12-25,36336.62400521571,-500.65142946525236,0.8617358547310014,42747.757601637735,30
2020-12-26,35142.655064419625,-1554.9468958298366,0.8872120689865862,41362.82997386084,13
2020-12-27,37027.524871063324,-2665.789304597868,0.9127429847077121,43487.94221450214,24
2020-12-28,34516.79435256751,-3701.308667965344,0.9381494305642541,40737.75645479676,24
2020-12-29,38765.863704110714,-3701.308667965344,0.9381494305642541,45266.95959995838,34
2020-12-30,39837.5357387572,-3701.308667965344,0.9381494305642541,46409.28511840157,33
2020-12-31,40268.15785149717,-3701.308667965344,0.9381494305642541,46868.29740227725,36
2021-01-01,42439.091594328835,-3701.308667965344,0.9381494305642541,49182.3570521626,43
2021-01-02,42256.07391811729,-3701.308667965344,0.9381494305642541,48987.27333708593,49
2021-01-03,42948.195170330146,-3701.308667965344,0.9381494305642541,49725.02494643944,51
2021-01-04,44874.24373907438,-3701.308667965344,0.9381494305642541,51778.05456623658,42
2021-01-05,42282.142651092734,-3701.308667965344,0.9381494305642541,49015.06073654079,43
2021-01-06,44374.46195336201,-3701.308667965344,0.9381494305642541,51245.32303176048,42
2021-01-07,44562.026766949035,-3701.308667965344,0.9381494305642541,51445.25366911557,49
2021-01-08,45107.67498080084,-3701.308667965344,0.9381494305642541,52026.87552601274,47
2021-01-09,45246.10927494219,-3701.308667965344,0.9381494305642541,52174.43655374591,38
2021-01-10,44658.20897231383,-3701.308667965344,0.9381494305642541,51547.77700093377,33
2021-01-11,45753.590635603934,-3701.308667965344,0.9381494305642541,52715.37528283145,34
2021-01-12,45220.95766435452,-3701.308667965344,0.9381494305642541,52147.62674097169,33
2021-01-13,44331.0872114142,-3701.308667965344,0.9381494305642541,51199.08866809229,38
2021-01-14,42665.863279106525,-4981.303766265014,0.9640343323726909,49424.76159339871,28
2021-01-15,43664.27135730198,-4981.303766265014,0.9640343323726909,50460.41773620243,31
2021-01-16,39642.25039045575,-6170.589117258951,0.9897141197573837,46288.96222976506,23
2021-01-17,40762.065475338975,-7393.469424723732,1.0154889455552185,47421.03310020147,27
2021-01-18,42437.85133769409,-7393.469424723732,1.0154889455552185,49071.25870796412,31
2021-01-19,41459.725094733316,-7393.469424723732,1.0154889455552185,48108.05152856348,34
2021-01-20,44643.81280353973,-7393.469424723732,1.0154889455552185,51243.57331119157,39
2021-01-21,45523.2352897318,-7393.469424723732,1.0154889455552185,52109.58223235343,37
2021-01-22,41524.34771899345,-7393.469424723732,1.0154889455552185,48171.68848349341,33
2021-01-23,45767.56999043169,-7393.469424723732,1.0154889455552185,52350.19016980991,42
2021-01-24,46402.79745266147,-7393.469424723732,1.0154889455552185,52975.728699805884,59
2021-01-25,52269.5206143363,-7393.469424723732,1.0154889455552185,58752.968508622514,65
2021-01-26,48607.82385226734,-7393.469424723732,1.0154889455552185,55147.12249907592,63
2021-01-27,49824.08246741893,49824.08246741893,0.0,56373.01639786255,71
2021-01-28,49824.08246741893,49824.08246741893,0.0,58890.41684028964,65
2021-01-29,49824.08246741893,49824.08246741893,0.0,57902.70036541797,63
2021-01-30,49824.08246741893,49824.08246741893,0.0,54390.718180647615,56
2021-01-31,49824.08246741893,49824.08246741893,0.0,62420.35001905253,62
2021-02-01,49824.08246741893,49824.08246741893,0.0,61985.9243479549,62
2021-02-02,49824.08246741893,49824.08246741893,0.0,61461.86649894723,57
2021-02-03,49824.08246741893,49824.08246741893,0.0,63549.85808602402,52
2021-02-04,49824.08246741893,49824.08246741893,0.0,65030.159890939176,60
2021-02-05,49824.08246741893,49824.08246741893,0.0,62600.02889692535,56
2021-02-06,49824.08246741893,49824.08246741893,0.0,59226.35359866913,48
2021-02-07,49824.08246741893,49824.08246741893,0.0,59496.15015720602,48
2021-02-08,49824.08246741893,49824.08246741893,0.0,61509.90600567679,53
2021-02-09,49824.08246741893,49824.08246741893,0.0,64116.57788613152,55
2021-02-10,49824.08246741893,49824.08246741893,0.0,66092.0304189353,56
2021-02-11,49824.08246741893,49824.08246741893,0.0,66806.04098256386,59
2021-02-12,49824.08246741893,49824.08246741893,0.0,67914.78263158492,71
2021-02-13,49824.08246741893,49824.08246741893,0.0,69566.51867056165,67
2021-02-14,49824.08246741893,49824.08246741893,0.0,68100.04928676756,66
2021-02-15,49824.08246741893,49824.08246741893,0.0,68658.39240415856,73
2021-02-16,49824.08246741893,49824.08246741893,0.0,67893.81732793391,68
2021-02-17,49824.08246741893,49824.08246741893,0.0,65556.79485034656,58
2021-02-18,49824.08246741893,49824.08246741893,0.0,63164.9081754466,65
2021-02-19,49824.08246741893,49824.08246741893,0.0,66212.29718361238,54
2021-02-20,49824.08246741893,49824.08246741893,0.0,67266.25824146677,59
2021-02-21,49824.08246741893,49824.08246741893,0.0,67141.7362549422,68
2021-02-22,49824.08246741893,49824.08246741893,0.0,69352.04542651675,64
2021-02-23,49824.08246741893,49824.08246741893,0.0,70294.55800098453,63
2021-02-24,49824.08246741893,49824.08246741893,0.0,74279.57683426254,66
2021-02-25,49824.08246741893,49824.08246741893,0.0,76022.1066784335,59
2021-02-26,49824.08246741893,49824.08246741893,0.0,78573.01987845279,63
2021-02-27,49824.08246741893,49824.08246741893,0.0,79082.77706803444,63
2021-02-28,49824.08246741893,49824.08246741893,0.0,69407.28301734458,56
2021-03-01,49824.08246741893,49824.08246741893,0.0,67722.60915659051,55
2021-03-02,49824.08246741893,49824.08246741893,0.0,69697.26812527033,52
2021-03-03,49824.08246741893,49824.08246741893,0.0,65481.40593565898,43
2021-03-04,49824.08246741893,49824.08246741893,0.0,62281.96784235026,47
2021-03-05,49824.08246741893,49824.08246741893,0.0,62017.26585335648,38
2021-03-06,49824.08246741893,49824.08246741893,0.0,61764.49556150202,33
2021-03-07,49824.08246741893,49824.08246741893,0.0,61808.7240971792,32
2021-03-08,49823.33510618192,48329.35999339636,0.025705583889038625,58118.699782680975,27
2021-03-09,49824.58764761665,48329.35999339636,0.025705583889038625,58167.42621660053,34
2021-03-10,49807.43147283424,48329.35999339636,0.025705583889038625,57500.01578715982,31
2021-03-11,49836.85292123788,46834.23197883901,0.051174945202012476,58673.65232236321,26
2021-03-12,49628.38424172764,45345.35811847927,0.0784228008034187,54614.5518824885,25
2021-03-13,49633.32877407493,43856.335919924044,0.10563722285921492,54687.09511466437,21
2021-03-14,49588.17443401506,42368.66837189037,0.13303752559300777,54266.68926638646,20
2021-03-15,49198.77870620861,40892.6828709216,0.16176942955768453,51345.2749261577,15
2021-03-16,48865.55045926517,39426.694367316086,0.1914967209424318,49289.90974621762,9
2021-03-17,48629.87227509891,37967.776315292336,0.22183582833954826,48063.00244470369,6
2021-03-18,47941.275203443605,36529.51648529158,0.2538080622928987,44962.16004747189,9
2021-03-19,47721.50429430312,35097.84988146342,0.28625659786662594,44099.086298515205,5
2021-03-20,48999.374071932194,33627.846609256376,0.3165097912990914,48565.72493250368,6
2021-03-21,48682.78088617894,32167.341275090996,0.3471981149848765,47567.76865510153,9
2021-03-22,48356.563362301924,30716.622613442014,0.3782936415743156,46630.286132881134,6
2021-03-23,48436.85370562557,29263.495205362127,0.40929839961920644,46844.45020577042,7
2021-03-24,48560.06875309669,27806.6712904105,0.4401823833135643,47147.269516923145,8
2021-03-25,49322.59564723243,26326.971225492554,0.47043857107369336,48881.24791565539,8
2021-03-26,53211.45531443962,24730.60362054529,0.49835783898084296,57149.4004230746,7
2021-03-27,54386.5364266962,23098.9830534359,0.5257622029899518,59508.94376836415,10
2021-03-28,53982.536310290896,21479.482671621445,0.5533181008482769,58742.0754694992,5
2021-03-29,55172.08326919342,19824.295345735754,0.5804862233663496,60893.41400467551,10
2021-03-30,55480.05558062512,18159.868711917494,0.6075693958196035,61425.38963530769,23
2021-03-31,55782.14830083728,16486.379160549106,0.6345807854690922,61923.98200528576,21
2021-04-01,56390.87418320036,14794.627558779068,0.6614698248703648,62884.57169240237,23
2021-04-02,57089.70597083001,13081.91068890112,0.688241761200682,63942.34956791121,29
2021-04-03,58267.59161364686,13081.91068890112,0.688241761200682,65653.79125776445,38
2021-04-04,58031.47058958255,13081.91068890112,0.688241761200682,65310.71265170546,39
2021-04-05,58150.67961826376,13081.91068890112,0.688241761200682,65483.92072392886,37
2021-04-06,57185.82417003848,13081.91068890112,0.688241761200682,64082.00717752908,41
2021-04-07,57299.731266946255,13081.91068890112,0.688241761200682,64247.51166058901,44
2021-04-08,56454.69385979469,13081.91068890112,0.688241761200682,63019.69106789881,46
2021-04-09,57623.91450225735,13081.91068890112,0.688241761200682,64718.542704601125,54
2021-04-10,54960.587129393665,13081.91068890112,0.688241761200682,60848.78715792036,41
2021-04-11,54442.36411236954,13081.91068890112,0.688241761200682,60095.820618778576,43
2021-04-12,53635.43903321393,13081.91068890112,0.688241761200682,58923.376392569626,43
2021-04-13,52950.38997352286,13081.91068890112,0.688241761200682,57928.01531698485,44
2021-04-14,54116.50398571647,13081.91068890112,0.688241761200682,59622.35308887368,45
2021-04-15,53237.91462328113,13081.91068890112,0.688241761200682,58345.78225001239,54
2021-04-16,52243.16658661624,13081.91068890112,0.688241761200682,56900.4354362278,56
2021-04-17,51254.5410029334,13081.91068890112,0.688241761200682,55463.98441070718,63
2021-04-18,52026.94410383038,13081.91068890112,0.688241761200682,56586.26896889712,68
2021-04-19,52904.882578174555,13081.91068890112,0.688241761200682,57861.89408181175,66
2021-04-20,54339.99516681976,54339.99516681976,0.0,59977.06934816797,73
2021-04-21,54339.99516681976,54339.99516681976,0.0,62282.33889263904,72
2021-04-22,54339.99516681976,54339.99516681976,0.0,62823.19913629536,76
2021-04-23,54339.99516681976,54339.99516681976,0.0,60264.61483498124,72
2021-04-24,54339.99516681976,54339.99516681976,0.0,57560.67696616956,54
2021-04-25,54339.99516681976,54339.99516681976,0.0,59717.57171199533,48
2021-04-26,54339.99516681976,54339.99516681976,0.0,60977.03256535805,45
2021-04-27,54339.99516681976,54339.99516681976,0.0,64785.46415053214,48
2021-04-28,54339.99516681976,54339.99516681976,0.0,70662.79903182184,57
2021-04-29,54339.99516681976,54339.99516681976,0.0,73764.72376044489,59
2021-04-30,54339.99516681976,54339.99516681976,0.0,77005.75471024633,61
2021-05-01,54339.99516681976,54339.99516681976,0.0,74158.96194247417,60
2021-05-02,54339.99516681976,54339.99516681976,0.0,70464.25373423111,53
2021-05-03,54339.99516681976,54339.99516681976,0.0,69915.11288377293,50
2021-05-04,54339.99516681976,54339.99516681976,0.0,69474.38064022538,43
2021-05-05,54339.99516681976,54339.99516681976,0.0,76016.7139885546,47
2021-05-06,54339.99516681976,54339.99516681976,0.0,75588.55003187167,52
2021-05-07,54339.99516681976,54339.99516681976,0.0,78102.80985415124,59
2021-05-08,54339.99516681976,54339.99516681976,0.0,72586.3507075563,58
2021-05-09,54339.99516681976,54339.99516681976,0.0,69789.72603254886,53
2021-05-10,54339.99516681976,54339.99516681976,0.0,72340.58552796229,64
2021-05-11,54339.99516681976,54339.99516681976,0.0,76005.3083430996,60
2021-05-12,54339.99516681976,54339.99516681976,0.0,77658.24142710704,69
2021-05-13,54339.99516681976,54339.99516681976,0.0,79770.53150306325,63
2021-05-14,54339.99516681976,54339.99516681976,0.0,77476.91984965505,66
2021-05-15,54339.99516681976,54339.99516681976,0.0,83404.44101971506,68
2021-05-16,54339.99516681976,54339.99516681976,0.0,81913.53352615677,67
2021-05-17,54339.99516681976,54339.99516681976,0.0,80457.55819826623,67
2021-05-18,54339.99516681976,54339.99516681976,0.0,63008.4232988641,57
2021-05-19,54339.99516681976,54339.99516681976,0.0,67724.86168500724,48
2021-05-20,54339.99516681976,54339.99516681976,0.0,69610.84321656199,40
2021-05-21,54339.99516681976,54339.99516681976,0.0,71514.0155531419,48
2021-05-22,54339.99516681976,54339.99516681976,0.0,71254.00820951487,48
2021-05-23,54339.99516681976,54339.99516681976,0.0,69010.28507461744,45
2021-05-24,54339.99516681976,54339.99516681976,0.0,66969.74904296448,44
2021-05-25,54339.99516681976,54339.99516681976,0.0,71641.09325650393,55
2021-05-26,54339.99516681976,54339.99516681976,0.0,60736.02052820557,39
2021-05-27,54339.99516681976,54339.99516681976,0.0,62005.70624802934,33
2021-05-28,54339.18006689226,52709.79531181517,0.026567572626067,61329.83159622214,18
2021-05-29,54418.64041885044,51077.21161049414,0.051924698421972004,64351.434094075885,22
2021-05-30,54141.51892177771,49452.94167879183,0.07942690770764563,59030.08663315432,7
2021-05-31,54057.866878415574,47831.18134603437,0.10738052909178217,57987.100501796,11
2021-06-01,53720.4602824929,46219.54336298984,0.1367471710393404,54852.44676356151,9
2021-06-02,53530.89066617798,44613.59255374236,0.16676562211255586,53472.04057690634,9
2021-06-03,53391.285389846315,43011.82996560815,0.19717919687999458,52639.70838949717,3
2021-06-04,53255.804608134036,41414.13186189257,0.22791441155230666,51956.66507259803,0
2021-06-05,52127.06256906305,39850.29652729066,0.26116548073999335,47007.61374354324,2
2021-06-06,52325.007277494355,38280.52276235935,0.2940111284426152,47768.54736597562,5
2021-06-07,52446.644580603956,36707.09982359715,0.32664863371388225,48184.93981760649,0
2021-06-08,53290.71362914394,35108.35443354198,0.35812197423605596,50771.41450029275,4
2021-06-09,52794.25577056657,33524.50300265352,0.39017592501723697,49387.34435514381,0
2021-06-10,52994.709433202974,31934.637871680465,0.42201901942303016,49903.13372680481,1
2021-06-11,52160.34892760047,30369.803931343347,0.45465243119571846,47927.91922161028,5
2021-06-12,53018.48276023756,28779.225589861097,0.48656481582943856,49817.118669084666,5
2021-06-13,52115.72903141607,27215.730266488765,0.5191462166648344,47963.36362594158,3
2021-06-14,50013.821579659634,25715.293112541665,0.5532951797862686,43916.03136051936,4
2021-06-15,49246.68513127353,24237.87039726273,0.5880154586598015,42530.87970001779,0
2021-06-16,50796.222709900205,22713.960857322625,0.6217377551521768,45167.37421825727,0
2021-06-17,51426.82493427007,21171.132966876165,0.6551279795395362,46182.8725261581,6
2021-06-18,51137.644437630115,19636.98062146208,0.688649995618531,45742.63271122916,6
2021-06-19,53175.784600590836,18041.683153982343,0.7213889740171591,48703.40788681474,4
2021-06-20,51326.70676666785,16501.858853617803,0.7547442511038285,46141.25627604054,1
2021-06-21,52553.42016197158,14925.232599364841,0.7877339075124463,47767.637274154295,1
2021-06-22,52034.30624805775,13364.17999613406,0.8208539304084176,47109.631591437086,0
2021-06-23,52275.67309487687,11795.886278881995,0.8539205223143361,47404.6304757785,8
2021-06-24,49285.78894140828,10317.290431702038,0.8875815099756825,43904.13508137848,8
2021-06-25,51846.820927269866,8761.862472464554,0.9208073364060488,46790.41613956702,13
2021-06-26,50460.67001380166,7248.0196644083835,0.9542192101987987,45285.87340050564,11
2021-06-27,49521.20794434813,5762.361141200092,0.9877371500617702,44302.1170160619,16
2021-06-28,51769.66783517334,4209.247809444915,1.0210639177475656,46579.277946326016,11
2021-06-29,47844.80737636557,2773.8820576676717,1.0546338616141273,42736.08781128686,7
2021-06-30,50605.33463533397,1255.6992458654754,1.0880909480022354,45354.32950717564,11
2021-07-01,49532.61417306477,-230.30146933719607,1.1215659661441353,44369.13845868858,13
2021-07-02,49915.56017540181,-1727.7907369382647,1.1550416730298916,44711.24472666848,21
2021-07-03,49566.034835594255,-1727.7907369382647,1.1550416730298916,44408.63630312071,31
2021-07-04,52109.70298052599,-3291.1052760721313,1.18856411745202,46611.54366275451,29
2021-07-05,51518.088017679576,-3291.1052760721313,1.18856411745202,46113.78762741779,33
2021-07-06,42258.75719446908,-4558.887008632192,1.221628223805426,38323.97065717935,17
2021-07-07,36965.49605214286,-5667.868524919222,1.2542372009227145,33991.46871556485,7
2021-07-08,35874.75684840196,-6744.127374254021,1.2867144807193163,33122.25428506144,4
2021-07-09,34673.0495843118,-7784.334464889735,1.3190142075655114,32188.723825473127,0
2021-07-10,36597.422144531214,-8882.273598312673,1.3516279530319997,33648.08758269826,2
2021-07-11,36627.62138409469,-9981.118722512378,1.3842465571884157,33670.83693621421,9
2021-07-12,35317.96986076787,-11040.67371166025,1.416607801195632,32725.10820094379,2
2021-07-13,34132.40992229075,-12064.661369143836,1.448703178801034,31888.56900946949,1
2021-07-14,32593.434322772337,-13042.479066092461,1.4804072584245116,30826.593918103143,0
2021-07-15,33969.12172267906,-14061.568004106903,1.51248223478268,31756.200914113357,6
2021-07-16,36450.078734156625,-15155.086768913074,1.5452090008732338,33396.88383507112,5
2021-07-17,37961.803188871665,-16293.957947646904,1.578322672334635,34375.582437946054,5
2021-07-18,36266.40120681709,-17381.966303976762,1.6109775458092455,33301.7475323311,5
2021-07-19,38159.68692917817,-18526.774083968805,1.6441655838627935,34477.343139593104,8
2021-07-20,37861.88153168718,-19662.64756802168,1.6772681908941265,34296.559972942305,8
2021-07-21,40709.50142568715,-20883.95093034273,1.7111813177155364,35994.696598405164,11
2021-07-22,36080.12389532992,-21966.370883501924,1.7436802762305748,33289.64350294462,6
2021-07-23,36793.64470255935,-23070.19678196718,1.7764191889011336,33699.163946521774,5
2021-07-24,33922.544648388895,-24087.88838679292,1.8081236971190886,32083.221478492174,1
2021-07-25,33668.7323910843,-25097.965509682293,1.839728995752278,31943.12751304791,4
2021-07-26,35525.678797852204,-26163.751860413122,1.872055664157226,32952.77583855236,6
2021-07-27,33109.14144593955,-27157.04100312845,1.9034114347824935,31662.194178188663,2
2021-07-28,33174.34820422101,-28152.2863779357,1.93479474376872,31696.713452250067,4
2021-07-29,36043.13892991096,-29233.59676548884,1.9673679368973525,33179.72935878217,8
2021-07-30,62414.875456903865,-31106.07111631122,2.0075428178852066,46584.78301933917,21
2021-07-31,69500.7219520798,-33191.12405066763,2.0491274529389187,50114.91396275218,30
2021-08-01,63964.86476632232,-33191.12405066763,2.0491274529389187,47413.34594763541,32
2021-08-02,64949.553067218156,-35139.63987042147,2.089790727136669,47894.361687965305,29
2021-08-03,62850.16749398028,-35139.63987042147,2.089790727136669,46889.77039278124,31
2021-08-04,63021.621918755045,-37030.316888139394,2.1300215232398028,46972.26657818629,30
2021-08-05,58940.84225793046,-37030.316888139394,2.1300215232398028,45056.42694168457,41
2021-08-06,58228.05510429607,-37030.316888139394,2.1300215232398028,44721.78846697553,44
2021-08-07,58708.14251121848,-37030.316888139394,2.1300215232398028,44947.17933823405,49
2021-08-08,44312.53419935543,-37030.316888139394,2.1300215232398028,38188.746076035335,45
2021-08-09,43379.3373029004,-37030.316888139394,2.1300215232398028,37750.62989445064,32
2021-08-10,42643.95798636177,-37030.316888139394,2.1300215232398028,37405.38487766785,32
2021-08-11,46592.803752989406,-37030.316888139394,2.1300215232398028,39259.28434466543,44
2021-08-12,54883.8975808774,-37030.316888139394,2.1300215232398028,43151.77732533592,47
2021-08-13,61656.44736541025,-37030.316888139394,2.1300215232398028,46331.34603421529,56
2021-08-14,66621.77788021206,-37030.316888139394,2.1300215232398028,48662.463565482976,54
2021-08-15,66388.7735798863,-37030.316888139394,2.1300215232398028,48553.072980559984,57
2021-08-16,68260.12400400972,-37030.316888139394,2.1300215232398028,49431.63237712283,61
2021-08-17,66774.70795991586,-37030.316888139394,2.1300215232398028,48734.26099946909,64
2021-08-18,70510.83689206345,-37030.316888139394,2.1300215232398028,50488.29441715252,56
2021-08-19,70632.31515207069,-37030.316888139394,2.1300215232398028,50545.32588781225,52
2021-08-20,68363.28106752198,-37030.316888139394,2.1300215232398028,49480.06243399632,53
2021-08-21,66355.78196495834,-37030.316888139394,2.1300215232398028,48537.58411597904,51
2021-08-22,71714.51657089968,-37030.316888139394,2.1300215232398028,51053.39653734397,54
2021-08-23,78146.17072892099,-37030.316888139394,2.1300215232398028,54072.921968354,57
2021-08-24,74132.07509021334,-37030.316888139394,2.1300215232398028,52188.3890681408,60
2021-08-25,81203.53463859762,-37030.316888139394,2.1300215232398028,55508.289581459765,55
2021-08-26,75511.5134414667,-37030.316888139394,2.1300215232398028,52836.00616318086,52
2021-08-27,70094.5701457531,-37030.316888139394,2.1300215232398028,50292.86599459029,54
2021-08-28,78674.37306093297,-37030.316888139394,2.1300215232398028,54320.90177806436,58
2021-08-29,86510.79015014236,-37030.316888139394,2.1300215232398028,57999.93365812258,60
2021-08-30,88436.34364209195,-37030.316888139394,2.1300215232398028,58903.94024723008,51
2021-08-31,93618.68517579815,-37030.316888139394,2.1300215232398028,61336.93985646584,59
2021-09-01,92098.4409199287,-37030.316888139394,2.1300215232398028,60623.21737090282,62
2021-09-02,85331.76770291368,-37030.316888139394,2.1300215232398028,57446.40758603136,64
2021-09-03,85563.06715484036,-37030.316888139394,2.1300215232398028,57554.99778073271,57
2021-09-04,88647.38811865858,-37030.316888139394,2.1300215232398028,59003.02115991759,66
2021-09-05,92308.75673725018,-37030.316888139394,2.1300215232398028,60721.95619350475,67
2021-09-06,81425.73732536587,-37030.316888139394,2.1300215232398028,55612.60903755159,53
2021-09-07,86194.16883527547,-37030.316888139394,2.1300215232398028,57851.28665553957,58
2021-09-08,95088.7789793285,-37030.316888139394,2.1300215232398028,62027.11776663752,62
2021-09-09,89321.99150221433,-37030.316888139394,2.1300215232398028,59319.73316315108,66
2021-09-10,90383.35644905224,90383.35644905224,0.0,59847.94550306595,73
2021-09-11,90383.35644905224,90383.35644905224,0.0,57371.36243815799,65
2021-09-12,90383.35644905224,90383.35644905224,0.0,54344.25629322121,60
2021-09-13,90383.35644905224,90383.35644905224,0.0,56062.28082610191,50
2021-09-14,90383.35644905224,90383.35644905224,0.0,53694.20611486596,52
2021-09-15,90383.35644905224,90383.35644905224,0.0,51582.92213448941,40
2021-09-16,90383.35644905224,90383.35644905224,0.0,50749.91848832891,34
2021-09-17,90383.35644905224,90383.35644905224,0.0,48637.01897300495,35
2021-09-18,90383.35644905224,90383.35644905224,0.0,49782.99813457416,35
2021-09-19,90383.35644905224,90383.35644905224,0.0,49520.58737975321,37
2021-09-20,90382.00069870551,87671.85575558068,0.0727236104618092,37266.36955886649,13
2021-09-21,90469.82135355103,84957.72040294386,0.14319888424349303,38492.62499304456,4
2021-09-22,90670.94624357688,82237.5512130987,0.21132813025309827,39906.63722987509,0
2021-09-23,90715.47914780221,79516.04601608668,0.2791219111532704,40123.80499059331,0
2021-09-24,90878.76243662248,76789.64224693147,0.34605373109635984,40713.67803217772,2
2021-09-25,91618.47794905493,74041.0466795263,0.4101584316033476,42855.22353110431,5
2021-09-26,88633.04909778823,71382.01532112228,0.4848554798453626,35579.743848966944,2
2021-09-27,88116.55591236393,68738.47899070641,0.5614032060349472,34517.21813012098,0
2021-09-28,88381.7956502022,66086.98534879572,0.6371395173437171,34992.038155717026,0
2021-09-29,89694.16145214139,63396.12014225338,0.7097234497193471,37053.92758304281,0
2021-09-30,89159.73147443825,60721.28807553923,0.783367758692351,36302.800419524974,1
2021-10-01,86343.19265477284,58130.953440876525,0.8625214188425978,32709.030289072496,0
2021-10-02,85876.40241402993,55554.62272349487,0.9425679246520379,32169.33114048919,0
2021-10-03,86930.70175312115,52946.66255149865,1.0208711571532856,33289.25395089768,0
2021-10-04,87269.35126543927,50328.542741738325,1.0987008620687102,33622.26225448319,2
2021-10-05,89343.65720163795,47648.19282044037,1.1741416048357731,35511.44445395027,0
2021-10-06,103685.60824468068,44537.57791387635,1.2392833477972542,47727.608408469394,4
2021-10-07,106904.80434793216,41330.385675554804,1.3029791494059648,50326.529555191344,13
2021-10-08,110480.24718551061,38015.9285431325,1.3654001819388915,53071.85365939936,11
2021-10-09,108886.47083213698,34749.28541852152,1.4283027941517759,51905.79036684109,10
2021-10-10,109210.70858116484,31472.91501553053,1.4911166120650379,52133.94642420069,18
2021-10-11,109660.39098390931,28183.053938097088,1.5538249999369764,52436.62384703359,17
2021-10-12,110694.2192734725,24862.177546747043,1.6163302005509257,53103.03655618736,18
2021-10-13,113585.57318752681,21454.55923684659,1.6783767071446507,54892.92931586182,17
2021-10-14,112462.7652218269,18080.6256711883,1.7405666511027234,54224.94995571901,22
2021-10-15,105758.09133445498,14907.835339299672,1.803520021223863,50373.8549758403,27
2021-10-16,106261.56927401552,11719.940442655756,1.866423386454308,50653.9028162109,27
2021-10-17,108805.58116857284,8455.724044352595,1.9291439000867474,52017.81843215938,28
2021-10-18,115197.20270911414,4999.75612356036,1.991571534713695,55331.90481224445,29
2021-10-19,131240.61397491477,4999.75612356036,1.991571534713695,63387.55884533296,38
2021-10-20,129904.20963852486,4999.75612356036,1.991571534713695,62716.52880041818,51
2021-10-21,131076.07901857136,4999.75612356036,1.991571534713695,63304.9432056356,56
2021-10-22,120203.58219291724,4999.75612356036,1.991571534713695,57845.68822225026,57
2021-10-23,119032.09698997859,4999.75612356036,1.991571534713695,57257.46671851851,55
2021-10-24,126867.64389165604,4999.75612356036,1.991571534713695,61191.82045128758,58
2021-10-25,125224.94086136851,4999.75612356036,1.991571534713695,60366.99292104087,58
2021-10-26,126164.09863644106,4999.75612356036,1.991571534713695,60838.55909815415,58
2021-10-27,120770.45047083864,4999.75612356036,1.991571534713695,58130.32187363597,53
2021-10-28,115891.38679108677,4999.75612356036,1.991571534713695,55680.4657701979,55
2021-10-29,116018.08165490645,4999.75612356036,1.991571534713695,55744.08129271936,50
2021-10-30,114175.13217711034,4999.75612356036,1.991571534713695,54818.70681047108,50
2021-10-31,113078.89306384658,4999.75612356036,1.991571534713695,54268.26757484435,53
2021-11-01,110731.35537648479,4999.75612356036,1.991571534713695,53089.53126211669,54
2021-11-02,114028.98969971365,4999.75612356036,1.991571534713695,54745.32632935384,53
2021-11-03,108343.1699933318,4999.75612356036,1.991571534713695,51890.38508959605,61
2021-11-04,108900.58722347554,4999.75612356036,1.991571534713695,52170.27321835657,57
2021-11-05,106200.12492626015,4999.75612356036,1.991571534713695,50814.32780030579,49
2021-11-06,104081.35099794128,4999.75612356036,1.991571534713695,49750.45743894141,40
2021-11-07,106295.67272389462,4999.75612356036,1.991571534713695,50862.30388149044,35
2021-11-08,112959.4289605887,4999.75612356036,1.991571534713695,54208.28273313739,38
2021-11-09,105311.43659955567,1840.365634716357,2.0542652013117992,50368.89633274488,30
2021-11-10,100655.75048409519,-1179.3521755736533,2.117009528414528,48103.28026059252,29
2021-11-11,106607.51872327852,-4377.625711375045,2.179793517831544,50915.43924998064,28
2021-11-12,108831.44159500167,-7642.617934108435,2.2426272463647448,51936.43291274209,27
2021-11-13,104313.25575924279,-10772.062548554935,2.305282026330547,49922.4463615785,22
2021-11-14,105824.15366397829,-10772.062548554935,2.305282026330547,50577.85333021759,31
2021-11-15,98807.47486140855,-13736.33125842784,2.367610873687481,47534.75639540077,24
2021-11-16,93949.56586270814,-16554.86051224789,2.4295480150530846,45483.53261194616,23
2021-11-17,99530.59219369943,-19540.823067497204,2.492009061697946,47781.29305038184,25
2021-11-18,106017.25998863185,-22721.388575638783,2.5551028469708457,50384.91844541379,17
2021-11-19,108822.26234539194,-25986.10541675316,2.618484187934059,51483.3613979188,20
2021-11-20,116576.20094636494,-29483.443905221433,2.682687935976044,54445.26099844163,23
2021-11-21,124200.36672568906,-33209.5107979955,2.747696446700039,57287.943037788085,28
2021-11-22,120680.82322547378,-33209.5107979955,2.747696446700039,56007.03607863609,32
2021-11-23,120721.84315182749,-33209.5107979955,2.747696446700039,56021.964920722334,33
2021-11-24,120779.69316243421,-33209.5107979955,2.747696446700039,56043.01892422268,34
2021-11-25,116077.6719217533,-36691.893191384,2.81175843611598,54332.393263542726,25
2021-11-26,107190.76985476149,-39907.664523596824,2.874568993012545,51172.34435350926,22
2021-11-27,104987.31910699335,-43057.331341808895,2.937023254884571,50406.35963729221,24
2021-11-28,115594.72714013178,-43057.331341808895,2.937023254884571,54017.97831123265,38
2021-11-29,123664.41742601962,-43057.331341808895,2.937023254884571,56765.55284012584,40
2021-11-30,126252.43184256804,-43057.331341808895,2.937023254884571,57646.722034903,43
2021-12-01,133222.56877992765,-43057.331341808895,2.937023254884571,60019.91977032016,50
2021-12-02,132231.04079689342,-43057.331341808895,2.937023254884571,59682.323538698496,50
2021-12-03,123431.81788260894,-43057.331341808895,2.937023254884571,56686.35716367901,44
2021-12-04,121274.99402048936,-43057.331341808895,2.937023254884571,55952.00006979745,40
2021-12-05,127426.64026890032,-43057.331341808895,2.937023254884571,58046.51744829628,46
2021-12-06,129439.49311335245,-43057.331341808895,2.937023254884571,58731.85517625079,46
2021-12-07,125918.12046827277,-43057.331341808895,2.937023254884571,57532.89543385744,48
2021-12-08,127288.81901026555,-43057.331341808895,2.937023254884571,57999.59195718703,38
2021-12-09,129005.35534623824,-43057.331341808895,2.937023254884571,58584.03960604984,52
2021-12-10,146199.6017400829,-43057.331341808895,2.937023254884571,64438.35021297094,61
2021-12-11,149938.11640980866,-43057.331341808895,2.937023254884571,65711.24264360056,64
2021-12-12,164970.1050021101,-43057.331341808895,2.937023254884571,70829.34600464876,65
2021-12-13,186476.35458595515,-43057.331341808895,2.937023254884571,78151.81086701508,66
2021-12-14,196429.22037980915,-43057.331341808895,2.937023254884571,81540.5704818058,66
2021-12-15,199282.18880869308,199282.18880869308,0.0,82553.2280422117,70
2021-12-16,199282.18880869308,199282.18880869308,0.0,82819.279292053,65
2021-12-17,199282.18880869308,199282.18880869308,0.0,78934.25171251838,71
2021-12-18,199282.18880869308,199282.18880869308,0.0,76087.48859691537,70
2021-12-19,199282.18880869308,199282.18880869308,0.0,81011.10683013708,73
2021-12-20,199282.18880869308,199282.18880869308,0.0,78987.04435296974,72
2021-12-21,199282.18880869308,199282.18880869308,0.0,79220.90759486075,68
2021-12-22,199282.18880869308,199282.18880869308,0.0,82629.05745727563,67
2021-12-23,199282.18880869308,199282.18880869308,0.0,83500.7817930879,64
2021-12-24,199282.18880869308,199282.18880869308,0.0,81229.1426505718,68
2021-12-25,199282.18880869308,199282.18880869308,0.0,78178.8803470588,70
2021-12-26,199282.18880869308,199282.18880869308,0.0,78283.91013309424,69
2021-12-27,199282.18880869308,199282.18880869308,0.0,76235.5060242078,76
2021-12-28,199282.18880869308,199282.18880869308,0.0,79376.95992750877,75
2021-12-29,199282.18880869308,199282.18880869308,0.0,71077.17868678784,68
2021-12-30,199282.18880869308,199282.18880869308,0.0,75766.35212641484,69
2021-12-31,199282.18880869308,199282.18880869308,0.0,76009.03875681864,65
2022-01-01,199282.18880869308,199282.18880869308,0.0,74102.38181807898,62
2022-01-02,199282.18880869308,199282.18880869308,0.0,72655.19041168876,59
2022-01-03,199282.18880869308,199282.18880869308,0.0,71000.15352174899,63
2022-01-04,199282.18880869308,199282.18880869308,0.0,67869.82435544023,55
2022-01-05,199282.18880869308,199282.18880869308,0.0,66281.60471476203,54
2022-01-06,199282.18880869308,199282.18880869308,0.0,67421.18982748956,55
2022-01-07,199282.18880869308,199282.18880869308,0.0,71005.65549840935,52
2022-01-08,199282.18880869308,199282.18880869308,0.0,78003.93869549481,62
2022-01-09,199282.18880869308,199282.18880869308,0.0,77954.91791931639,59
2022-01-10,199282.18880869308,199282.18880869308,0.0,76688.35579272978,54
2022-01-11,199282.18880869308,199282.18880869308,0.0,74148.88810729234,45
2022-01-12,199282.18880869308,199282.18880869308,0.0,73873.705813426,36
2022-01-13,199279.19957586096,193303.7231444323,0.07996607058558226,74725.14764913345,27
2022-01-14,198876.9278618166,187337.3258126178,0.16548521066510077,69731.9234922567,20
2022-01-15,198384.5648006125,181385.69959420615,0.2545706884782713,66774.63657744437,18
2022-01-16,198369.13611769883,175434.53624322492,0.34371454335798923,66725.7185291308,15
2022-01-17,198867.1451628894,169468.43239678055,0.4311717470574831,68183.30042898074,22
2022-01-18,200023.1003859932,163467.6493734554,0.5158010578939518,70871.22147790079,28
2022-01-19,199783.11660995646,157474.06597140568,0.6008803968391172,70411.76723540014,24
2022-01-20,198886.91236245533,151507.36910007894,0.6874047661638528,68925.24694989208,21
2022-01-21,200891.81545084302,145480.52423388066,0.7712481236482787,71846.25740785882,27
2022-01-22,198904.53463073028,139513.29868657555,0.857345245267422,69273.41846472769,21
2022-01-23,199005.1268406234,133543.05532770648,0.943335942527491,69394.23015890144,21
2022-01-24,198018.4849028602,127602.41167096581,1.0302056644926603,68351.47161277919,23
2022-01-25,201179.18677823324,121566.94553562679,1.1146672031146185,71422.43085662952,22
2022-01-26,200102.82686949495,115563.77068191914,1.1998249759802024,70459.49024232576,30
2022-01-27,201367.92270889037,109522.64238372796,1.2842546599820808,71516.40806695141,26
2022-01-28,205445.32893815375,109522.64238372796,1.2842546599820808,74691.32839725433,41
2022-01-29,204086.3482460396,109522.64238372796,1.2842546599820808,73633.14209319753,38
2022-01-30,220631.839915813,109522.64238372796,1.2842546599820808,86516.48383634079,46
2022-01-31,213439.64291722229,109522.64238372796,1.2842546599820808,80916.1950285968,39
2022-02-01,214099.9368492262,109522.64238372796,1.2842546599820808,81430.34066698063,38
2022-02-02,205423.88101178134,109522.64238372796,1.2842546599820808,74674.6277170538,48
2022-02-03,199591.1347376395,109522.64238372796,1.2842546599820808,70132.89120957386,36
2022-02-04,199660.092097031,109522.64238372796,1.2842546599820808,70186.58566873393,34
2022-02-05,197366.85264639673,109522.64238372796,1.2842546599820808,68400.92779098381,39
2022-02-06,196808.7643483896,109522.64238372796,1.2842546599820808,67966.36577194087,32
2022-02-07,198817.44599562368,103558.02953466651,1.3699930881719582,69532.77157629021,24
2022-02-08,196094.3700965906,97675.11018797859,1.4570429213653244,67547.26196836265,20
2022-02-09,193960.41692925006,91856.21039660422,1.5450510691220172,66084.68067703876,17
2022-02-10,191489.9250522334,86111.42647327836,1.63409011404736,64487.56875344569,20
2022-02-11,200027.91575722035,80110.49898664946,1.7201259036614371,69714.32528009507,29
2022-02-12,198497.7356394831,74155.47759214405,1.8066048828288035,68826.48177759956,23
2022-02-13,199792.63822068105,74155.47759214405,1.8066048828288035,69543.24203519967,36
2022-02-14,201295.66252604173,74155.47759214405,1.8066048828288035,70375.20275867962,41
2022-02-15,212621.61264457004,74155.47759214405,1.8066048828288035,76644.39323091725,46
2022-02-16,204923.6217519645,74155.47759214405,1.8066048828288035,72383.36694577186,47
2022-02-17,205862.84683936238,74155.47759214405,1.8066048828288035,72903.2510091467,37
2022-02-18,199232.22914698563,74155.47759214405,1.8066048828288035,69233.04190288411,36
2022-02-19,207235.91712692138,74155.47759214405,1.8066048828288035,73663.27900453717,44
2022-02-20,207391.63199431932,74155.47759214405,1.8066048828288035,73749.47099309979,42
2022-02-21,212100.23863741622,74155.47759214405,1.8066048828288035,76355.7999628987,45
2022-02-22,212586.9604169241,74155.47759214405,1.8066048828288035,76625.21237517214,45
2022-02-23,213147.3173815107,74155.47759214405,1.8066048828288035,76935.38366382115,45
2022-02-24,218732.61771850375,74155.47759214405,1.8066048828288035,80026.98404090389,42
2022-02-25,220377.02269380534,74155.47759214405,1.8066048828288035,80937.20242397765,47
2022-02-26,223803.49337518832,74155.47759214405,1.8066048828288035,82833.83777238752,52
2022-02-27,224189.3123042327,74155.47759214405,1.8066048828288035,83047.39798841011,45
2022-02-28,222628.48525147667,74155.47759214405,1.8066048828288035,82183.44203014209,43
2022-03-01,226304.42776044976,67366.24292081049,1.8871776258444917,84220.0451420232,30
2022-03-02,222514.0996243516,67366.24292081049,1.8871776258444917,82211.58124112144,36
2022-03-03,218498.4415940781,67366.24292081049,1.8871776258444917,80083.71687092124,35
2022-03-04,207254.65165947087,67366.24292081049,1.8871776258444917,74125.7244802602,39
2022-03-05,208745.10307963484,67366.24292081049,1.8871776258444917,74915.50250632015,46
2022-03-06,197477.15307249792,67366.24292081049,1.8871776258444917,68944.70789068635,41
2022-03-07,195215.81242710366,67366.24292081049,1.8871776258444917,67746.44196466767,38
2022-03-08,184909.10784980684,61818.88647496959,1.9761950718992611,62286.473195451785,29
2022-03-09,180049.1548894609,56417.33080495072,2.0664337803129667,59828.59226477889,25
2022-03-10,180986.67769457074,56417.33080495072,2.0664337803129667,60282.2834568421,32
2022-03-11,182575.73923341828,56417.33080495072,2.0664337803129667,61051.27085628679,33
2022-03-12,184700.11387194894,56417.33080495072,2.0664337803129667,62079.309915060265,33
2022-03-13,186054.82048399237,50835.60246450584,2.1553606540509884,62736.23755975259,30
2022-03-14,185397.7436200076,45273.586725669535,2.2444043335859316,62432.67079709242,29
2022-03-15,185920.69250219737,45273.586725669535,2.2444043335859316,62665.67198781559,33
2022-03-16,176355.71846499003,39982.835810456105,2.3349460978633774,58405.152384170106,28
2022-03-17,174268.6428080003,34754.6981041505,2.425805130456587,57512.42874055195,21
2022-03-18,174599.7604451825,29516.626719724256,2.5166195582883075,57650.00643328756,20
2022-03-19,171405.5794901718,24374.382201351327,2.607777946309107,56381.79335664667,22
2022-03-20,172581.33349676605,19196.86453368333,2.698831905974832,56833.65037426423,20
2022-03-21,183135.05714993592,13702.730407173354,2.7892323308639444,60745.14656521357,20
2022-03-22,180736.64743269424,8280.549651481193,2.8797284105390126,59886.23689305951,23
2022-03-23,178403.10694078513,2928.376160655278,2.970279937499058,59076.83264624464,22
2022-03-24,168999.45397236224,-2141.68350941064,3.0609142442629005,55911.77139396972,11
2022-03-25,173218.61100313294,-7338.319789048822,3.1515748425511765,57291.0179236049,13
2022-03-26,166566.71861109816,-12335.396303529484,3.2420872296284604,55181.15406633572,7
2022-03-27,183767.6461531942,-17848.50838480653,3.3331862862041346,60487.51471601763,12
2022-03-28,183163.801027719,-23343.504840584934,3.424257518315141,60307.17747242124,10
2022-03-29,163382.0590879787,-28245.04013625373,3.514097958461359,54530.94975990253,7
2022-03-30,158646.30095004622,-33004.50055666142,3.603543700504621,53183.98150128438,14
2022-03-31,143847.47867122918,-37319.98964913468,3.6914312572963177,49077.83883616317,5
2022-04-01,154674.4887759965,-41960.2939169786,3.7806035750768445,52011.478799116965,6
2022-04-02,154064.0910127888,-46582.28597724316,3.8696995151204936,51850.634966881735,9
2022-04-03,151262.22419739916,-51120.22077218706,3.9584129322896664,51127.16849692638,3
2022-04-04,145386.97003551075,-55481.89529837028,4.046228979188614,49643.47454556589,8
2022-04-05,146768.24104664242,-59885.008576468725,4.1342729381705805,49985.39107448368,14
2022-04-06,145680.18889707015,-64255.47980044919,4.222125817892523,49722.74104382538,6
2022-04-07,146929.59242808243,-68663.43369260004,4.310207026184944,50019.18116947354,16
2022-04-08,142956.81341075938,-72952.20242645383,4.397514603893919,49097.964483399264,18
2022-04-09,133890.1571634073,-76968.96739283056,4.482868393710964,47036.65288324169,10
2022-04-10,143491.88172697584,-81273.7884169552,4.5703583444178335,49179.0037467098,11
2022-04-11,150662.1765633455,-85793.721512852,4.659379397712534,50748.36751698792,20
2022-04-12,128076.47212168772,-89636.07331177962,4.743046328014045,45901.41659540262,8
2022-04-13,124040.1220919156,-93357.33279342932,4.825606425173509,45050.80516953435,6
2022-04-14,117290.72848552305,-96876.10742961455,4.906174883901298,43652.50749986233,5
2022-04-15,114664.56492359987,-100316.09597715076,4.985916568926844,43117.58087581127,8
2022-04-16,119123.6387807406,-103889.85874701453,5.067075201227296,44012.273090744544,11
2022-04-17,119087.07756049105,-107462.52466381801,5.14822157775868,44005.41017951664,15
2022-04-18,110065.62072215664,-110764.54281575499,5.226330515573093,42253.38655484871,9
2022-04-19,104658.2437932724,-113904.33722646932,5.302465818032251,41219.04572707844,10
2022-04-20,117967.38733886396,-117443.41193275583,5.383356649555718,43729.37083613956,8
2022-04-21,105422.59103847372,-120606.13710478762,5.459713938560531,41399.3719610252,9
2022-04-22,93003.78134911017,-123396.29239759031,5.5309921530252515,39125.0010413299,3
2022-04-23,100627.69885423481,-126415.16864636108,5.605488280033496,40503.67357100944,4
2022-04-24,90048.33178218617,-129116.6591221838,5.675410031912255,38616.59151885546,8
2022-04-25,93936.86316983373,-131934.80728950133,5.7470791459242685,39301.994060673314,4
2022-04-26,90907.78863141991,-134662.08185756244,5.817379574506557,38775.16802883121,8
2022-04-27,96614.97564488772,-137560.5746043003,5.890249301669662,39756.47519414978,9
2022-04-28,109987.93846947089,-140860.26225369915,5.968723355785434,42027.1112883838,17
2022-04-29,110337.18028220625,-144170.42731464125,6.047336619002608,42085.90055944722,18
2022-04-30,237045.25309174863,-144170.42731464125,6.047336619002608,63038.607642328345,41
2022-05-01,231101.63554461126,-144170.42731464125,6.047336619002608,62055.75884101296,43
2022-05-02,236207.81524768082,-144170.42731464125,6.047336619002608,62900.127200965726,48
2022-05-03,232880.77601102745,-144170.42731464125,6.047336619002608,62349.96116155612,53
2022-05-04,256217.1663539643,-144170.42731464125,6.047336619002608,66208.9145840606,54
2022-05-05,243121.17196985823,-144170.42731464125,6.047336619002608,64043.334063380746,49
2022-05-06,276822.3140106275,-144170.42731464125,6.047336619002608,69616.22410804435,53
2022-05-07,272467.40378341585,-144170.42731464125,6.047336619002608,68896.08721116198,54
2022-05-08,261998.15158945246,-144170.42731464125,6.047336619002608,67164.87017239722,51
2022-05-09,280940.911683381,-144170.42731464125,6.047336619002608,70297.28387571324,49
2022-05-10,262285.51374810486,-144170.42731464125,6.047336619002608,67212.38896897776,48
2022-05-11,272073.3598375256,-144170.42731464125,6.047336619002608,68830.92729519962,53
2022-05-12,258061.24421124248,-144170.42731464125,6.047336619002608,66513.85508488928,62
2022-05-13,405589.13854576956,-144170.42731464125,6.047336619002608,90909.37060339848,59
2022-05-14,416999.5970828798,-144170.42731464125,6.047336619002608,92796.22745559602,53
2022-05-15,439389.99185447855,-144170.42731464125,6.047336619002608,96498.74910806055,52
2022-05-16,451995.0136467551,-144170.42731464125,6.047336619002608,98583.141392867,53
2022-05-17,474401.87860704976,-144170.42731464125,6.047336619002608,102288.38658955166,47
2022-05-18,486780.95267380803,-144170.42731464125,6.047336619002608,104335.41569453968,49
2022-05-19,461213.12689315533,-144170.42731464125,6.047336619002608,100107.4675263642,57
2022-05-20,415193.42797659285,-144170.42731464125,6.047336619002608,92497.55562366734,51
2022-05-21,395981.63594658655,-144170.42731464125,6.047336619002608,89320.65424701222,56
2022-05-22,418204.9692564732,-144170.42731464125,6.047336619002608,92995.55027314942,49
2022-05-23,353202.782438477,-144170.42731464125,6.047336619002608,82246.65519531645,50
2022-05-24,336397.3000772612,-144170.42731464125,6.047336619002608,79467.66612624301,57
2022-05-25,362203.62711066223,-144170.42731464125,6.047336619002608,83735.05335127519,53
2022-05-26,352688.46269850497,-144170.42731464125,6.047336619002608,82161.6062270887,52
2022-05-27,351226.8319853297,-144170.42731464125,6.047336619002608,81919.90797126772,60
2022-05-28,369202.82377348276,-144170.42731464125,6.047336619002608,84892.45488252564,53
2022-05-29,404533.8891621489,-144170.42731464125,6.047336619002608,90734.87239863428,54
2022-05-30,391501.0093346709,-144170.42731464125,6.047336619002608,88579.72863062828,53
2022-05-31,451084.9938132485,-144170.42731464125,6.047336619002608,98432.65864470197,53
2022-06-01,440027.5292716085,-144170.42731464125,6.047336619002608,96604.17360437958,53
2022-06-02,442504.46532081167,-144170.42731464125,6.047336619002608,97013.76483523977,54
2022-06-03,478884.1267371234,-144170.42731464125,6.047336619002608,103029.58034350758,58
2022-06-04,464820.5442721692,-144170.42731464125,6.047336619002608,100703.99747108038,59
2022-06-05,443399.23413142964,-144170.42731464125,6.047336619002608,97161.7256429458,54
2022-06-06,389357.7621820528,-144170.42731464125,6.047336619002608,88225.31688085345,44
2022-06-07,428814.92249820015,-144170.42731464125,6.047336619002608,94750.0339260665,50
2022-06-08,562028.7531271467,-144170.42731464125,6.047336619002608,116778.54647989845,56
2022-06-09,534134.5686450372,-144170.42731464125,6.047336619002608,112165.90686025874,54
2022-06-10,564211.3010917415,-144170.42731464125,6.047336619002608,117139.45709263606,53
2022-06-11,546413.2523494218,-144170.42731464125,6.047336619002608,114196.33520879837,55
2022-06-12,548146.222019831,-144170.42731464125,6.047336619002608,114482.9026317137,53
2022-06-13,574194.1358037388,-144170.42731464125,6.047336619002608,118790.2391378472,62
2022-06-14,512224.4854487504,-144170.42731464125,6.047336619002608,108542.81051608657,54
2022-06-15,502481.3064731274,-144170.42731464125,6.047336619002608,106931.65843551495,43
2022-06-16,478795.9990014241,-144170.42731464125,6.047336619002608,103015.00736018425,33
2022-06-17,477064.6972807514,-158482.5829153978,6.186585266657829,102729.89909658032,30
2022-06-18,471449.6791794547,-158482.5829153978,6.186585266657829,101822.2872462178,34
2022-06-19,450584.1771757767,-158482.5829153978,6.186585266657829,98449.5862966114,35
2022-06-20,444762.1487560889,-158482.5829153978,6.186585266657829,97508.51328642188,42
2022-06-21,485439.0717962547,-158482.5829153978,6.186585266657829,104083.53347718708,42
2022-06-22,505719.82637617365,-158482.5829153978,6.186585266657829,107361.71581942694,53
2022-06-23,439301.10547874705,-158482.5829153978,6.186585266657829,96625.789935501,55
2022-06-24,452387.56184961635,-158482.5829153978,6.186585266657829,98741.08549950104,47
2022-06-25,505323.7779529614,-158482.5829153978,6.186585266657829,107297.69852941288,56
2022-06-26,580811.8251172176,-158482.5829153978,6.186585266657829,119499.59083518838,55
2022-06-27,607202.7164251778,-158482.5829153978,6.186585266657829,123765.4160312286,51
2022-06-28,624487.8187321438,-158482.5829153978,6.186585266657829,126559.38096696188,57
2022-06-29,627299.6631095188,-158482.5829153978,6.186585266657829,127013.88765460574,56
2022-06-30,658895.832539739,-158482.5829153978,6.186585266657829,132121.09430711978,58
2022-07-01,662975.34886175,-158482.5829153978,6.186585266657829,132780.50756114817,60
2022-07-02,656428.7763074267,-158482.5829153978,6.186585266657829,131722.31919516774,57
2022-07-03,672735.5297565676,-158482.5829153978,6.186585266657829,134358.14376498738,57
2022-07-04,682076.2598580045,-158482.5829153978,6.186585266657829,135867.9799183462,61
2022-07-05,687222.2078822458,-158482.5829153978,6.186585266657829,136699.7712543478,65
2022-07-06,691704.6309705445,691704.6309705445,0.0,137493.0569098162,71
2022-07-07,691704.6309705445,691704.6309705445,0.0,138759.9067174377,64
2022-07-08,691704.6309705445,691704.6309705445,0.0,141694.2224409717,60
2022-07-09,691704.6309705445,691704.6309705445,0.0,150029.08852393832,58
2022-07-10,691704.6309705445,691704.6309705445,0.0,147109.67696425898,59
2022-07-11,691704.6309705445,691704.6309705445,0.0,138959.80468393644,57
2022-07-12,691704.6309705445,691704.6309705445,0.0,141649.71646182225,62
2022-07-13,691704.6309705445,691704.6309705445,0.0,139135.20998099627,64
2022-07-14,691704.6309705445,691704.6309705445,0.0,147059.19220988572,69
2022-07-15,691704.6309705445,691704.6309705445,0.0,146381.0430197564,61
2022-07-16,691704.6309705445,691704.6309705445,0.0,146048.9839155854,64
2022-07-17,691704.6309705445,691704.6309705445,0.0,137392.08409759536,60
2022-07-18,691704.6309705445,691704.6309705445,0.0,123096.20216871236,54
2022-07-19,691704.6309705445,691704.6309705445,0.0,115809.96812888014,54
2022-07-20,691704.6309705445,691704.6309705445,0.0,116001.1481390288,55
2022-07-21,691704.6309705445,691704.6309705445,0.0,116068.95394935858,53
2022-07-22,691704.6309705445,691704.6309705445,0.0,109446.9175547614,36
2022-07-23,691704.6309705445,691704.6309705445,0.0,105883.77662533,41
2022-07-24,691704.6309705445,691704.6309705445,0.0,107679.26508782987,44
2022-07-25,691704.6309705445,691704.6309705445,0.0,107458.56890966422,41
2022-07-26,691704.6309705445,691704.6309705445,0.0,113510.47244114854,36
2022-07-27,691704.6309705445,691704.6309705445,0.0,111640.11463222386,34
2022-07-28,691694.25540108,670953.4920414282,0.17625362380128368,117675.6705044309,30
2022-07-29,691799.9285990432,650199.1828688193,0.3515533239623436,118334.09868336166,28
2022-07-30,691466.6020607161,629454.8736423595,0.5281394313740727,117415.4489033687,27
2022-07-31,687753.6634997879,608821.9542435749,0.7149303200984712,110404.75839007834,23
2022-08-01,689479.385480972,588137.2624087682,0.8981598632152598,112833.0570344307,25
2022-08-02,692279.9229190792,567368.5531905575,1.0771684965610322,115962.7023323776,25
2022-08-03,689446.2489282993,546684.8554672427,1.2595671009317475,113341.63408638636,25
2022-08-04,686408.990307491,526092.2768693389,1.4450959319324141,110938.45736855207,18
2022-08-05,686802.4658108087,505487.8938292691,1.6302647442371316,111217.86974936035,18
2022-08-06,680230.0571430727,485080.6860068596,1.8205483864674619,107192.63085057308,21
2022-08-07,662966.4057631105,465191.39549460856,2.0239896067127345,97715.42779299074,21
2022-08-08,671855.8965699634,445035.4162578211,2.22128089878457,102112.47052826722,12
2022-08-09,686749.341110362,424432.6269826711,2.4105118281687896,108821.99832513036,11
2022-08-10,702900.8256282797,403345.2859037065,2.5929525740238097,115526.81014127276,18
2022-08-11,708058.0319642442,382103.22631388536,2.7736151657709294,117519.83825043708,15
2022-08-12,702146.8424957646,361038.5050681937,2.9560724713880058,115392.413660077,16
2022-08-13,692370.2914450311,340267.0847535381,3.1412922473233738,112088.6498196761,15
2022-08-14,692620.270710161,319488.16494843614,3.3264419844508715,112171.53568464276,10
2022-08-15,704605.5723684977,298349.6807001175,3.5089288142304738,115777.75246417309,17
2022-08-16,709329.351103589,277069.4809640138,3.6905228050527326,117127.0015044383,23
2022-08-17,677665.6739452071,256739.20579153,3.8777186095255494,108550.02916397246,22
2022-08-18,666191.7276892653,236753.1541700777,4.066897182259504,105593.66373766998,26
2022-08-19,667048.1327549634,216741.41001126642,4.255937551339257,105806.703531633,28
2022-08-20,632841.5852280825,197755.87767143885,4.450023018732271,97771.563366113,27
2022-08-21,631452.5578194696,178812.01677894138,4.644298489169942,97461.55250271756,26
2022-08-22,622149.5599484087,160147.25000898758,4.839724261886416,95460.46116258348,27
2022-08-23,623310.162676499,141447.664634912,5.035020038285357,95702.20066208158,24
2022-08-24,616356.7779314395,122956.68393225828,5.230960888780012,94323.0325153997,28
2022-08-25,609431.0500260845,104673.47818338951,5.427454527956676,93000.79240511404,24
2022-08-26,594630.0039123943,86834.31047850211,5.624964090773519,90275.36624932702,20
2022-08-27,582598.5319556547,69356.0923465605,5.823170124583843,88137.97787605827,14
2022-08-28,575930.4133617792,52077.92077313352,6.021683366378446,86994.36033344617,15
2022-08-29,563433.5202349827,35174.6616171967,6.2206320043253305,84920.44831626063,16
2022-08-30,565140.6643568141,18220.18736937856,6.419537452290584,85196.2436627403,17
2022-08-31,548775.4507750506,1756.6768934699066,6.618637614662646,82648.24360072815,18
2022-09-01,511437.8178112537,-13586.687791337974,6.817781468802268,77008.11591058913,9
2022-09-02,467626.7586381548,-27615.70098568053,7.016440774815394,70583.14543200364,9
2022-09-03,451391.6430253001,-41157.65340572584,7.214699648626639,68270.24275706137,11
2022-09-04,427628.71906624327,-53986.707413523254,7.412039486444471,64977.45018231085,8
2022-09-05,430315.4739328632,-66896.3652763771,7.609514904484347,65340.806273502334,8
2022-09-06,434279.78633164003,-79924.95429516157,7.807230584700934,65862.63016676341,10
2022-09-07,392951.53695534077,-91713.67723466588,8.001763649259198,60569.79878865541,5
2022-09-08,390068.3171914851,-103415.90228378617,8.196022638274066,60210.20698146706,15
2022-09-09,351373.7533351356,-113957.27300440105,8.385897479468515,55489.71084834066,20
2022-09-10,349233.97701316257,-124434.44947244295,8.575485698791498,55235.17187514607,18
2022-09-11,368670.2889588006,-135494.72404532557,8.767734388088616,57502.31367513349,9
2022-09-12,355828.6024501535,-146169.74224410317,8.958134283609356,56038.26966657108,10
2022-09-13,312846.1479666538,-155555.2674659811,9.141208332964199,51240.64547829285,9
2022-09-14,301926.27590244974,-164613.1916119168,9.322107766852442,50046.56448762456,12
2022-09-15,300899.371080755,-173640.30815108752,9.502787878531405,49936.8906575214,11
2022-09-16,285774.67783827137,-182213.6770867697,9.680033753466198,48345.735856289255,13
2022-09-17,275374.849459892,-190475.04649110753,9.85470952295978,47271.80388885632,10
2022-09-18,274658.32256958465,-198714.9197662942,10.029197623304263,47199.51287388425,12
2022-09-19,320176.57415138383,-208320.3610724553,10.214758210858605,51738.56534969476,4
2022-09-20,349706.4614363344,-218811.71228581353,10.406706019503687,54629.98307597638,1
2022-09-21,391464.08288630244,-230555.8109338823,10.60686977988604,58643.11589831432,5
2022-09-22,415727.59688749665,-243027.82592073202,10.811457452923058,60931.23204495644,2
2022-09-23,394651.80512916273,-254867.55767058313,11.01209043497161,58982.38546398392,6
2022-09-24,385206.9326271897,-266423.9389951187,11.21080970902306,58125.2281088886,11
2022-09-25,384225.18482141814,-277950.867443688,11.409319842106894,58038.17067353121,4
2022-09-26,401357.14554811915,-289991.76242355624,11.611449823294455,59540.27434065272,5
2022-09-27,410139.0882697791,-302296.1196370078,11.815409891242481,60297.12167961605,0
2022-09-28,383009.3713349811,-313786.5731338597,12.013417057220515,58001.47794336669,3
2022-09-29,366151.42095107073,-324771.2805330028,12.207400663112043,56598.67489824292,7
2022-09-30,380655.5268710933,-336191.1176366921,12.40492036960009,57787.28304169639,10
2022-10-01,400944.7140892174,-348219.6394871964,12.607239977561003,59423.34364300308,12
2022-10-02,395444.7863655719,-360083.1610309867,12.808258450893343,58987.56261776264,16
2022-10-03,398833.6866429895,-372048.3511081275,13.010092700950528,59252.61683145392,17
2022-10-04,428835.79558577033,-384913.61795470334,13.218978445717037,61559.17545989565,27
2022-10-05,448694.9720201656,-398374.66903107445,13.432329099177275,63062.00769776574,27
2022-10-06,462806.8944496189,-412259.0841307895,13.648782038018467,64113.11838249933,24
2022-10-07,534028.3784332258,-412259.0841307895,13.648782038018467,69331.27512243557,52
2022-10-08,568684.3563990734,-412259.0841307895,13.648782038018467,71870.40116821123,46
2022-10-09,578583.9058787291,-412259.0841307895,13.648782038018467,72595.70760596375,60
2022-10-10,541470.518997257,-412259.0841307895,13.648782038018467,69876.53553785589,64
2022-10-11,528598.0669021676,-412259.0841307895,13.648782038018467,68933.41460155304,61
2022-10-12,569944.3425252759,-412259.0841307895,13.648782038018467,71962.71608119708,68
2022-10-13,559416.4962609892,559416.4962609892,0.0,71226.9899625072,74
2022-10-14,559416.4962609892,559416.4962609892,0.0,71905.83143301445,72
2022-10-15,559416.4962609892,559416.4962609892,0.0,67980.48569632097,71
2022-10-16,559416.4962609892,559416.4962609892,0.0,64353.29312643975,69
2022-10-17,559416.4962609892,559416.4962609892,0.0,68424.17945938389,67
2022-10-18,559416.4962609892,559416.4962609892,0.0,69885.49229554716,70
2022-10-19,559416.4962609892,559416.4962609892,0.0,68568.7423334035,74
2022-10-20,559416.4962609892,559416.4962609892,0.0,70507.69371889354,69
2022-10-21,559416.4962609892,559416.4962609892,0.0,70098.6709906421,57
2022-10-22,559416.4962609892,559416.4962609892,0.0,72058.74098002812,57
2022-10-23,559416.4962609892,559416.4962609892,0.0,65948.37060561465,53
2022-10-24,559416.4962609892,559416.4962609892,0.0,68867.5716244389,52
2022-10-25,559416.4962609892,559416.4962609892,0.0,69726.94312014873,57
2022-10-26,559416.4962609892,559416.4962609892,0.0,69379.56836814078,55
2022-10-27,559416.4962609892,559416.4962609892,0.0,66683.13027781068,48
2022-10-28,559416.4962609892,559416.4962609892,0.0,64325.37834565328,50
2022-10-29,559416.4962609892,559416.4962609892,0.0,64387.37791769726,51
2022-10-30,559416.4962609892,559416.4962609892,0.0,62153.29039194636,49
2022-10-31,559416.4962609892,559416.4962609892,0.0,62260.89578099315,46
2022-11-01,559416.4962609892,559416.4962609892,0.0,63913.483579222215,49
2022-11-02,559416.4962609892,559416.4962609892,0.0,66270.37466877219,49
2022-11-03,559416.4962609892,559416.4962609892,0.0,67460.09416026098,47
2022-11-04,559416.4962609892,559416.4962609892,0.0,63992.32072467495,41
2022-11-05,559416.4962609892,559416.4962609892,0.0,62264.34682054951,39
2022-11-06,559416.4962609892,559416.4962609892,0.0,63214.31888830764,37
2022-11-07,559416.4962609892,559416.4962609892,0.0,65793.90038824479,32
2022-11-08,559408.1050135454,542634.0013731596,0.2406472060332957,69704.1279509595,30
2022-11-09,559866.4340971524,542634.0013731596,0.2406472060332957,71608.69643177428,42
2022-11-10,559077.2127532081,542634.0013731596,0.2406472060332957,68329.11817714378,38
2022-11-11,559768.8430535443,542634.0013731596,0.2406472060332957,71203.16068832294,35
2022-11-12,559878.07413584,542634.0013731596,0.2406472060332957,71657.06615473694,35
2022-11-13,559858.8315063058,542634.0013731596,0.2406472060332957,71577.10416452136,41
2022-11-14,561093.7967740552,542634.0013731596,0.2406472060332957,76708.9537633841,46
2022-11-15,560474.6990040619,542634.0013731596,0.2406472060332957,74136.31732933503,55
2022-11-16,560589.1074994211,542634.0013731596,0.2406472060332957,74611.73733210615,53
2022-11-17,559621.1125988873,542634.0013731596,0.2406472060332957,70589.27259424469,49
2022-11-18,560547.1479757113,542634.0013731596,0.2406472060332957,74437.37618160096,47
2022-11-19,560401.9587352253,542634.0013731596,0.2406472060332957,73834.0480030643,45
2022-11-20,560750.7476413503,542634.0013731596,0.2406472060332957,75283.42658457498,43
2022-11-21,560858.564332857,542634.0013731596,0.2406472060332957,75731.45460569303,45
2022-11-22,560131.3291544595,542634.0013731596,0.2406472060332957,72709.45742407277,47
2022-11-23,559195.4368671998,542634.0013731596,0.2406472060332957,68820.39383307353,47
2022-11-24,558983.8357359443,542634.0013731596,0.2406472060332957,67941.0936544289,42
2022-11-25,554632.3805664389,525994.7803678514,0.5739761268199635,49893.36465481629,17
2022-11-26,552723.0078740804,509412.84140254447,0.9297770622544871,46581.23783621757,7
2022-11-27,557240.8387507882,492695.365477882,1.2545458189448802,51449.2753458709,15
2022-11-28,576986.2904351725,475385.5171171014,1.5120220711297878,67195.29777905603,24
2022-11-29,576924.9276965582,458077.5096660929,1.7696045699783087,67160.4380135174,30
2022-11-30,569891.721478057,440980.50156662974,2.040030877721696,63190.818001438856,27
2022-12-01,573875.5962364959,423763.97543164284,2.304167113397005,65147.88789930489,21
2022-12-02,568239.4604263747,406716.53590725875,2.5758962119613353,62705.52507864026,18
2022-12-03,569371.2715264474,389635.1415405498,2.846257783980617,63148.22606634338,20
2022-12-04,577141.8623201374,372320.62595321186,3.108939887680463,65881.37557067398,29
2022-12-05,581313.9809149895,354880.9449305468,3.3682282729803292,67226.15500881318,26
2022-12-06,585815.4129039596,337306.21892253787,3.624421471172481,68565.20301460147,28
2022-12-07,593933.0536689787,337306.21892253787,3.624421471172481,70804.90963525372,32
2022-12-08,597667.9299633871,319375.9120690335,3.873890791602076,71837.8583355118,23
2022-12-09,586270.9335356842,301787.52023708547,4.129044286628882,68898.12594644328,27
2022-12-10,587859.1178679441,284151.482160476,4.383460766353717,69284.89882666394,26
2022-12-11,578834.944478841,266786.17334647855,4.641635580663284,67228.19267249998,19
2022-12-12,590069.4376937686,249083.8246804355,4.895668276052061,69650.47339529077,13
2022-12-13,592557.6744151976,231306.82779302626,5.148917580552055,70160.54170038567,15
2022-12-14,580391.7399406107,213894.81441460724,5.405605731311805,67799.41855601515,10
2022-12-15,588653.9877098791,196234.92988504295,5.660202284423432,69329.51122696656,11
2022-12-16,570990.881461164,179104.9464914571,5.918793178882899,66210.44579964029,11
2022-12-17,580509.1093102207,161689.4119791328,6.175455122119289,67820.05359102302,22
2022-12-18,605190.1589820078,143533.43487001592,6.428133540521461,71818.16015517025,20
2022-12-19,578101.4784818243,126190.13036599362,6.684542434355965,67605.42738021692,19
2022-12-20,568170.4009836961,109144.76265596709,6.942203975216097,66121.02438454215,14
2022-12-21,575258.516827353,91886.74828093087,7.199108075924854,67143.28545266693,12
2022-12-22,583719.9550881672,74374.8869503659,7.455301644153049,68319.84706309826,9
2022-12-23,614171.9917937459,55949.450815011485,7.709649354165462,72405.697760707,21
2022-12-24,623016.8495025517,55949.450815011485,7.709649354165462,73552.94289501742,32
2022-12-25,627905.2027783971,55949.450815011485,7.709649354165462,74186.9993937354,53
2022-12-26,657511.1014252324,55949.450815011485,7.709649354165462,78027.10901309692,61
2022-12-27,655161.7854040386,55949.450815011485,7.709649354165462,77722.38490525869,60
2022-12-28,623686.8215175394,55949.450815011485,7.709649354165462,73639.84334719244,58
2022-12-29,656007.7149905206,55949.450815011485,7.709649354165462,77832.10838911921,53
2022-12-30,643776.0130898826,55949.450815011485,7.709649354165462,76245.56387344297,63
2022-12-31,651648.2634635499,55949.450815011485,7.709649354165462,77266.65445902375,53
2023-01-01,703323.1488400795,55949.450815011485,7.709649354165462,83969.27905356645,64
2023-01-02,676102.5441245047,55949.450815011485,7.709649354165462,80438.56014987626,68
2023-01-03,735977.0431639308,55949.450815011485,7.709649354165462,88204.73683170893,69
2023-01-04,730902.2983338211,55949.450815011485,7.709649354165462,87546.50393459697,62
2023-01-05,752865.2458752774,55949.450815011485,7.709649354165462,90395.26482274164,68
2023-01-06,784721.7003454793,55949.450815011485,7.709649354165462,94527.28860317337,65
2023-01-07,798340.4133934245,55949.450815011485,7.709649354165462,96293.73898532818,65
2023-01-08,790241.0029282512,55949.450815011485,7.709649354165462,95243.18401283812,65
2023-01-09,800647.1421615968,55949.450815011485,7.709649354165462,96592.93920341929,62
2023-01-10,808282.2492768307,808282.2492768307,0.0,97632.08655289306,70
2023-01-11,808282.2492768307,808282.2492768307,0.0,133185.57399669712,68
2023-01-12,808282.2492768307,808282.2492768307,0.0,129988.61217401989,60
2023-01-13,808282.2492768307,808282.2492768307,0.0,133487.8413672232,56
2023-01-14,808282.2492768307,808282.2492768307,0.0,131209.89766489776,59
2023-01-15,808282.2492768307,808282.2492768307,0.0,125199.63977018042,60
2023-01-16,808282.2492768307,808282.2492768307,0.0,126186.44633464624,55
2023-01-17,808282.2492768307,808282.2492768307,0.0,131338.1356890576,48
2023-01-18,808282.2492768307,808282.2492768307,0.0,130239.29820121094,54
2023-01-19,808282.2492768307,808282.2492768307,0.0,125410.54095190206,59
2023-01-20,808282.2492768307,808282.2492768307,0.0,130624.27241556738,61
2023-01-21,808282.2492768307,808282.2492768307,0.0,146948.251512208,59
2023-01-22,808282.2492768307,808282.2492768307,0.0,155861.30258820768,55
2023-01-23,808282.2492768307,808282.2492768307,0.0,155349.25957419688,60
2023-01-24,808282.2492768307,808282.2492768307,0.0,145800.7580912639,61
2023-01-25,808282.2492768307,808282.2492768307,0.0,146850.40030528794,55
2023-01-26,808282.2492768307,808282.2492768307,0.0,152107.0414962613,50
2023-01-27,808282.2492768307,808282.2492768307,0.0,147485.63943342984,50
2023-01-28,808282.2492768307,808282.2492768307,0.0,141223.9258343168,50
2023-01-29,808282.2492768307,808282.2492768307,0.0,143830.32715918904,52
2023-01-30,808282.2492768307,808282.2492768307,0.0,145841.61443058893,49
2023-01-31,808282.2492768307,808282.2492768307,0.0,141525.71605720092,55
2023-02-01,808282.2492768307,808282.2492768307,0.0,137576.12777557055,53
2023-02-02,808282.2492768307,808282.2492768307,0.0,128566.89147159818,52
2023-02-03,808282.2492768307,808282.2492768307,0.0,129690.81577807872,55
2023-02-04,808282.2492768307,808282.2492768307,0.0,151783.95802655932,54
2023-02-05,808282.2492768307,808282.2492768307,0.0,145026.93885789826,51
2023-02-06,808282.2492768307,808282.2492768307,0.0,151785.6663967211,52
2023-02-07,808282.2492768307,808282.2492768307,0.0,167536.49900387917,51
2023-02-08,808282.2492768307,808282.2492768307,0.0,175102.96295263807,53
2023-02-09,808282.2492768307,808282.2492768307,0.0,170554.93330714136,58
2023-02-10,808282.2492768307,808282.2492768307,0.0,178412.03901598745,58
2023-02-11,808282.2492768307,808282.2492768307,0.0,168364.42992570647,58
2023-02-12,808282.2492768307,808282.2492768307,0.0,169411.6511585058,57
2023-02-13,808282.2492768307,808282.2492768307,0.0,180229.4040229524,63
2023-02-14,808282.2492768307,808282.2492768307,0.0,179298.2905460654,56
2023-02-15,808282.2492768307,808282.2492768307,0.0,178057.68695672194,59
2023-02-16,808282.2492768307,808282.2492768307,0.0,169351.597599303,66
2023-02-17,808282.2492768307,808282.2492768307,0.0,166481.37183385994,65
2023-02-18,808282.2492768307,808282.2492768307,0.0,168448.0376737328,61
2023-02-19,808282.2492768307,808282.2492768307,0.0,169924.5245623956,61
2023-02-20,808282.2492768307,808282.2492768307,0.0,173407.52869436564,61
2023-02-21,808282.2492768307,808282.2492768307,0.0,184735.87397991787,50
2023-02-22,808282.2492768307,808282.2492768307,0.0,196783.9564679696,58
2023-02-23,808282.2492768307,808282.2492768307,0.0,203250.68424962068,60
2023-02-24,808282.2492768307,808282.2492768307,0.0,202654.4513286272,63
2023-02-25,808282.2492768307,808282.2492768307,0.0,197763.11485627035,61
2023-02-26,808282.2492768307,808282.2492768307,0.0,208860.35929565484,60
2023-02-27,808282.2492768307,808282.2492768307,0.0,218222.27938192568,61
2023-02-28,808282.2492768307,808282.2492768307,0.0,208336.30221769973,64
2023-03-01,808282.2492768307,808282.2492768307,0.0,211633.37488407653,72
2023-03-02,808282.2492768307,808282.2492768307,0.0,202953.3377436388,69
2023-03-03,808282.2492768307,808282.2492768307,0.0,199521.83015687225,70
2023-03-04,808282.2492768307,808282.2492768307,0.0,206218.38464656356,67
2023-03-05,808282.2492768307,808282.2492768307,0.0,213529.23352924324,65
2023-03-06,808282.2492768307,808282.2492768307,0.0,197190.19959771863,65
2023-03-07,808282.2492768307,808282.2492768307,0.0,194267.55969661305,67
2023-03-08,808282.2492768307,808282.2492768307,0.0,201648.9313634943,73
2023-03-09,808282.2492768307,808282.2492768307,0.0,197959.42022574457,62
2023-03-10,808282.2492768307,808282.2492768307,0.0,196990.11419157183,58
2023-03-11,808282.2492768307,808282.2492768307,0.0,187768.12710081536,47
2023-03-12,808282.2492768307,808282.2492768307,0.0,190322.5609607194,45
2023-03-13,808282.2492768307,808282.2492768307,0.0,198116.1049253409,52
2023-03-14,808282.2492768307,808282.2492768307,0.0,190942.36640050384,50
2023-03-15,808282.2492768307,808282.2492768307,0.0,186408.8434008828,46
2023-03-16,808282.2492768307,808282.2492768307,0.0,188692.6949321433,46
2023-03-17,808282.2492768307,808282.2492768307,0.0,184746.86751258548,45
2023-03-18,808282.2492768307,808282.2492768307,0.0,187471.650091381,47
2023-03-19,808282.2492768307,808282.2492768307,0.0,196130.35133665567,50
2023-03-20,808282.2492768307,808282.2492768307,0.0,196361.92412673644,56
2023-03-21,808282.2492768307,808282.2492768307,0.0,191238.90867360367,50
2023-03-22,808282.2492768307,808282.2492768307,0.0,202417.34190740777,53
2023-03-23,808282.2492768307,808282.2492768307,0.0,195792.50662693448,36
2023-03-24,808282.2492768307,808282.2492768307,0.0,200613.5667812652,34
2023-03-25,808282.2492768307,808282.2492768307,0.0,207723.5763474161,42
2023-03-26,808282.2492768307,808282.2492768307,0.0,205406.61873747825,38
2023-03-27,808282.2492768307,808282.2492768307,0.0,192187.86405794177,41
2023-03-28,808282.2492768307,808282.2492768307,0.0,200447.5519528003,34
2023-03-29,808270.1250430916,784033.7817985258,0.14042550169119783,172592.1784339614,19
2023-03-30,808789.0219555928,759769.7471793387,0.2779284053443356,176373.7488995496,21
2023-03-31,812382.5470496222,735397.9051902202,0.4065790883602395,189347.27354002927,28
2023-04-01,811678.7292383157,711047.1780521637,0.5362835995052906,187646.1470740152,30
2023-04-02,811147.6843122579,686712.3825008627,0.6665750611056263,186678.6039144616,29
2023-04-03,814762.1806723475,662269.1504322112,0.7937408071429426,192119.4284933297,26
2023-04-04,812345.6958158382,637898.4139966896,0.9225604452872725,189090.3546865465,30
2023-04-05,811262.0675383509,637898.4139966896,0.9225604452872725,187915.7668500282,31
2023-04-06,806073.7606368571,613715.8384389505,1.0551430745586488,182305.06064627037,27
2023-04-07,803259.9044537595,589617.6798329586,1.1892157297590837,179649.67942702997,25
2023-04-08,800586.3547531221,565599.7289211013,1.3245278504296933,177411.61558497103,27
2023-04-09,796794.177443771,565599.7289211013,1.3245278504296933,174548.57476018142,33
2023-04-10,812743.9488975441,565599.7289211013,1.3245278504296933,186590.4291074484,36
2023-04-11,831941.0853570215,565599.7289211013,1.3245278504296933,201083.9986109131,42
2023-04-12,826360.6904337391,565599.7289211013,1.3245278504296933,196870.8785006247,37
2023-04-13,812209.9801161137,565599.7289211013,1.3245278504296933,186187.290146454,31
2023-04-14,798489.9354349427,565599.7289211013,1.3245278504296933,175828.84832379242,36
2023-04-15,791123.2845652907,541865.6743733244,1.463843873038667,170276.08939917476,28
2023-04-16,799510.7215130366,517879.9929427118,1.6000471654428796,176014.01674454505,25
2023-04-17,733707.1785633846,495868.44741262734,1.7631411065552058,134894.89313503806,14
2023-04-18,743290.1652052662,473569.4079708777,1.9219587095953798,140336.3953074577,7
2023-04-19,731193.796661848,451633.2650288781,2.0855204246152232,134048.33073478463,4
2023-04-20,740423.3962786834,429420.22994499136,2.2458472149327244,138479.2181168069,0
2023-04-21,752324.2756926541,406850.1631232094,2.4027415225803117,143783.3030822387,4
2023-04-22,770609.1748105916,383731.54109956126,2.555366015793545,151398.12900379722,6
2023-04-23,766535.5044381018,360735.131020267,2.7087946741937317,149808.4654713154,7
2023-04-24,752900.4412908144,338147.77897126187,2.8647292864822,144779.0073137613,7
2023-04-25,729299.3118522328,316268.4714260817,3.024885125410531,136544.3060817377,1
2023-04-26,739599.9572406133,294080.13988389017,3.1833468503467612,139953.2750596099,2
2023-04-27,767584.9346252847,271052.2464267298,3.338080948996734,148747.94703459446,4
2023-04-28,760953.9686248901,248223.28493356067,3.4935509972206606,146764.9059937121,14
2023-04-29,789355.9868423555,224542.2501127677,3.646355896612708,154898.13741282714,18
2023-04-30,802174.0059111146,200476.66895171686,3.798193066279808,158416.73302530102,12
2023-05-01,817690.0138836141,175945.6005691827,3.9490733042234893,162505.06482827073,19
2023-05-02,804987.6469615162,151795.60891046232,4.100606215418224,159291.57879024342,15
2023-05-03,839767.4771202763,126602.20669582082,4.25069182470797,167776.28203461945,18
2023-05-04,845838.5833328925,101226.66856276205,4.40058379680602,169207.5299896745,20
2023-05-05,858159.0180322062,75481.51184444509,4.550181243679073,172010.18251196586,28
2023-05-06,921990.8214934779,75481.51184444509,4.550181243679073,186038.59150115596,35
2023-05-07,896245.2724891746,75481.51184444509,4.550181243679073,180380.45446758877,37
2023-05-08,887435.4941102698,75481.51184444509,4.550181243679073,178444.31656294092,32
2023-05-09,894007.1454921998,75481.51184444509,4.550181243679073,179888.57801759377,36
2023-05-10,900753.2542488212,48458.50887193587,4.699097125686068,181374.14966762371,26
2023-05-11,894537.8051635756,21621.972168978056,4.8480694978256205,180054.31510132103,21
2023-05-12,910062.49145291,-5680.3121088734115,4.996976660790657,183259.3717611817,23
2023-05-13,969529.7955873298,-5680.3121088734115,4.996976660790657,195160.0285325124,34
2023-05-14,974665.6522161793,-5680.3121088734115,4.996976660790657,196187.821331536,39
2023-05-15,938917.8473970516,-5680.3121088734115,4.996976660790657,189033.9346424852,45
2023-05-16,965898.8915671774,-5680.3121088734115,4.996976660790657,194433.40836463316,42
2023-05-17,976708.3784020119,-5680.3121088734115,4.996976660790657,196596.61375233336,57
2023-05-18,970568.3495161862,-5680.3121088734115,4.996976660790657,195367.8649903061,64
2023-05-19,1027826.6349716365,-5680.3121088734115,4.996976660790657,206826.4507197,67
2023-05-20,960136.1982211209,960136.1982211209,0.0,193376.86080110277,72
2023-05-21,960136.1982211209,960136.1982211209,0.0,175760.9128300579,62
2023-05-22,960136.1982211209,960136.1982211209,0.0,162602.8499987809,52
2023-05-23,960136.1982211209,960136.1982211209,0.0,165282.36927564544,40
2023-05-24,960136.1982211209,960136.1982211209,0.0,161823.05367408975,47
2023-05-25,960136.1982211209,960136.1982211209,0.0,162562.30547435067,51
2023-05-26,960136.1982211209,960136.1982211209,0.0,176253.57613088857,56
2023-05-27,960136.1982211209,960136.1982211209,0.0,190223.814282287,65
2023-05-28,960136.1982211209,960136.1982211209,0.0,191302.5691293116,65
2023-05-29,960136.1982211209,960136.1982211209,0.0,188929.2244642946,57
2023-05-30,960136.1982211209,960136.1982211209,0.0,185013.47742990748,52
2023-05-31,960136.1982211209,960136.1982211209,0.0,197237.5860234263,58
2023-06-01,960136.1982211209,960136.1982211209,0.0,213476.9368948492,58
2023-06-02,960136.1982211209,960136.1982211209,0.0,223083.451641577,57
2023-06-03,960136.1982211209,960136.1982211209,0.0,226104.44245917085,57
2023-06-04,960136.1982211209,960136.1982211209,0.0,226194.25649008917,66
2023-06-05,960136.1982211209,960136.1982211209,0.0,231665.1851007983,63
2023-06-06,960136.1982211209,960136.1982211209,0.0,234414.55095447632,66
2023-06-07,960136.1982211209,960136.1982211209,0.0,231860.42062328555,60
2023-06-08,960136.1982211209,960136.1982211209,0.0,230374.7875725541,65
2023-06-09,960136.1982211209,960136.1982211209,0.0,228956.75649700715,58
2023-06-10,960136.1982211209,960136.1982211209,0.0,237136.6306434697,62
2023-06-11,960136.1982211209,960136.1982211209,0.0,231070.92421234585,60
2023-06-12,960136.1982211209,960136.1982211209,0.0,223386.37778606813,49
2023-06-13,960136.1982211209,960136.1982211209,0.0,252961.67559973232,53
2023-06-14,960136.1982211209,960136.1982211209,0.0,257301.5225380666,65
2023-06-15,960136.1982211209,960136.1982211209,0.0,264912.3789813449,66
2023-06-16,960136.1982211209,960136.1982211209,0.0,273275.0337201989,68
2023-06-17,960136.1982211209,960136.1982211209,0.0,283336.46982013417,66
2023-06-18,960136.1982211209,960136.1982211209,0.0,278172.1614017869,71
2023-06-19,960136.1982211209,960136.1982211209,0.0,273390.5699389865,74
2023-06-20,960136.1982211209,960136.1982211209,0.0,278390.96537271386,69
2023-06-21,960136.1982211209,960136.1982211209,0.0,272128.0342618219,69
2023-06-22,960136.1982211209,960136.1982211209,0.0,285055.8166347503,66
2023-06-23,960136.1982211209,960136.1982211209,0.0,279084.7550680977,65
2023-06-24,960136.1982211209,960136.1982211209,0.0,260414.0531372066,65
2023-06-25,960136.1982211209,960136.1982211209,0.0,262110.7417011013,69
2023-06-26,960136.1982211209,960136.1982211209,0.0,251770.2703088049,69
2023-06-27,960136.1982211209,960136.1982211209,0.0,238018.2618227248,66
2023-06-28,960136.1982211209,960136.1982211209,0.0,272171.3822683768,64
2023-06-29,960136.1982211209,960136.1982211209,0.0,265024.0587224122,59
2023-06-30,960136.1982211209,960136.1982211209,0.0,265861.3995128326,65
2023-07-01,960136.1982211209,960136.1982211209,0.0,277020.1321013688,64
2023-07-02,960136.1982211209,960136.1982211209,0.0,262091.31475459924,55
2023-07-03,960136.1982211209,960136.1982211209,0.0,269746.95415776933,53
2023-07-04,960136.1982211209,960136.1982211209,0.0,267689.10735754686,55
2023-07-05,960136.1982211209,960136.1982211209,0.0,258581.54245956097,52
2023-07-06,960136.1982211209,960136.1982211209,0.0,246068.89919190624,40
2023-07-07,960136.1982211209,960136.1982211209,0.0,243045.25416086675,39
2023-07-08,960136.1982211209,960136.1982211209,0.0,239025.8958235474,40
2023-07-09,960136.1982211209,960136.1982211209,0.0,247640.2761869967,38
2023-07-10,960136.1982211209,960136.1982211209,0.0,248905.83172983865,37
2023-07-11,960136.1982211209,960136.1982211209,0.0,253191.58573141677,42
2023-07-12,960136.1982211209,960136.1982211209,0.0,261421.404707387,50
2023-07-13,960136.1982211209,960136.1982211209,0.0,280762.7973556461,48
2023-07-14,960136.1982211209,960136.1982211209,0.0,278266.17756597465,47
2023-07-15,960136.1982211209,960136.1982211209,0.0,285602.9791180059,47
2023-07-16,960136.1982211209,960136.1982211209,0.0,292595.8459960648,45
2023-07-17,960136.1982211209,960136.1982211209,0.0,287075.11783830565,48
2023-07-18,960136.1982211209,960136.1982211209,0.0,285903.76127551566,40
2023-07-19,960136.1982211209,960136.1982211209,0.0,269392.2296986218,38
2023-07-20,960136.1982211209,960136.1982211209,0.0,289544.95790176693,38
2023-07-21,960136.1982211209,960136.1982211209,0.0,265827.222476111,42
2023-07-22,960136.1982211209,960136.1982211209,0.0,282102.8822397632,40
2023-07-23,960136.1982211209,960136.1982211209,0.0,282109.58863194945,37
2023-07-24,960136.1982211209,960136.1982211209,0.0,289564.1503823765,43
2023-07-25,960136.1982211209,960136.1982211209,0.0,279830.4450345901,44
2023-07-26,960136.1982211209,960136.1982211209,0.0,269185.43482936494,43
2023-07-27,960136.1982211209,960136.1982211209,0.0,269864.3401607501,45
2023-07-28,960136.1982211209,960136.1982211209,0.0,261892.0208513227,42
2023-07-29,960136.1982211209,960136.1982211209,0.0,263648.1578778694,37
2023-07-30,960136.1982211209,960136.1982211209,0.0,258168.32847549205,31
2023-07-31,960121.7961781475,931332.1122744873,0.11652805011591079,247062.2641932404,26
2023-08-01,961325.9993293623,902491.8996914177,0.22846416741584646,257520.03171182575,29
2023-08-02,962801.907489448,873607.4091993768,0.33780244619381344,264043.37592894747,25
2023-08-03,961626.7788790702,844758.1730944632,0.44844711320492975,260607.3321542396,30
2023-08-04,958923.0277091352,844758.1730944632,0.44844711320492975,254578.1905000276,35
2023-08-05,965788.5052631781,844758.1730944632,0.44844711320492975,269887.6380399554,41
2023-08-06,976520.5558011271,844758.1730944632,0.44844711320492975,293819.2237764537,55
2023-08-07,969276.4685803804,844758.1730944632,0.44844711320492975,277665.5079704244,53
2023-08-08,966453.9356968182,844758.1730944632,0.44844711320492975,271371.49291168,50
2023-08-09,964183.451044017,844758.1730944632,0.44844711320492975,266308.49978284794,47
2023-08-10,958200.6055927232,844758.1730944632,0.44844711320492975,252967.2488858669,39
2023-08-11,953607.7088167246,816149.5127000555,0.566236972765,242757.36613496824,25
2023-08-12,967559.2131034164,787122.3008987759,0.6747272991330875,267421.9828313926,29
2023-08-13,957774.4577304304,758388.636161892,0.7882685718566098,252941.4830010599,28
2023-08-14,955040.9443229155,729736.9780573329,0.9030511791378024,249491.91305048057,29
2023-08-15,972312.371188571,729736.9780573329,0.9030511791378024,268617.5476375985,31
2023-08-16,972809.4064699665,729736.9780573329,0.9030511791378024,269167.9431111641,31
2023-08-17,971553.3990549893,729736.9780573329,0.9030511791378024,267777.0945701363,32
2023-08-18,971517.4818259462,729736.9780573329,0.9030511791378024,267737.32137690776,39
2023-08-19,954478.5873962487,701102.1909136383,1.018045917345924,248885.0376642835,23
2023-08-20,955034.1032409829,672450.7380446158,1.132849391480689,249444.77820393845,29
2023-08-21,941297.3646926132,644211.3935136695,1.2517768632041892,237331.41257978597,20
2023-08-22,939986.3807828417,616011.3790899679,1.3710594096283832,236295.3781708738,15
2023-08-23,933325.5115622483,588011.1937403203,1.4919775341136794,231447.39778341545,11
2023-08-24,965259.9036972763,559052.9622559297,1.6064425270887865,252861.1728036604,15
2023-08-25,967436.7410404749,530029.4246716517,1.7205500878140605,254225.27333949588,30
2023-08-26,999155.1211989148,530029.4246716517,1.7205500878140605,272660.2961749763,31
2023-08-27,993994.5871945515,500209.1397515413,1.8310756108099662,269669.6108712774,27
2023-08-28,986287.7444620957,500209.1397515413,1.8310756108099662,265460.695255255,37
2023-08-29,1010332.1850899535,500209.1397515413,1.8310756108099662,278592.01571297325,47
2023-08-30,1020264.5976045772,500209.1397515413,1.8310756108099662,284016.37528391974,50
2023-08-31,1000067.5071087372,500209.1397515413,1.8310756108099662,272986.1969687239,42
2023-09-01,1018079.428448898,500209.1397515413,1.8310756108099662,282822.99520568654,37
2023-09-02,1017096.053287328,500209.1397515413,1.8310756108099662,282285.947387582,43
2023-09-03,1021173.7675635028,500209.1397515413,1.8310756108099662,284512.89763043466,45
2023-09-04,1030704.3454235012,500209.1397515413,1.8310756108099662,289717.8044096706,48
2023-09-05,1025191.6907547121,500209.1397515413,1.8310756108099662,286707.1943418806,39
2023-09-06,1074237.9021967482,500209.1397515413,1.8310756108099662,313492.659208807,47
2023-09-07,1120799.4811623145,500209.1397515413,1.8310756108099662,338921.19896472135,56
2023-09-08,1140300.3956384794,500209.1397515413,1.8310756108099662,349571.1766942257,62
2023-09-09,1130802.2969561745,500209.1397515413,1.8310756108099662,344384.0076738796,63
2023-09-10,1131841.2824367438,500209.1397515413,1.8310756108099662,344951.4257938281,60
2023-09-11,1101544.9346865339,500209.1397515413,1.8310756108099662,328405.76947502187,63
2023-09-12,1105553.6867955285,500209.1397515413,1.8310756108099662,330595.05761000025,64
2023-09-13,1114304.7188432217,500209.1397515413,1.8310756108099662,335374.2333010698,67
2023-09-14,1030822.6305601931,500209.1397515413,1.8310756108099662,289782.40312749177,58
2023-09-15,996416.7670863701,500209.1397515413,1.8310756108099662,270992.4289337971,41
2023-09-16,966510.7554640898,471213.3821512546,1.9448758340916945,254667.8634341464,28
2023-09-17,925445.0966744719,443449.6127944801,2.0636884015002304,233560.20391915645,28
2023-09-18,921644.2103126048,415799.8717389861,2.1829500393669847,231725.1102642295,28
2023-09-19,918320.3281429525,388249.8486443511,2.302564286674436,230208.7644485164,27
2023-09-20,882216.9319346888,361782.943682736,2.425871384556358,214534.86428223376,25
2023-09-21,871801.0358935246,335628.5202895794,2.550207988782315,210246.58300908207,24
2023-09-22,870378.5086976849,309516.7733524448,2.674668890033894,209693.894236805,21
2023-09-23,825474.7427561588,284752.1596005538,2.8029786333852615,192909.99107708296,11
2023-09-24,798970.658877909,260782.6802920269,2.9335666624367875,183458.58148620784,6
2023-09-25,784424.3716846856,237249.59614522412,3.065335778321098,178504.02536949876,9
2023-09-26,722931.5665390546,215561.32382496767,3.2021477594886587,158446.85530536147,3
2023-09-27,731523.1451098952,193615.30028131764,3.3382775587558164,161133.3495675707,8
2023-09-28,709603.5835306338,172326.87344899614,3.4759351011194224,154570.4089551638,0
2023-09-29,662718.4953976712,152445.02035926966,3.6167859512051925,141084.78685844466,0
2023-09-30,654183.0533077061,132819.2343732487,3.7581852147797177,138727.5477760126,6
2023-10-01,675587.7351340302,112551.29830018671,3.8984497120974453,144425.72776728685,3
2023-10-02,666936.0043626362,92542.91804360377,4.039076348637984,142209.01927558845,0
2023-10-03,667807.4508185158,72508.39400118765,4.1796709772803275,142427.25325826573,1
2023-10-04,670466.3193798332,52394.102705423225,4.320195363958968,143065.8024937134,6
2023-10-05,700160.0885630979,31388.984971764283,4.460214090739178,149941.480383176,5
2023-10-06,686033.8499263722,10807.660754109853,4.600366066841892,146776.6215473802,1
2023-10-07,712602.6617011407,-10570.739772932273,4.740432320925917,152554.31414593433,3
2023-10-08,758960.2824327843,-33339.889783165956,4.880621667049826,162335.9125672344,6
2023-10-09,727966.1475227205,-55179.2017985278,5.02055829099036,155987.70175154452,5
2023-10-10,697053.982764458,-76091.13496045896,5.160057090279893,149832.6673906974,0
2023-10-11,668947.125873701,-96159.8497673921,5.2989795426138615,144387.60698888902,8
2023-10-12,750716.9795075939,-118681.6969803281,5.43982830128684,159820.97748972295,0
2023-10-13,729306.0668397541,-140561.2071781737,5.580113030380876,155887.03477545045,4
2023-10-14,796294.4590559287,-164450.3992877332,5.722329218067924,167894.02037725574,0
2023-10-15,786690.6033691891,-188051.47140489062,5.864247086099559,166217.7702376457,2
2023-10-16,802509.155531656,-212127.1072053773,6.006704968667351,168917.27961164384,4
2023-10-17,779908.005280623,-235524.69832766283,6.1483032824144495,165156.57360505543,6
2023-10-18,820718.475605995,-260146.62192469664,6.291552112179477,171796.25603645612,12
2023-10-19,801060.290465205,-284178.7911211907,6.433958208594722,168673.62926552628,11
2023-10-20,770191.2716588847,-307284.87586222833,6.574883704227901,163877.59783922182,7
2023-10-21,843733.44909133,-332597.2590207156,6.719400025057639,175064.84265341162,15
2023-10-22,855469.1629479979,-358261.71887605335,6.864477507641247,176813.2943072473,19
2023-10-23,894477.3631920294,-385096.4422926655,7.011445286371085,182497.8664487253,28
2023-10-24,940054.0453044189,-385096.4422926655,7.011445286371085,188998.19273679916,37
2023-10-25,962392.3341236355,-385096.4422926655,7.011445286371085,192184.16765450095,34
2023-10-26,1006738.6074428243,-385096.4422926655,7.011445286371085,198509.00818422588,57
2023-10-27,1068063.7510130946,-385096.4422926655,7.011445286371085,207255.44220254087,60
2023-10-28,1122245.2457270715,1122245.2457270715,0.0,215090.5661089778,70
2023-10-29,1122245.2457270715,1122245.2457270715,0.0,220780.6599894127,64
2023-10-30,1122245.2457270715,1122245.2457270715,0.0,237244.2101543037,60
2023-10-31,1122245.2457270715,1122245.2457270715,0.0,241738.4480257225,68
2023-11-01,1122245.2457270715,1122245.2457270715,0.0,224990.2434862177,65
2023-11-02,1122245.2457270715,1122245.2457270715,0.0,236875.99275135025,60
2023-11-03,1122245.2457270715,1122245.2457270715,0.0,237869.24577034227,72
2023-11-04,1122245.2457270715,1122245.2457270715,0.0,229090.6269404808,71
2023-11-05,1122245.2457270715,1122245.2457270715,0.0,235046.45770054095,61
2023-11-06,1122245.2457270715,1122245.2457270715,0.0,241657.51179271075,61
2023-11-07,1122245.2457270715,1122245.2457270715,0.0,243760.7008921114,63
2023-11-08,1122245.2457270715,1122245.2457270715,0.0,242913.7675648881,68
2023-11-09,1122245.2457270715,1122245.2457270715,0.0,243679.2030287705,62
2023-11-10,1122245.2457270715,1122245.2457270715,0.0,250496.286886369,61
2023-11-11,1122245.2457270715,1122245.2457270715,0.0,270346.3007273266,62
2023-11-12,1122245.2457270715,1122245.2457270715,0.0,256933.81068611087,69
2023-11-13,1122245.2457270715,1122245.2457270715,0.0,244753.2255495478,72
2023-11-14,1122245.2457270715,1122245.2457270715,0.0,267436.7929879453,68
2023-11-15,1122245.2457270715,1122245.2457270715,0.0,259635.36939937275,67
2023-11-16,1122245.2457270715,1122245.2457270715,0.0,252464.5022824657,62
2023-11-17,1122245.2457270715,1122245.2457270715,0.0,258042.98555256048,67
2023-11-18,1122245.2457270715,1122245.2457270715,0.0,260437.0974006384,74
2023-11-19,1122245.2457270715,1122245.2457270715,0.0,263482.98868646263,71
2023-11-20,1122245.2457270715,1122245.2457270715,0.0,265350.9478661845,71
2023-11-21,1122245.2457270715,1122245.2457270715,0.0,282100.7497599187,63
2023-11-22,1122245.2457270715,1122245.2457270715,0.0,288034.0106347773,66
2023-11-23,1122245.2457270715,1122245.2457270715,0.0,296210.4875802146,65
2023-11-24,1122245.2457270715,1122245.2457270715,0.0,283210.15044494864,70
2023-11-25,1122245.2457270715,1122245.2457270715,0.0,283337.043517175,69
2023-11-26,1122245.2457270715,1122245.2457270715,0.0,271978.80558857974,69
2023-11-27,1122245.2457270715,1122245.2457270715,0.0,277363.188140376,67
2023-11-28,1122245.2457270715,1122245.2457270715,0.0,285174.544451848,64
2023-11-29,1122245.2457270715,1122245.2457270715,0.0,298768.08133156283,65
2023-11-30,1122245.2457270715,1122245.2457270715,0.0,302310.5869812663,62
2023-12-01,1122245.2457270715,1122245.2457270715,0.0,298281.61670701124,70
2023-12-02,1122245.2457270715,1122245.2457270715,0.0,221350.07233422456,45
2023-12-03,1122228.4120483855,1088577.8883552593,0.16297547738386908,206475.9940163666,25
2023-12-04,1121641.2805333526,1054928.1451931114,0.3286739341378516,202976.65379287585,20
2023-12-05,1118155.303058236,1021382.9829239303,0.5029184452920294,192421.4970443424,22
2023-12-06,1120620.8455911302,987763.8532692515,0.6731797155956372,197357.39096702475,21
2023-12-07,1120216.4728799395,954156.854977879,0.8438775056681809,196781.66177752856,16
2023-12-08,1117505.8850348466,920631.175541642,1.0169701736846508,193589.4626878731,19
2023-12-09,1128697.320406675,886769.7480080287,1.182379319591448,204610.7948524003,15
2023-12-10,1130675.500836596,852848.9741713234,1.3467230469543892,206298.18973810275,12
2023-12-11,1130711.7745356967,818927.1121073215,1.5110405616507554,206337.7187490997,9
2023-12-12,1170626.5358838418,783807.7892409633,1.6618441636538377,232764.75321993724,18
2023-12-13,1208988.4492379564,747537.5917108617,1.8035314851298159,255859.6072936759,21
2023-12-14,1199159.0037967088,711562.2819673142,1.9471198490881199,250419.4706133508,23
2023-12-15,1198657.9172063603,675602.0050469696,2.0907905601430485,250171.3572513949,29
2023-12-16,1224044.472755615,675602.0050469696,2.0907905601430485,262313.44170174643,36
2023-12-17,1231432.499557328,675602.0050469696,2.0907905601430485,265847.0461394895,36
2023-12-18,1224302.6243068478,675602.0050469696,2.0907905601430485,262436.912486508,33
2023-12-19,1216465.0958228966,675602.0050469696,2.0907905601430485,258688.31679578748,32
2023-12-20,1236151.324101552,638516.9090474831,2.2290403695984993,268112.8718910175,29
2023-12-21,1260155.2472992225,600711.684550139,2.3645285958491273,278890.0772469915,28
2023-12-22,1273116.7221283582,562517.6099751696,2.4987680161598824,284379.7853812938,25
2023-12-23,1285294.6499569602,523958.1920851925,2.6320045338366063,289261.0738637243,25
2023-12-24,1286332.8330592394,485367.6282349576,2.765163716930549,289662.85067322804,27
2023-12-25,1253120.7919083303,485367.6282349576,2.765163716930549,277651.97372313705,31
2023-12-26,1226293.7880872958,485367.6282349576,2.765163716930549,267950.1959742182,33
2023-12-27,1225989.482447302,448587.3920579959,2.9024132434956096,267846.79684448324,27
2023-12-28,1256401.9806230061,410894.7672499336,3.0377689603023934,278331.6389173016,30
2023-12-29,1261546.2032401687,373047.81344842154,3.1728539730463003,280031.28960224026,20
2023-12-30,1213779.855398193,336633.8715773477,3.3102055256959564,264982.33327564434,22
2023-12-31,1187995.6646631772,300993.4670313842,3.4487078737597594,257198.41462384837,17
2024-01-01,1157723.9721332048,300993.4670313842,3.4487078737597594,248420.723489061,40
2024-01-02,1127286.922787394,300993.4670313842,3.4487078737597594,239595.084884702,48
2024-01-03,1086026.2194771466,300993.4670313842,3.4487078737597594,227630.979828374,48
2024-01-04,1150504.5205960558,300993.4670313842,3.4487078737597594,246327.34480886604,58
2024-01-05,1106471.4170751476,300993.4670313842,3.4487078737597594,233559.3444061809,58
2024-01-06,1119831.5004124828,300993.4670313842,3.4487078737597594,237433.2832338178,60
2024-01-07,1125649.258656635,300993.4670313842,3.4487078737597594,239120.2217792417,55
2024-01-08,1083055.0785078583,300993.4670313842,3.4487078737597594,226769.456881796,51
2024-01-09,1062480.4939055194,300993.4670313842,3.4487078737597594,220803.5747730546,42
2024-01-10,1063894.1045312642,300993.4670313842,3.4487078737597594,221213.4705013941,45
2024-01-11,1076878.0507495091,300993.4670313842,3.4487078737597594,224978.3432286657,40
2024-01-12,1086589.5471815916,300993.4670313842,3.4487078737597594,227794.32439830157,36
2024-01-13,1099896.575656941,300993.4670313842,3.4487078737597594,231652.8792433201,35
2024-01-14,1079156.5442863791,268618.28507506347,3.592115342573251,225643.7173954102,28
2024-01-15,1101317.1691784416,235578.27439955008,3.734569999850343,231817.5572592252,27
2024-01-16,1143753.6337097948,201265.1506914006,3.875598127457646,243185.29734574351,28
2024-01-17,1145627.3022491445,166895.81608390715,4.016574452198636,243673.18415559028,30
2024-01-18,1153468.6272793226,166895.81608390715,4.016574452198636,245625.42607802892,38
2024-01-19,1207732.9118745686,130663.28523970743,4.156322892436653,259140.02701638677,30
2024-01-20,1196799.0010741109,130663.28523970743,4.156322892436653,256509.3577725813,32
2024-01-21,1224188.9509552782,93937.06581775774,4.295841466450292,263103.72344151285,30
2024-01-22,1306629.3348275041,93937.06581775774,4.295841466450292,282294.4651194983,34
2024-01-23,1238638.9796487074,93937.06581775774,4.295841466450292,266467.44829176186,32
2024-01-24,1246559.1682524069,93937.06581775774,4.295841466450292,268311.1356497695,38
2024-01-25,1238255.343532461,93937.06581775774,4.295841466450292,266378.1442242718,46
2024-01-26,1243202.813263622,93937.06581775774,4.295841466450292,267529.8323789209,45
2024-01-27,1248416.070553648,93937.06581775774,4.295841466450292,268743.3914291653,43
2024-01-28,1259946.5808809337,93937.06581775774,4.295841466450292,271427.5012636033,39
2024-01-29,1224902.7506347704,93937.06581775774,4.295841466450292,263269.88406104845,34
2024-01-30,1276147.6954667782,93937.06581775774,4.295841466450292,275198.8496041722,47
2024-01-31,1211262.9502274212,93937.06581775774,4.295841466450292,260094.7667961602,49
2024-02-01,1238200.9605411654,93937.06581775774,4.295841466450292,266365.484774029,48
2024-02-02,1180071.8787411524,93937.06581775774,4.295841466450292,252834.0073547643,45
2024-02-03,1315812.2530739752,93937.06581775774,4.295841466450292,284432.09480583284,44
2024-02-04,1279870.182367515,93937.06581775774,4.295841466450292,276065.38225669414,51
2024-02-05,1218444.5011748183,93937.06581775774,4.295841466450292,261766.51166930867,47
2024-02-06,1153339.7730276764,93937.06581775774,4.295841466450292,246611.22052190543,41
2024-02-07,1192701.7741411186,93937.06581775774,4.295841466450292,255774.03563527777,46
2024-02-08,1243169.497663408,93937.06581775774,4.295841466450292,267522.0770647469,58
2024-02-09,1199215.6576113158,93937.06581775774,4.295841466450292,257290.35869353524,53
2024-02-10,1225596.7053515925,93937.06581775774,4.295841466450292,263431.42510539136,47
2024-02-11,1222579.6841054396,93937.06581775774,4.295841466450292,262729.11305088113,49
2024-02-12,1261594.5623378695,93937.06581775774,4.295841466450292,271811.12376685586,48
2024-02-13,1238023.2937025127,93937.06581775774,4.295841466450292,266324.1269073479,54
2024-02-14,1196816.8707233903,93937.06581775774,4.295841466450292,256731.9612511111,49
2024-02-15,1306957.0458171514,93937.06581775774,4.295841466450292,282370.7507534554,53
2024-02-16,1237663.897350826,93937.06581775774,4.295841466450292,266240.4654513809,44
2024-02-17,1264225.887487258,93937.06581775774,4.295841466450292,272423.6522248864,41
2024-02-18,1230328.7135298483,93937.06581775774,4.295841466450292,264532.9574163977,42
2024-02-19,1203953.7987569454,93937.06581775774,4.295841466450292,258393.31865670744,38
2024-02-20,1168443.120269056,93937.06581775774,4.295841466450292,250127.02699645387,35
2024-02-21,1132685.834609875,59955.98106319017,4.436300817344403,241807.2844277561,29
2024-02-22,1106498.1345971471,26760.539093646214,4.576943981124675,235907.9770161795,30
2024-02-23,1064506.3299575502,-5175.129840114296,4.717722616106323,226736.82766887735,15
2024-02-24,1042108.4742756054,-36438.85302423022,4.858484513067756,221992.54199512035,19
2024-02-25,974111.1396440386,-65662.62557013957,4.998913194287109,207999.9641527001,19
2024-02-26,935362.0691764397,-93723.90856467768,5.138973489953255,200251.2719228832,17
2024-02-27,918093.8687340694,-121267.13777513792,5.278792368826744,196893.70861544492,9
2024-02-28,860476.4159490974,-147081.81747380632,5.4175255520871985,185981.2609531161,10
2024-02-29,857286.7789085668,-172800.80662590062,5.556181650773606,185394.8719245068,8
2024-03-01,894361.4516138396,-199632.05264300606,5.695806963455166,192069.9755585137,8
2024-03-02,957080.4764110219,-228344.8976280115,5.837120399709965,203083.934005873,13
2024-03-03,949031.6983303904,-256816.27564859352,5.97820164610344,201707.47749282583,21
2024-03-04,915953.3349629708,-284295.28788266616,6.118204434015179,196176.61289195475,7
2024-03-05,1007449.2741249693,-314519.219465389,6.261283474064603,211133.78735625,26
2024-03-06,1081647.0545416174,-346969.11785011325,6.4067346766379965,222986.6296166665,24
2024-03-07,982216.6916059831,-376436.06060243404,6.5486940608015365,207469.26632912864,19
2024-03-08,1032782.5003779583,-407420.0003728693,6.692604073307359,215193.14230687887,21
2024-03-09,1068768.4830970666,-439483.535818813,6.837896444006863,220572.5154316721,23
2024-03-10,1121597.9570646454,-473131.97925740393,6.985209093651943,228300.95920411556,22
2024-03-11,1108908.2968635624,-506399.7271795296,7.132021754281227,226486.69335219724,17
2024-03-12,1046620.1863414124,-537798.8037559206,7.2761439662101965,217755.31070512653,22
2024-03-13,833133.6524665122,-562793.1882456833,7.408732665757636,188416.41393865092,10
2024-03-14,787869.5973294639,-586429.6307122043,7.538318670314437,182308.45472924848,4
2024-03-15,1105899.5270665726,-619607.1141864535,7.6860292621957855,224499.09860999856,10
2024-03-16,1180848.445273277,-655033.0989344231,7.837183415384986,234252.72153306057,9
2024-03-17,1094710.9261285532,-687874.9193455859,7.984208499398248,223263.9397641593,14
2024-03-18,1305552.1936002788,-727042.072660894,8.141003441336434,249673.67731851747,18
2024-03-19,1351501.4779112116,-767587.7251830181,8.29972710036081,255320.3469788913,20
2024-03-20,1505277.171960359,-812746.7177267171,8.464548242820825,273850.8687280623,24
2024-03-21,1491594.9229890653,-812746.7177267171,8.464548242820825,272234.4506300382,32
2024-03-22,1642967.1045847987,-812746.7177267171,8.464548242820825,290117.52923663944,43
2024-03-23,1595990.3042019592,-812746.7177267171,8.464548242820825,284567.69963732414,48
2024-03-24,1437649.4721205095,-812746.7177267171,8.464548242820825,265861.3460861177,44
2024-03-25,1397035.4853750635,-812746.7177267171,8.464548242820825,261063.21798992628,48
2024-03-26,1444687.39680407,-812746.7177267171,8.464548242820825,266692.8050703027,50
2024-03-27,1411889.8415771127,-812746.7177267171,8.464548242820825,262818.10859671654,56
2024-03-28,1406393.181709169,-812746.7177267171,8.464548242820825,262168.73432295,55
2024-03-29,1406517.6807242818,-812746.7177267171,8.464548242820825,262183.4426111588,58
2024-03-30,1557844.8161894726,-812746.7177267171,8.464548242820825,280061.1994771012,57
2024-03-31,1358226.3607034702,-812746.7177267171,8.464548242820825,256478.31593038532,52
2024-04-01,1628320.625585279,-812746.7177267171,8.464548242820825,288387.1972000843,59
2024-04-02,1722212.7646762445,-812746.7177267171,8.464548242820825,299479.5953290216,60
2024-04-03,1763668.1415093746,-812746.7177267171,8.464548242820825,304377.1250782661,56
2024-04-04,1843083.8870293703,-812746.7177267171,8.464548242820825,313759.2850284267,55
2024-04-05,1761116.9338674578,-812746.7177267171,8.464548242820825,304075.7259286918,53
2024-04-06,1751329.4300788557,-812746.7177267171,8.464548242820825,302919.4322308086,53
2024-04-07,1806006.674142633,-812746.7177267171,8.464548242820825,309378.9906732986,52
2024-04-08,1693117.223092582,-812746.7177267171,8.464548242820825,296042.2539908894,62
2024-04-09,1760881.0552174747,-812746.7177267171,8.464548242820825,304047.8592731756,64
2024-04-10,1897159.2471543886,-812746.7177267171,8.464548242820825,320147.73702536366,63
2024-04-11,1987257.056419944,-812746.7177267171,8.464548242820825,330791.8738039533,58
2024-04-12,1934390.1873545642,-812746.7177267171,8.464548242820825,324546.19269389304,53
2024-04-13,1949721.1756888046,-812746.7177267171,8.464548242820825,326357.3925233988,57
2024-04-14,1779438.0402385755,1779438.0402385755,0.0,306393.3743793476,70
2024-04-15,1779438.0402385755,1779438.0402385755,0.0,291998.85134461214,63
2024-04-16,1779438.0402385755,1779438.0402385755,0.0,272938.7739141058,60
2024-04-17,1779438.0402385755,1779438.0402385755,0.0,266889.0326735331,48
2024-04-18,1779438.0402385755,1779438.0402385755,0.0,261499.0303620693,37
2024-04-19,1779411.348667972,1726054.8990314184,0.20687688802721724,257914.019035002,28
2024-04-20,1780353.0113057175,1726054.8990314184,0.20687688802721724,262465.8210595059,32
2024-04-21,1781093.1986831622,1672621.3015669615,0.4075242315416408,266172.87690073723,30
2024-04-22,1775871.1763058435,1619344.3671237696,0.6176473783568813,253424.22661694133,27
2024-04-23,1781502.5874266766,1619344.3671237696,0.6176473783568813,262541.74466715014,31
2024-04-24,1773807.3655208913,1566129.347932855,0.8302939369465224,250125.8992108146,26
2024-04-25,1779417.871902656,1566129.347932855,0.8302939369465224,256883.15243417048,32
2024-04-26,1779069.3604253542,1512756.4665268732,1.0382749145393182,256495.54869255784,27
2024-04-27,1800379.6794407761,1512756.4665268732,1.0382749145393182,277020.2851732397,32
2024-04-28,1797382.9360264707,1512756.4665268732,1.0382749145393182,274134.01355833217,41
2024-04-29,1826537.563047475,1512756.4665268732,1.0382749145393182,302213.88586646743,42
2024-04-30,1854982.186748739,1512756.4665268732,1.0382749145393182,329609.9283817439,54
2024-05-01,1832231.3335168438,1512756.4665268732,1.0382749145393182,307697.76146592293,48
2024-05-02,1832039.5202941,1512756.4665268732,1.0382749145393182,307513.01923623227,38
2024-05-03,1792309.7883580101,1458986.3663246299,1.2378606890174875,269273.7761128396,30
2024-05-04,1776979.1489212448,1405676.1922043806,1.4452617650778317,256910.5235388748,19
2024-05-05,1781741.1097595035,1352223.1571160692,1.6505707695279832,260223.89380266576,15
2024-05-06,1794311.8248516852,1298392.9949180856,1.851436946718657,267856.18101255223,18
2024-05-07,1802520.306767906,1244316.5745687431,2.049925808369583,272304.3584895068,22
2024-05-08,1857578.5843252577,1244316.5745687431,2.049925808369583,299163.0269020688,31
2024-05-09,1849820.10882779,1188821.138872374,2.2377024740879032,295391.8036958161,29
2024-05-10,1888587.810681759,1132162.6546746583,2.418786130961357,312729.24312099314,27
2024-05-11,1890090.6600623108,1075459.0843192337,2.599647774708556,313362.28841016925,27
2024-05-12,1858926.6779531413,1019690.4474510864,2.7845962873727945,301385.24363754573,27
2024-05-13,1809235.093968839,965412.5804640164,2.9759232556216975,283549.8233735669,19
2024-05-14,1771291.931374015,912273.0254294705,3.172050575131949,270808.7042114111,17
2024-05-15,1825430.5707458975,857509.2868510148,3.3621834678364166,287884.7312034835,27
2024-05-16,1868177.8198201642,857509.2868510148,3.3621834678364166,300598.8645882909,41
2024-05-17,1835330.6446966734,857509.2868510148,3.3621834678364166,290829.2683013197,43
2024-05-18,1890094.206871764,857509.2868510148,3.3621834678364166,307117.3628383888,50
2024-05-19,1912511.8929927368,857509.2868510148,3.3621834678364166,313784.9603491811,55
2024-05-20,1839758.9849174456,857509.2868510148,3.3621834678364166,292146.3707923452,43
2024-05-21,1825565.9047109417,857509.2868510148,3.3621834678364166,287924.98301197006,35
2024-05-22,1828895.6592973354,857509.2868510148,3.3621834678364166,288915.3378270024,50
2024-05-23,1857885.0586847966,857509.2868510148,3.3621834678364166,297537.5322030029,46
2024-05-24,1893244.4638626582,857509.2868510148,3.3621834678364166,308054.3304432297,50
2024-05-25,1868664.933630115,857509.2868510148,3.3621834678364166,300743.7447873076,49
2024-05-26,1791008.205754497,857509.2868510148,3.3621834678364166,277646.63286034,46
2024-05-27,1824061.2213131925,857509.2868510148,3.3621834678364166,287477.45139683265,42
2024-05-28,1817332.9887097334,857509.2868510148,3.3621834678364166,285476.30164762255,39
2024-05-29,2047892.2208026093,857509.2868510148,3.3621834678364166,354050.55831697746,42
2024-05-30,2160700.8632838777,857509.2868510148,3.3621834678364166,387602.7554413839,39
2024-05-31,2098113.224789187,857509.2868510148,3.3621834678364166,368987.5789962489,45
2024-06-01,2026183.6483378848,857509.2868510148,3.3621834678364166,347593.8694799776,37
2024-06-02,2262713.9728221707,857509.2868510148,3.3621834678364166,417944.0828895077,54
2024-06-03,2273714.919443685,857509.2868510148,3.3621834678364166,421216.04788688297,59
2024-06-04,2263636.5237710834,857509.2868510148,3.3621834678364166,418218.47331398574,58
2024-06-05,2292786.0353424163,857509.2868510148,3.3621834678364166,426888.2891792368,56
2024-06-06,2350901.959898973,857509.2868510148,3.3621834678364166,444173.4626721498,61
2024-06-07,2731299.5797923575,857509.2868510148,3.3621834678364166,557313.51690547,61
2024-06-08,2766498.8936971715,857509.2868510148,3.3621834678364166,567782.6998758643,56
2024-06-09,2761215.7513683094,857509.2868510148,3.3621834678364166,566211.3572113719,63
2024-06-10,2657481.894664644,857509.2868510148,3.3621834678364166,535358.2352160934,60
2024-06-11,2592755.3582626726,857509.2868510148,3.3621834678364166,516106.8954182616,59
2024-06-12,2491356.8366381368,857509.2868510148,3.3621834678364166,485948.3622523764,59
2024-06-13,2504704.9431297258,857509.2868510148,3.3621834678364166,489918.4330766728,49
2024-06-14,2473480.872069341,857509.2868510148,3.3621834678364166,480631.58976217697,47
2024-06-15,2481156.1099677994,857509.2868510148,3.3621834678364166,482914.4032885303,50
2024-06-16,2531751.47503364,857509.2868510148,3.3621834678364166,497962.7685993022,55
2024-06-17,2563123.9926082897,857509.2868510148,3.3621834678364166,507293.7637323068,58
2024-06-18,2505970.002093252,857509.2868510148,3.3621834678364166,490294.6942104354,57
2024-06-19,2509217.44564904,857509.2868510148,3.3621834678364166,491260.5676039768,56
2024-06-20,2617882.086030627,857509.2868510148,3.3621834678364166,523580.2317213884,52
2024-06-21,2620134.5099652503,857509.2868510148,3.3621834678364166,524250.1606399529,52
2024-06-22,2726570.3390083355,857509.2868510148,3.3621834678364166,555906.9188333353,63
2024-06-23,2784352.712660796,857509.2868510148,3.3621834678364166,573092.8856924382,49
2024-06-24,2835534.932688134,857509.2868510148,3.3621834678364166,588315.7967908245,58
2024-06-25,2927083.2575155618,857509.2868510148,3.3621834678364166,615544.6276096078,62
2024-06-26,2554842.876562348,857509.2868510148,3.3621834678364166,504830.7464326379,54
2024-06-27,2604040.136166817,857509.2868510148,3.3621834678364166,519463.279152849,57
2024-06-28,2734188.685717686,857509.2868510148,3.3621834678364166,558172.8114540771,56
2024-06-29,2802228.7296863412,857509.2868510148,3.3621834678364166,578409.6737846266,62
2024-06-30,2720551.9463134455,857509.2868510148,3.3621834678364166,554116.8937640719,48
2024-07-01,2612725.4179836684,857509.2868510148,3.3621834678364166,522046.5057673205,55
2024-07-02,2475473.309635142,857509.2868510148,3.3621834678364166,481224.192035331,47
2024-07-03,2565323.321764753,857509.2868510148,3.3621834678364166,507947.9008957016,48
2024-07-04,2586120.350555779,857509.2868510148,3.3621834678364166,514133.4731555072,46
2024-07-05,2597776.4641848137,857509.2868510148,3.3621834678364166,517600.3017032471,39
2024-07-06,2525054.5047494285,857509.2868510148,3.3621834678364166,495970.9170694031,43
2024-07-07,2423825.3250248446,857509.2868510148,3.3621834678364166,465862.7505481617,31
2024-07-08,2454629.043050185,783869.3109598709,3.517125893424456,475035.5212515795,19
2024-07-09,2660091.940369245,704065.3556894645,3.666646662777083,533464.7061951436,24
2024-07-10,2763539.865013637,704065.3556894645,3.666646662777083,561677.9304729478,34
2024-07-11,2697541.449287001,704065.3556894645,3.666646662777083,543678.2643484107,32
2024-07-12,2760572.006176575,704065.3556894645,3.666646662777083,560868.5100105971,47
2024-07-13,2691914.3318522554,704065.3556894645,3.666646662777083,542143.5875845242,40
2024-07-14,2739523.706802708,704065.3556894645,3.666646662777083,555128.0334090351,49
2024-07-15,2740028.081387429,704065.3556894645,3.666646662777083,555265.5908644183,50
2024-07-16,2293151.947514272,635269.765330181,3.8253022962314214,433398.9979870059,25
2024-07-17,2223047.224231738,568577.3482169722,3.985895167986401,415081.1314113344,17
2024-07-18,2182180.4540076633,503110.95260080806,4.147525018139251,404836.4974444818,13
2024-07-19,2081586.2313197441,440662.42893336073,4.311526439964641,380589.9894701424,7
2024-07-20,2106546.7197669526,377465.07938010886,4.475004564357306,386386.56464368815,0
2024-07-21,2053487.3514794656,315859.5347525555,4.6394070257008515,374536.6179559155,2
2024-07-22,2002686.6451358092,255778.03417597257,4.80456811502871,363593.2656455632,1
2024-07-23,2064681.0783506464,193836.67270503112,4.969003460451393,376502.9387755074,0
2024-07-24,2163948.1919728466,128917.25315455245,5.132658265088539,396486.73917377775,0
2024-07-25,2112170.4831773886,65551.188168256,5.296564992185391,386405.0187298253,0
2024-07-26,2080664.292617155,3130.3230767649875,5.460548712011703,380462.4917950805,6
2024-07-27,2054411.746795597,-58502.95382625647,5.624533125713569,375660.4598810668,7
2024-07-28,2111758.619524938,-121856.66271763798,5.788638537157619,385861.9376395443,6
2024-07-29,2031182.175407523,-182793.0420255533,5.95238723916448,371947.4436854424,5
2024-07-30,2208321.8188203615,-249043.690349889,6.1172253592620285,401712.4373960783,1
2024-07-31,2244516.2409975454,-316380.1876272745,6.282331081602436,407634.7450270977,10
2024-08-01,2202170.728109507,-382446.3004622522,6.447043347677806,400899.58903451846,11
2024-08-02,2292539.2455597706,-451223.50948718074,6.612719848759256,414921.9712614565,13
2024-08-03,2325299.570718953,-520983.5430092522,6.778779017394561,419881.3837159396,18
2024-08-04,2295969.54952601,-589863.6626968278,6.944448777412563,415559.723272676,20
2024-08-05,2409817.9858086556,-662159.2867054476,7.111731923762557,431959.0931499612,20
2024-08-06,2583499.057450599,-662159.2867054476,7.111731923762557,456380.8617857586,31
2024-08-07,2562474.4899697984,-739034.674535359,7.281189082469033,453429.94490477146,24
2024-08-08,2623826.6912924163,-817750.6560138536,7.451535880971636,461861.47423576633,20
2024-08-09,2614279.6423664824,-896180.2217283337,7.621733049312373,460585.5179369641,16
2024-08-10,2718877.069547586,-977747.7573277953,7.793616391324042,474314.44418928726,12
2024-08-11,2777113.589507119,-1061062.41473287,7.966456493353389,481792.12519923673,21
2024-08-12,2721457.1202239785,-1142707.3530136636,8.138323053794606,474810.8974902295,19
2024-08-13,2807849.972156679,-1226944.1157298046,8.311765900832468,485431.63222178543,20
2024-08-14,3076313.2844030415,-1319234.8986236393,8.489935027043522,517736.3747808747,25
2024-08-15,3236474.1850665403,-1319234.8986236393,8.489935027043522,536601.1717614556,46
2024-08-16,3244267.000543618,-1319234.8986236393,8.489935027043522,537519.0604675829,56
2024-08-17,3679002.769891447,3679002.769891447,0.0,589019.5886782041,71
2024-08-18,3679002.769891447,3679002.769891447,0.0,621039.4155185523,70
2024-08-19,3679002.769891447,3679002.769891447,0.0,591414.0758122172,66
2024-08-20,3679002.769891447,3679002.769891447,0.0,557030.1208091346,68
2024-08-21,3679002.769891447,3679002.769891447,0.0,576401.8641626628,72
2024-08-22,3679002.769891447,3679002.769891447,0.0,596110.3953622001,70
2024-08-23,3679002.769891447,3679002.769891447,0.0,585722.1152080481,70
2024-08-24,3679002.769891447,3679002.769891447,0.0,582489.3111456216,66
2024-08-25,3679002.769891447,3679002.769891447,0.0,587798.7121116094,67
2024-08-26,3679002.769891447,3679002.769891447,0.0,597420.3273336008,69
2024-08-27,3679002.769891447,3679002.769891447,0.0,565042.9933881777,67
2024-08-28,3679002.769891447,3679002.769891447,0.0,469281.6868133639,66
2024-08-29,3679002.769891447,3679002.769891447,0.0,493765.7492001294,65
2024-08-30,3679002.769891447,3679002.769891447,0.0,508337.221996528,64
2024-08-31,3679002.769891447,3679002.769891447,0.0,488339.5542945002,62
2024-09-01,3679002.769891447,3679002.769891447,0.0,534096.7540397883,60
2024-09-02,3679002.769891447,3679002.769891447,0.0,534094.7577066723,63
2024-09-03,3679002.769891447,3679002.769891447,0.0,517196.87833833095,64
2024-09-04,3679002.769891447,3679002.769891447,0.0,514282.6413856137,60
2024-09-05,3679002.769891447,3679002.769891447,0.0,529184.7070689301,52
2024-09-06,3679002.769891447,3679002.769891447,0.0,516508.2819852333,46
2024-09-07,3679002.769891447,3679002.769891447,0.0,519823.309685417,46
2024-09-08,3679002.769891447,3679002.769891447,0.0,490874.8503602501,41
2024-09-09,3679002.769891447,3679002.769891447,0.0,460718.9335083861,36
2024-09-10,3679002.769891447,3679002.769891447,0.0,472043.57219141023,34
2024-09-11,3678947.5848498982,3568632.6867947034,0.2340406368073403,471349.3330049561,29
2024-09-12,3684777.112927302,3568632.6867947034,0.2340406368073403,496257.5205613008,37
2024-09-13,3681784.8043730175,3458177.4858354987,0.46227741797716776,483708.071910541,20
2024-09-14,3691938.3391468194,3347417.6742639206,0.681150838889622,505792.0290379722,28
2024-09-15,3679743.7925616074,3237023.704577527,0.9072686864702757,487970.2061651448,26
2024-09-16,3671087.9590870636,3126889.4137905533,1.1373239446887737,478490.3613767045,22
2024-09-17,3663981.920670597,3016968.307353839,1.3699479557840042,472290.652053625,13
2024-09-18,3686929.9373205113,2906358.7500908645,1.5959923500973012,489082.0355010214,12
2024-09-19,3667224.742857011,2796340.357529266,1.8266348454276247,476769.8303290972,20
2024-09-20,3686556.5073244353,2685742.00333422,2.053444091583847,487383.37123085465,17
2024-09-21,3709972.6653457405,2574441.153861106,2.276463567612603,498813.8302057262,9
2024-09-22,3776290.422711348,2461150.741823585,2.490933387421967,527970.6344330986,22
2024-09-23,3708380.9609451243,2349897.644198767,2.713003969126713,500730.3093565464,20
2024-09-24,3818861.098718941,2235330.0927239265,2.9244828153231306,541473.8625571468,25
2024-09-25,3857421.841904876,2119605.7016009134,3.133011531653658,554679.139462571,24
2024-09-26,3862211.6565988455,2119605.7016009134,3.133011531653658,556207.9607406214,33
2024-09-27,4002079.9929669844,2119605.7016009134,3.133011531653658,600851.376494126,50
2024-09-28,3694586.2746309233,2119605.7016009134,3.133011531653658,502705.00351420906,44
2024-09-29,3705020.190662341,2119605.7016009134,3.133011531653658,506035.3187479711,36
2024-09-30,3818834.514498758,2119605.7016009134,3.133011531653658,542362.7700473104,41
2024-10-01,3866683.3918451057,2119605.7016009134,3.133011531653658,557635.2568744151,38
2024-10-02,3830269.279925669,2119605.7016009134,3.133011531653658,546012.5381095669,33
2024-10-03,3959370.0794452736,2119605.7016009134,3.133011531653658,587219.1529640813,43
2024-10-04,3959991.139582677,2119605.7016009134,3.133011531653658,587417.3840050873,44
2024-10-05,4040196.515718507,2119605.7016009134,3.133011531653658,613017.4736713696,53
2024-10-06,3941148.914089884,2119605.7016009134,3.133011531653658,581403.2901205213,54
2024-10-07,3938404.9748740606,2119605.7016009134,3.133011531653658,580527.4748903183,48
2024-10-08,3955237.1435481203,2119605.7016009134,3.133011531653658,585899.9953882482,48
2024-10-09,3880271.8433676744,2119605.7016009134,3.133011531653658,561972.4421625255,54
2024-10-10,3984985.5919952635,2119605.7016009134,3.133011531653658,595395.1562411805,55
2024-10-11,3961417.381589633,2119605.7016009134,3.133011531653658,587872.6143777004,57
2024-10-12,3989833.984015052,2119605.7016009134,3.133011531653658,596942.6743306622,56
2024-10-13,4036735.5037123873,2119605.7016009134,3.133011531653658,611912.7819167583,57
2024-10-14,4013318.978545727,2119605.7016009134,3.133011531653658,604438.6552082937,50
2024-10-15,3918414.3154026265,2119605.7016009134,3.133011531653658,574146.8218766084,50
2024-10-16,4107864.2836600607,2119605.7016009134,3.133011531653658,634615.7880273457,63
2024-10-17,4428614.940568514,2119605.7016009134,3.133011531653658,736993.5334227337,59
2024-10-18,4590408.082935451,2119605.7016009134,3.133011531653658,788634.9463994484,61
2024-10-19,4663710.190861255,2119605.7016009134,3.133011531653658,812031.6390656625,64
2024-10-20,4640537.651684051,2119605.7016009134,3.133011531653658,804635.3882242324,66
2024-10-21,4667163.930195188,2119605.7016009134,3.133011531653658,813134.0095162783,65
2024-10-22,4601083.725608449,2119605.7016009134,3.133011531653658,792042.4163577107,61
2024-10-23,4605703.727562364,2119605.7016009134,3.133011531653658,793517.0365138252,59
2024-10-24,4409850.116698855,2119605.7016009134,3.133011531653658,731004.1447211368,63
2024-10-25,4295048.072231742,2119605.7016009134,3.133011531653658,694361.4310549925,59
2024-10-26,4229454.770427085,2119605.7016009134,3.133011531653658,673425.2483624141,54
2024-10-27,4346472.464009458,2119605.7016009134,3.133011531653658,710775.1567173982,49
2024-10-28,4392511.419797002,2119605.7016009134,3.133011531653658,725469.9496737599,61
2024-10-29,4452640.202987634,2119605.7016009134,3.133011531653658,744661.9579326299,63
2024-10-30,4321366.75365627,2119605.7016009134,3.133011531653658,702761.8729807959,67
2024-10-31,4115502.384717351,2119605.7016009134,3.133011531653658,637053.7302372992,50
2024-11-01,4131084.3721467652,2119605.7016009134,3.133011531653658,642027.2157390235,50
2024-11-02,4052326.7828373574,2119605.7016009134,3.133011531653658,616889.2331578238,34
2024-11-03,4020716.79177437,2119605.7016009134,3.133011531653658,606799.9019365297,42
2024-11-04,3978976.7847480737,2119605.7016009134,3.133011531653658,593477.254827004,34
2024-11-05,3895408.7710571103,2002741.6855089588,3.3390823550791837,566822.5231609384,28
2024-11-06,3885679.788494556,1886169.5432719886,3.5456942017649458,563926.309332392,28
2024-11-07,3922790.513758078,1768484.0625770357,3.7504726286243173,574409.3250378546,26
2024-11-08,4004011.174442299,1768484.0625770357,3.7504726286243173,596065.4384738865,40
2024-11-09,3920037.5689406316,1768484.0625770357,3.7504726286243173,573675.2989323351,31
2024-11-10,3826199.6733039236,1653696.350562238,3.959578743326761,548670.3166095873,26
2024-11-11,3891910.0731400414,1536937.296982233,4.166026166711312,565280.361168936,29
2024-11-12,3866433.8367712987,1420942.5419577686,4.373360040348945,559179.0459169255,22
2024-11-13,4508472.587908725,1420942.5419577686,4.373360040348945,705985.7906655694,37
2024-11-14,4711008.561631266,1420942.5419577686,4.373360040348945,752297.0872096291,54
2024-11-15,4794193.979875177,1420942.5419577686,4.373360040348945,771318.0270536931,49
2024-11-16,4804152.967372049,1420942.5419577686,4.373360040348945,773595.2206542632,38
2024-11-17,4836801.536339922,1420942.5419577686,4.373360040348945,781060.5490668924,32
2024-11-18,4981526.582792474,1271494.5027534063,4.556827013980778,814170.0504882756,26
2024-11-19,5390701.509095961,1271494.5027534063,4.556827013980778,903963.8752369658,34
2024-11-20,5286876.104887894,1271494.5027534063,4.556827013980778,881179.2920413517,34
2024-11-21,5600411.339290209,1271494.5027534063,4.556827013980778,949984.8959056984,45
2024-11-22,5558451.17822613,1271494.5027534063,4.556827013980778,940776.6988564484,37
