date,equity,cash,btc,price,fng
2020-01-01,10000.0,10000.0,0.0,7200.0,53
2020-01-02,10000.0,10000.0,0.0,7429.072983051326,41
2020-01-03,10000.0,10000.0,0.0,7527.468927332505,57
2020-01-04,10000.0,10000.0,0.0,7500.231945930529,52
2020-01-05,10000.0,10000.0,0.0,7884.44715426609,50
2020-01-06,10000.0,10000.0,0.0,7434.617132550333,51
2020-01-07,10000.0,10000.0,0.0,7545.790033447096,48
2020-01-08,10000.0,10000.0,0.0,7429.512922357403,59
2020-01-09,10000.0,10000.0,0.0,7484.64044855583,52
2020-01-10,10000.0,10000.0,0.0,7702.362030793924,59
2020-01-11,10000.0,10000.0,0.0,7411.69082345723,56
2020-01-12,10000.0,10000.0,0.0,7271.156965132038,47
2020-01-13,10000.0,10000.0,0.0,7329.734605586209,46
2020-01-14,10000.0,10000.0,0.0,7005.545431524403,47
2020-01-15,10000.0,10000.0,0.0,7370.244913858448,40
2020-01-16,10000.0,10000.0,0.0,7116.451558723758,51
2020-01-17,10000.0,10000.0,0.0,6853.539839908678,50
2020-01-18,10000.0,10000.0,0.0,6733.351372933049,44
2020-01-19,10000.0,10000.0,0.0,6409.466897357017,53
2020-01-20,10000.0,10000.0,0.0,6534.033473594601,50
2020-01-21,10000.0,10000.0,0.0,6489.375131151931,54
2020-01-22,10000.0,10000.0,0.0,6301.646105089406,58
2020-01-23,10000.0,10000.0,0.0,6249.128363792572,56
2020-01-24,10000.0,10000.0,0.0,6651.865472139517,54
2020-01-25,10000.0,10000.0,0.0,6687.790486358481,59
2020-01-26,10000.0,10000.0,0.0,6636.801454576043,45
2020-01-27,10000.0,10000.0,0.0,6706.9089901684565,43
2020-01-28,10000.0,10000.0,0.0,6672.748800048576,53
2020-01-29,10000.0,10000.0,0.0,6773.669250893189,46
2020-01-30,10000.0,10000.0,0.0,7166.493714608571,42
2020-01-31,10000.0,10000.0,0.0,7134.571021765791,38
2020-02-01,10000.0,10000.0,0.0,7457.722723479236,44
2020-02-02,10000.0,10000.0,0.0,7242.430606636449,37
2020-02-03,10000.0,10000.0,0.0,7684.883971095765,40
2020-02-04,10000.0,10000.0,0.0,7614.453233814353,38
2020-02-05,10000.0,10000.0,0.0,8026.600171444713,51
2020-02-06,10000.0,10000.0,0.0,8526.239881543672,46
2020-02-07,10000.0,10000.0,0.0,8638.271436456964,49
2020-02-08,10000.0,10000.0,0.0,8115.339480038167,47
2020-02-09,10000.0,10000.0,0.0,8095.852501821953,47
2020-02-10,10000.0,10000.0,0.0,7846.485373395718,40
2020-02-11,10000.0,10000.0,0.0,7420.632841476003,38
2020-02-12,10000.0,10000.0,0.0,7274.658657499429,39
2020-02-13,10000.0,10000.0,0.0,7666.484927293191,50
2020-02-14,10000.0,10000.0,0.0,8063.379713886112,51
2020-02-15,10000.0,10000.0,0.0,7825.811683951987,48
2020-02-16,10000.0,10000.0,0.0,8157.341672789668,52
2020-02-17,10000.0,10000.0,0.0,7708.640326229497,55
2020-02-18,10000.0,10000.0,0.0,8027.728830159063,60
2020-02-19,10000.0,10000.0,0.0,7987.191311149241,60
2020-02-20,10000.0,10000.0,0.0,8404.603435576346,67
2020-02-21,10000.0,10000.0,0.0,8550.42692003779,65
2020-02-22,10000.0,10000.0,0.0,8734.841462517335,71
2020-02-23,10000.0,10000.0,0.0,9128.22207695067,74
2020-02-24,10000.0,10000.0,0.0,8971.859476824267,70
2020-02-25,10000.0,10000.0,0.0,9146.229347460814,66
2020-02-26,10000.0,10000.0,0.0,8858.712677562571,68
2020-02-27,10000.0,10000.0,0.0,8481.067660359147,64
2020-02-28,10000.0,10000.0,0.0,8332.153174981857,60
2020-02-29,10000.0,10000.0,0.0,8778.72536894462,58
2020-03-01,10000.0,10000.0,0.0,9382.723511568443,67
2020-03-02,10000.0,10000.0,0.0,9670.634522949917,72
2020-03-03,10000.0,10000.0,0.0,9422.512152881742,68
2020-03-04,10000.0,10000.0,0.0,9063.549528830952,63
2020-03-05,10000.0,10000.0,0.0,9198.1451981661,61
2020-03-06,10000.0,10000.0,0.0,9120.870459354064,51
2020-03-07,10000.0,10000.0,0.0,9347.532258390687,50
2020-03-08,10000.0,10000.0,0.0,9004.314014235528,43
2020-03-09,10000.0,10000.0,0.0,8844.964594185814,48
2020-03-10,10000.0,10000.0,0.0,8445.647220529672,35
2020-03-11,10000.0,10000.0,0.0,8569.62376800819,46
2020-03-12,10000.0,10000.0,0.0,9686.073694716137,61
2020-03-13,10000.0,10000.0,0.0,9139.817592811729,57
2020-03-14,10000.0,10000.0,0.0,9004.985396649288,57
2020-03-15,10000.0,10000.0,0.0,9258.5693408688,57
2020-03-16,10000.0,10000.0,0.0,9293.34307215763,56
2020-03-17,10000.0,10000.0,0.0,8267.506612092891,52
2020-03-18,10000.0,10000.0,0.0,7829.182682760458,42
2020-03-19,10000.0,10000.0,0.0,7876.8470457661,34
2020-03-20,10000.0,10000.0,0.0,7715.884733145553,33
2020-03-21,10000.0,10000.0,0.0,7598.71300708001,30
2020-03-22,10000.0,10000.0,0.0,7400.845332943652,25
2020-03-23,10000.0,10000.0,0.0,8147.011566504432,27
2020-03-24,10000.0,10000.0,0.0,7800.211164821733,19
2020-03-25,10000.0,10000.0,0.0,7792.388464665132,20
2020-03-26,10000.0,10000.0,0.0,7580.04808420652,16
2020-03-27,10000.0,10000.0,0.0,8124.9431102444605,21
2020-03-28,10000.0,10000.0,0.0,8505.625592094562,27
2020-03-29,10000.0,10000.0,0.0,8618.882738297872,33
2020-03-30,10000.0,10000.0,0.0,8698.901283716064,31
2020-03-31,10000.0,10000.0,0.0,8337.281982236405,23
2020-04-01,10000.0,10000.0,0.0,8242.030919258108,21
2020-04-02,10000.0,10000.0,0.0,8097.075356134961,22
2020-04-03,10000.0,10000.0,0.0,7471.699622161231,21
2020-04-04,9999.5,9000.0,0.13263519832886395,7535.707056597282,15
2020-04-05,9998.349215730988,9000.0,0.13263519832886395,7527.030745305028,19
2020-04-06,9967.957247733339,9000.0,0.13263519832886395,7297.891207832519,17
2020-04-07,9964.437150318885,9000.0,0.13263519832886395,7271.351515060118,19
2020-04-08,9939.513216471247,9000.0,0.13263519832886395,7083.438094175875,18
2020-04-09,9927.351752329945,9000.0,0.13263519832886395,6991.747017489373,16
2020-04-10,9894.459910246926,8010.504534202018,0.2792083294012857,6747.489876411377,14
2020-04-11,9976.449809390408,7012.809668519692,0.4207966059956476,7042.927862639105,7
2020-04-12,10047.89024720652,6007.970401835706,0.5600191331837203,7213.896108162923,15
2020-04-13,10192.712897936246,6007.970401835706,0.5600191331837203,7472.4991489312015,19
2020-04-14,10152.151871640384,6007.970401835706,0.5600191331837203,7400.071219433026,21
2020-04-15,10281.04907300496,6007.970401835706,0.5600191331837203,7630.23692936474,18
2020-04-16,10431.017644451018,6007.970401835706,0.5600191331837203,7898.028800320083,30
2020-04-17,10395.175444071805,6007.970401835706,0.5600191331837203,7834.027057780594,31
2020-04-18,10335.153969139355,6007.970401835706,0.5600191331837203,7726.849514414843,36
2020-04-19,10751.953705632512,6007.970401835706,0.5600191331837203,8471.109329474446,43
2020-04-20,11099.644320507025,6007.970401835706,0.5600191331837203,9091.964215088596,52
2020-04-21,11013.980165303892,6007.970401835706,0.5600191331837203,8938.99773568256,60
2020-04-22,10808.725754264735,6007.970401835706,0.5600191331837203,8572.484524120873,49
2020-04-23,10789.339377668295,6007.970401835706,0.5600191331837203,8537.867177234477,44
2020-04-24,10588.903708515485,6007.970401835706,0.5600191331837203,8179.958567910136,39
2020-04-25,10758.825856877937,6007.970401835706,0.5600191331837203,8483.380608861557,51
2020-04-26,11123.297869367554,6007.970401835706,0.5600191331837203,9134.201252109204,53
2020-04-27,11300.575057114365,6007.970401835706,0.5600191331837203,9450.756843235144,52
2020-04-28,11294.094089140566,6007.970401835706,0.5600191331837203,9439.184081538677,52
2020-04-29,11461.059872978354,6007.970401835706,0.5600191331837203,9737.327080490486,55
2020-04-30,11371.48361177881,6007.970401835706,0.5600191331837203,9577.374936194452,51
2020-05-01,11162.536069534828,6007.970401835706,0.5600191331837203,9204.267072796798,48
2020-05-02,11634.418918228579,6007.970401835706,0.5600191331837203,10046.886227630112,50
2020-05-03,11586.01801268672,6007.970401835706,0.5600191331837203,9960.458992069964,64
2020-05-04,11833.06256636426,6007.970401835706,0.5600191331837203,10401.594908753896,69
2020-05-05,11956.269063308695,6007.970401835706,0.5600191331837203,10621.598993692927,68
2020-05-06,11794.313321723339,6007.970401835706,0.5600191331837203,10332.402193103928,64
2020-05-07,12009.718117552398,6007.970401835706,0.5600191331837203,10717.040472522132,63
2020-05-08,11714.632009461686,6007.970401835706,0.5600191331837203,10190.11899679836,68
2020-05-09,11500.612428101314,6007.970401835706,0.5600191331837203,9807.954230134646,61
2020-05-10,11654.43103765649,6007.970401835706,0.5600191331837203,10082.620934253688,68
2020-05-11,11241.238451559093,6007.970401835706,0.5600191331837203,9344.802239116634,66
2020-05-12,11342.926707992508,6007.970401835706,0.5600191331837203,9526.382207385424,61
2020-05-13,11596.296597447945,6007.970401835706,0.5600191331837203,9978.812980625304,66
2020-05-14,11400.457195463401,6007.970401835706,0.5600191331837203,9629.111710829053,69
2020-05-15,11052.288440907547,6007.970401835706,0.5600191331837203,9007.403033526352,60
2020-05-16,11350.092430014893,6007.970401835706,0.5600191331837203,9539.17770239226,57
2020-05-17,11235.84539795886,6007.970401835706,0.5600191331837203,9335.172115285734,50
2020-05-18,11789.560262581363,6007.970401835706,0.5600191331837203,10323.914877474275,58
2020-05-19,12374.837718274995,6007.970401835706,0.5600191331837203,11369.017483819736,64
2020-05-20,12503.284369081626,6007.970401835706,0.5600191331837203,11598.378666671486,68
2020-05-21,12643.177105918481,6007.970401835706,0.5600191331837203,11848.178590544734,62
2020-05-22,12865.633026866046,6007.970401835706,0.5600191331837203,12245.407734632896,68
2020-05-23,12974.819551298646,6007.970401835706,0.5600191331837203,12440.377009721538,66
2020-05-24,12652.669646943255,6007.970401835706,0.5600191331837203,11865.128977526709,61
2020-05-25,12652.570152236987,6007.970401835706,0.5600191331837203,11864.95131447848,69
2020-05-26,12761.67501799174,6007.970401835706,0.5600191331837203,12059.77477548148,61
2020-05-27,12603.93183489021,6007.970401835706,0.5600191331837203,11778.100143751031,65
2020-05-28,12604.988154737046,6007.970401835706,0.5600191331837203,11779.98636474643,59
2020-05-29,12551.137398854717,6007.970401835706,0.5600191331837203,11683.827586070089,55
2020-05-30,12876.397149078213,6007.970401835706,0.5600191331837203,12264.628724728313,60
2020-05-31,12844.214936295455,6007.970401835706,0.5600191331837203,12207.16245103191,59
2020-06-01,13207.080703068852,6007.970401835706,0.5600191331837203,12855.11489635373,58
2020-06-02,13293.71957905972,6007.970401835706,0.5600191331837203,13009.821889127928,65
2020-06-03,13566.279940053191,6007.970401835706,0.5600191331837203,13496.520190744804,63
2020-06-04,14109.825478948527,6007.970401835706,0.5600191331837203,14467.104063130144,68
2020-06-05,15272.702822101348,6007.970401835706,0.5600191331837203,16543.59980094867,62
2020-06-06,14626.57854547177,6007.970401835706,0.5600191331837203,15389.845869442172,63
2020-06-07,14277.48977904243,6007.970401835706,0.5600191331837203,14766.494369923284,64
2020-06-08,14950.775590623616,6007.970401835706,0.5600191331837203,15968.749385307388,63
2020-06-09,14909.63874260675,6007.970401835706,0.5600191331837203,15895.293237866492,65
2020-06-10,15039.130322723788,6007.970401835706,0.5600191331837203,16126.520302164949,69
2020-06-11,15409.909645276308,6007.970401835706,0.5600191331837203,16788.603614291504,65
2020-06-12,15145.604396142506,6007.970401835706,0.5600191331837203,16316.646080213655,60
2020-06-13,15294.279147269666,6007.970401835706,0.5600191331837203,16582.127636677524,65
2020-06-14,16732.826744742655,6007.970401835706,0.5600191331837203,19150.87486732091,71
2020-06-15,16959.29715905669,6007.970401835706,0.5600191331837203,19555.27250464188,66
2020-06-16,17715.717586308943,6007.970401835706,0.5600191331837203,20905.97711887887,65
2020-06-17,18217.246693303692,6007.970401835706,0.5600191331837203,21801.534211979502,62
2020-06-18,18741.750149401356,6007.970401835706,0.5600191331837203,22738.11552682825,66
2020-06-19,18244.072410702105,6007.970401835706,0.5600191331837203,21849.435642142987,67
2020-06-20,18768.379472568882,6007.970401835706,0.5600191331837203,22785.66626498989,69
2020-06-21,19143.496152818137,6007.970401835706,0.5600191331837203,23455.49459409841,64
2020-06-22,18975.98518174312,6007.970401835706,0.5600191331837203,23156.37807977021,62
2020-06-23,19305.230077692006,6007.970401835706,0.5600191331837203,23744.29530694979,69
2020-06-24,19806.106264729002,6007.970401835706,0.5600191331837203,24638.686511388656,64
2020-06-25,19682.785208244346,6007.970401835706,0.5600191331837203,24418.477862831285,60
2020-06-26,19197.05535705263,6007.970401835706,0.5600191331837203,23551.132762619563,66
2020-06-27,19950.661086772874,6007.970401835706,0.5600191331837203,24896.81130298653,68
2020-06-28,19072.182259001907,6007.970401835706,0.5600191331837203,23328.15270595468,69
2020-06-29,19103.458958936222,6007.970401835706,0.5600191331837203,23384.00204766647,58
2020-06-30,20007.431795291526,6007.970401835706,0.5600191331837203,24998.18410465477,67
2020-07-01,19528.485632151627,6007.970401835706,0.5600191331837203,24142.95231923865,64
2020-07-02,19534.331558480193,6007.970401835706,0.5600191331837203,24153.39111674068,64
2020-07-03,20016.281895253825,6007.970401835706,0.5600191331837203,25013.98731464866,57
2020-07-04,20394.07834645731,6007.970401835706,0.5600191331837203,25688.600785541534,62
2020-07-05,20148.700873494203,6007.970401835706,0.5600191331837203,25250.441696997303,66
2020-07-06,20506.274573308496,6007.970401835706,0.5600191331837203,25888.944345614826,72
2020-07-07,19855.01623238343,6007.970401835706,0.5600191331837203,24726.022755377984,65
2020-07-08,19884.54719413635,6007.970401835706,0.5600191331837203,24778.75481398648,59
2020-07-09,20351.248793869352,6007.970401835706,0.5600191331837203,25612.122054637337,69
2020-07-10,21102.103987514107,6007.970401835706,0.5600191331837203,26952.889091249333,65
2020-07-11,20216.019908934562,6007.970401835706,0.5600191331837203,25370.650153193517,65
2020-07-12,20624.81160854202,6007.970401835706,0.5600191331837203,26100.61039095087,60
2020-07-13,19689.513598056616,6007.970401835706,0.5600191331837203,24430.492434144267,59
2020-07-14,18489.232797430006,6007.970401835706,0.5600191331837203,22287.207089940068,49
2020-07-15,17930.880438102737,6007.970401835706,0.5600191331837203,21290.18337013781,49
2020-07-16,18202.706048108746,6007.970401835706,0.5600191331837203,21775.5696612466,40
2020-07-17,18266.485307658495,6007.970401835706,0.5600191331837203,21889.45730502613,42
2020-07-18,17661.830711328417,6007.970401835706,0.5600191331837203,20809.753844016497,35
2020-07-19,18294.558834276093,6007.970401835706,0.5600191331837203,21939.586889810136,39
2020-07-20,18186.833246621718,6007.970401835706,0.5600191331837203,21747.226341266105,26
2020-07-21,18909.966685590207,6007.970401835706,0.5600191331837203,23038.49193581367,30
2020-07-22,19291.76162156245,6007.970401835706,0.5600191331837203,23720.24531413439,34
2020-07-23,18949.506477178922,6007.970401835706,0.5600191331837203,23109.096294211085,28
2020-07-24,19387.718293957376,6007.970401835706,0.5600191331837203,23891.59066058605,39
2020-07-25,19186.034022843312,6007.970401835706,0.5600191331837203,23531.45248107871,37
2020-07-26,19677.584222258738,6007.970401835706,0.5600191331837203,24409.19070516572,29
2020-07-27,20621.419590479105,6007.970401835706,0.5600191331837203,26094.553422783323,42
2020-07-28,20994.12691080854,6007.970401835706,0.5600191331837203,26760.079470457065,44
2020-07-29,19851.096190450557,6007.970401835706,0.5600191331837203,24719.02291965704,47
2020-07-30,19755.340743385837,6007.970401835706,0.5600191331837203,24548.03689187555,38
2020-07-31,19226.66605497319,6007.970401835706,0.5600191331837203,23604.00720237704,38
2020-08-01,19384.508401307452,6007.970401835706,0.5600191331837203,23885.85890525892,41
2020-08-02,19100.990488868985,6007.970401835706,0.5600191331837203,23379.59421600328,36
2020-08-03,20527.415496473917,6007.970401835706,0.5600191331837203,25926.694704330665,43
2020-08-04,20984.763095075952,6007.970401835706,0.5600191331837203,26743.358942214832,41
2020-08-05,20963.92547180772,6007.970401835706,0.5600191331837203,26706.15017195413,37
2020-08-06,21149.476546357047,6007.970401835706,0.5600191331837203,27037.480056157307,44
2020-08-07,20134.64782277297,6007.970401835706,0.5600191331837203,25225.347820933926,40
2020-08-08,19418.942487395005,6007.970401835706,0.5600191331837203,23947.3462439,34
2020-08-09,19664.622360699774,6007.970401835706,0.5600191331837203,24386.04531460509,24
2020-08-10,19343.126470750383,6007.970401835706,0.5600191331837203,23811.965125377126,31
2020-08-11,19354.21233916932,6007.970401835706,0.5600191331837203,23831.76064264082,33
2020-08-12,19278.528010733884,6007.970401835706,0.5600191331837203,23696.614673600143,34
2020-08-13,18933.557793206455,6007.970401835706,0.5600191331837203,23080.617474421844,36
2020-08-14,19343.591976007643,6007.970401835706,0.5600191331837203,23812.79635636492,46
2020-08-15,20026.44470582353,6007.970401835706,0.5600191331837203,25032.134570639595,56
2020-08-16,19748.29503117156,6007.970401835706,0.5600191331837203,24535.45569277576,46
2020-08-17,20932.537657465982,6007.970401835706,0.5600191331837203,26650.102418436672,69
2020-08-18,21711.204164224575,6007.970401835706,0.5600191331837203,28040.530817430583,64
2020-08-19,20198.02255128359,6007.970401835706,0.5600191331837203,25338.51311253804,52
2020-08-20,20067.18055288381,6007.970401835706,0.5600191331837203,25104.87466940853,50
2020-08-21,19920.89284861303,6007.970401835706,0.5600191331837203,24843.65555098461,47
2020-08-22,19771.522231265903,6007.970401835706,0.5600191331837203,24576.931418725144,45
2020-08-23,19461.02139077153,6007.970401835706,0.5600191331837203,24022.484575580394,38
2020-08-24,18747.086622635266,6007.970401835706,0.5600191331837203,22747.644617742648,36
2020-08-25,19213.59744394887,6007.970401835706,0.5600191331837203,23580.67119428385,33
2020-08-26,19029.26633391443,6007.970401835706,0.5600191331837203,23251.519743713736,27
2020-08-27,18570.937256544283,6007.970401835706,0.5600191331837203,22433.102925051597,18
2020-08-28,19568.626571679408,6007.970401835706,0.5600191331837203,24214.63011942305,30
2020-08-29,19617.79093048544,6007.970401835706,0.5600191331837203,24302.420617805725,36
2020-08-30,19394.85825834469,6007.970401835706,0.5600191331837203,23904.340161387438,39
2020-08-31,18506.7798394777,6007.970401835706,0.5600191331837203,22318.540023063146,31
2020-09-01,22169.31305204447,6007.970401835706,0.5600191331837203,28858.55445390088,38
2020-09-02,22567.89478616621,6007.970401835706,0.5600191331837203,29570.283233337028,45
2020-09-03,22842.16737294884,6007.970401835706,0.5600191331837203,30060.03897654421,41
2020-09-04,22936.63069174056,6007.970401835706,0.5600191331837203,30228.717711241523,43
2020-09-05,22671.798800594326,6007.970401835706,0.5600191331837203,29755.819777128705,40
2020-09-06,21775.171806182312,6007.970401835706,0.5600191331837203,28154.754846874148,36
2020-09-07,22533.182219006725,6007.970401835706,0.5600191331837203,29508.298624057446,43
2020-09-08,23006.711741137944,6007.970401835706,0.5600191331837203,30353.85816670949,47
2020-09-09,22826.903383662146,6007.970401835706,0.5600191331837203,30032.78278406393,57
2020-09-10,23065.286008442694,6007.970401835706,0.5600191331837203,30458.451499033254,58
2020-09-11,22550.706369179286,6007.970401835706,0.5600191331837203,29539.590680228703,55
2020-09-12,21890.24757493948,6007.970401835706,0.5600191331837203,28360.2402703863,47
2020-09-13,21339.966946074976,6007.970401835706,0.5600191331837203,27377.629862530863,41
2020-09-14,21686.04376312263,6007.970401835706,0.5600191331837203,27995.60306476808,42
2020-09-15,20342.694877218535,6007.970401835706,0.5600191331837203,25596.847725344,37
2020-09-16,20567.6176741976,6007.970401835706,0.5600191331837203,25998.481854700218,29
2020-09-17,20838.26938313349,6007.970401835706,0.5600191331837203,26481.77196551701,21
2020-09-18,20528.394750757267,6007.970401835706,0.5600191331837203,25928.44331295013,33
2020-09-19,21029.27601238197,6007.970401835706,0.5600191331837203,26822.84357884316,33
2020-09-20,20526.5306445388,6007.970401835706,0.5600191331837203,25925.114665573623,27
2020-09-21,20552.5454940495,6007.970401835706,0.5600191331837203,25971.568166836703,30
2020-09-22,20377.66991630812,6007.970401835706,0.5600191331837203,25659.30101848552,33
2020-09-23,20678.40673704703,6007.970401835706,0.5600191331837203,26196.312707763373,37
2020-09-24,20658.81908923692,6007.970401835706,0.5600191331837203,26161.335960274853,37
2020-09-25,20976.30334489969,6007.970401835706,0.5600191331837203,26728.25276159531,45
2020-09-26,21220.748863305846,6007.970401835706,0.5600191331837203,27164.74770243149,45
2020-09-27,21148.261250926378,6007.970401835706,0.5600191331837203,27035.30995988978,42
2020-09-28,19081.377329868625,6007.970401835706,0.5600191331837203,23344.5719143743,28
2020-09-29,19298.75435802191,6007.970401835706,0.5600191331837203,23732.731916904024,24
2020-09-30,19247.082615129242,6007.970401835706,0.5600191331837203,23640.46409991193,27
2020-10-01,19554.00868800794,6007.970401835706,0.5600191331837203,24188.527647551484,23
2020-10-02,19283.61868279431,6007.970401835706,0.5600191331837203,23705.70484884377,21
2020-10-03,20275.893310388587,6007.970401835706,0.5600191331837203,25477.563288667377,20
2020-10-04,22040.393763575747,6007.970401835706,0.5600191331837203,28628.349304059284,30
2020-10-05,21510.678121275218,6007.970401835706,0.5600191331837203,27682.46083184033,27
2020-10-06,21218.283960979006,6007.970401835706,0.5600191331837203,27160.346241515632,27
2020-10-07,20975.014828777097,6007.970401835706,0.5600191331837203,26725.951918559345,27
2020-10-08,20247.980249363856,6007.970401835706,0.5600191331837203,25427.720239795028,18
2020-10-09,20480.85122571262,6007.970401835706,0.5600191331837203,25843.54706168393,17
2020-10-10,20792.59762120358,6007.970401835706,0.5600191331837203,26400.218034189227,19
2020-10-11,19523.76139954484,6007.970401835706,0.5600191331837203,24134.516477806003,18
2020-10-12,19653.3226556089,6007.970401835706,0.5600191331837203,24365.86795918754,21
2020-10-13,19244.26850716563,6007.970401835706,0.5600191331837203,23635.43907880664,23
2020-10-14,20043.752149055596,6007.970401835706,0.5600191331837203,25063.039663352534,23
2020-10-15,20009.782571895776,6007.970401835706,0.5600191331837203,25002.381776600163,31
2020-10-16,19274.18810458196,6007.970401835706,0.5600191331837203,23688.86510596082,34
2020-10-17,18867.901440167247,6007.970401835706,0.5600191331837203,22963.377992502807,32
2020-10-18,19237.98046733874,6007.970401835706,0.5600191331837203,23624.21081988781,25
2020-10-19,19861.419982988722,6007.970401835706,0.5600191331837203,24737.457633627386,30
2020-10-20,19643.794170024543,6007.970401835706,0.5600191331837203,24348.853387684983,27
2020-10-21,19568.120931434438,6007.970401835706,0.5600191331837203,24213.72722126295,32
2020-10-22,19830.603268692576,6007.970401835706,0.5600191331837203,24682.429666777483,31
2020-10-23,20495.894042562344,6007.970401835706,0.5600191331837203,25870.40831687748,35
2020-10-24,21090.698245085317,6007.970401835706,0.5600191331837203,26932.52238991192,34
2020-10-25,21175.742542728054,6007.970401835706,0.5600191331837203,27084.38201863435,35
2020-10-26,21364.58179294187,6007.970401835706,0.5600191331837203,27421.583444486103,37
2020-10-27,21113.972211033095,6007.970401835706,0.5600191331837203,26974.081623460715,36
2020-10-28,20957.239590015906,6007.970401835706,0.5600191331837203,26694.211505227147,45
2020-10-29,22023.193027023088,6007.970401835706,0.5600191331837203,28597.634752478032,58
2020-10-30,23177.642550708173,6007.970401835706,0.5600191331837203,30659.081326851323,64
2020-10-31,23412.917060140608,6007.970401835706,0.5600191331837203,31079.200025465954,66
2020-11-01,23454.38694686271,6007.970401835706,0.5600191331837203,31153.250864562007,69
2020-11-02,23901.02110677038,6007.970401835706,0.5600191331837203,31950.784615540382,62
2020-11-03,24426.060618342744,6007.970401835706,0.5600191331837203,32888.32313960385,58
2020-11-04,24030.26229400475,6007.970401835706,0.5600191331837203,32181.564564967524,57
2020-11-05,24093.002319745632,6007.970401835706,0.5600191331837203,32293.59649749134,53
2020-11-06,23525.900649489253,6007.970401835706,0.5600191331837203,31280.949541962527,55
2020-11-07,23411.966210093866,6007.970401835706,0.5600191331837203,31077.50213696465,64
2020-11-08,22596.875838262742,6007.970401835706,0.5600191331837203,29622.03334396589,63
2020-11-09,23459.69210278181,6007.970401835706,0.5600191331837203,31162.72403361061,58
2020-11-10,22831.593885464485,6007.970401835706,0.5600191331837203,30041.158393975104,68
2020-11-11,24208.446122556255,6007.970401835706,0.5600191331837203,32499.739102216867,67
2020-11-12,23875.219318574178,6007.970401835706,0.5600191331837203,31904.711567911607,64
2020-11-13,23286.991917080522,6007.970401835706,0.5600191331837203,30854.34138118321,60
2020-11-14,24047.517054620148,6007.970401835706,0.5600191331837203,32212.37558479341,66
2020-11-15,29420.872527606916,6007.970401835706,0.5600191331837203,41807.325390238686,59
2020-11-16,31316.319856998496,6007.970401835706,0.5600191331837203,45191.93712415557,66
2020-11-17,33714.867055585164,6007.970401835706,0.5600191331837203,49474.91078784252,59
2020-11-18,32021.650521986463,6007.970401835706,0.5600191331837203,46451.41313701632,62
2020-11-19,32018.76954268737,6007.970401835706,0.5600191331837203,46446.26870689174,63
2020-11-20,32033.426888733884,6007.970401835706,0.5600191331837203,46472.441644882594,62
2020-11-21,31971.306761994827,6007.970401835706,0.5600191331837203,46361.51663704242,61
2020-11-22,31367.35589244672,6007.970401835706,0.5600191331837203,45283.06978806668,62
2020-11-23,32180.246132290646,6007.970401835706,0.5600191331837203,46734.60990817405,62
2020-11-24,33099.2628234312,6007.970401835706,0.5600191331837203,48375.65507374889,62
2020-11-25,32026.85406306939,6007.970401835706,0.5600191331837203,46460.70485719978,64
2020-11-26,32339.537660302085,6007.970401835706,0.5600191331837203,47019.04934706583,57
2020-11-27,32336.054933741987,6007.970401835706,0.5600191331837203,47012.83040497309,60
2020-11-28,31256.975216854997,6007.970401835706,0.5600191331837203,45085.96817304826,59
2020-11-29,31287.958431634113,6007.970401835706,0.5600191331837203,45141.2934520311,58
2020-11-30,30925.81784975435,6007.970401835706,0.5600191331837203,44494.63593549057,64
2020-12-01,30285.709466580898,6007.970401835706,0.5600191331837203,43351.62430384431,66
2020-12-02,29861.691608684785,6007.970401835706,0.5600191331837203,42594.475426652265,62
2020-12-03,29928.82457709915,6007.970401835706,0.5600191331837203,42714.351631653895,61
2020-12-04,32001.78918231857,6007.970401835706,0.5600191331837203,46415.94767076522,55
2020-12-05,31761.509101892043,6007.970401835706,0.5600191331837203,45986.89075790489,57
2020-12-06,30381.755252633957,6007.970401835706,0.5600191331837203,43523.12877639158,55
2020-12-07,30842.65500517768,6007.970401835706,0.5600191331837203,44346.1359295999,55
2020-12-08,31775.202226983187,6007.970401835706,0.5600191331837203,46011.34193158765,56
2020-12-09,30715.925522425023,6007.970401835706,0.5600191331837203,44119.84101350981,58
2020-12-10,35709.58211423983,6007.970401835706,0.5600191331837203,53036.78026775593,59
2020-12-11,35430.149798544,6007.970401835706,0.5600191331837203,52537.811037709725,63
2020-12-12,35399.45558265264,6007.970401835706,0.5600191331837203,52483.00181053767,52
2020-12-13,36660.55865299204,6007.970401835706,0.5600191331837203,54734.89463993085,53
2020-12-14,35010.48063291154,6007.970401835706,0.5600191331837203,51788.4274171062,52
2020-12-15,36059.15443646366,6007.970401835706,0.5600191331837203,53660.995230263565,56
2020-12-16,35386.275970393785,6007.970401835706,0.5600191331837203,52459.467592726345,52
2020-12-17,36516.82295804721,6007.970401835706,0.5600191331837203,54478.232525321146,51
2020-12-18,35976.68948028397,6007.970401835706,0.5600191331837203,53513.7414110755,43
2020-12-19,34873.74295554581,6007.970401835706,0.5600191331837203,51544.26133551471,45
2020-12-20,35006.26785747302,6007.970401835706,0.5600191331837203,51780.9048608418,52
2020-12-21,34568.80074409861,6007.970401835706,0.5600191331837203,50999.74027654019,48
2020-12-22,34204.08799376818,6007.970401835706,0.5600191331837203,50348.48975897836,48
2020-12-23,32694.836000787225,6007.970401835706,0.5600191331837203,47653.48899284233,39
2020-12-24,31806.09353241491,6007.970401835706,0.5600191331837203,46066.50309234319,35
2020-12-25,29947.53255945266,6007.970401835706,0.5600191331837203,42747.757601637735,30
2020-12-26,29170.487992493367,3090.77574285342,0.6305108297986615,41362.82997386084,13
2020-12-27,30510.394274755403,3090.77574285342,0.6305108297986615,43487.94221450214,24
2020-12-28,28776.372369303106,3090.77574285342,0.6305108297986615,40737.75645479676,24
2020-12-29,31632.084002685664,3090.77574285342,0.6305108297986615,45266.95959995838,34
2020-12-30,32352.332613219463,3090.77574285342,0.6305108297986615,46409.28511840157,33
2020-12-31,32641.744829213698,3090.77574285342,0.6305108297986615,46868.29740227725,36
2021-01-01,34100.78449926651,3090.77574285342,0.6305108297986615,49182.3570521626,43
2021-01-02,33977.78210419331,3090.77574285342,0.6305108297986615,48987.27333708593,49
2021-01-03,34442.94248359209,3090.77574285342,0.6305108297986615,49725.02494643944,51
2021-01-04,35737.39989277162,3090.77574285342,0.6305108297986615,51778.05456623658,42
2021-01-05,33995.302360481546,3090.77574285342,0.6305108297986615,49015.06073654079,43
2021-01-06,35401.50689090918,3090.77574285342,0.6305108297986615,51245.32303176048,42
2021-01-07,35527.56532297011,3090.77574285342,0.6305108297986615,51445.25366911557,49
2021-01-08,35894.28420259138,3090.77574285342,0.6305108297986615,52026.87552601274,47
2021-01-09,35987.323028633364,3090.77574285342,0.6305108297986615,52174.43655374591,38
2021-01-10,35592.20739398852,3090.77574285342,0.6305108297986615,51547.77700093377,33
2021-01-11,36328.39075557932,3090.77574285342,0.6305108297986615,52715.37528283145,34
2021-01-12,35970.41915133435,3090.77574285342,0.6305108297986615,52147.62674097169,33
2021-01-13,35372.35562390753,3090.77574285342,0.6305108297986615,51199.08866809229,38
2021-01-14,34253.623187708254,3090.77574285342,0.6305108297986615,49424.76159339871,28
2021-01-15,34906.615601693506,3090.77574285342,0.6305108297986615,50460.41773620243,31
2021-01-16,32276.467728861484,3090.77574285342,0.6305108297986615,46288.96222976506,23
2021-01-17,32990.25067277124,3090.77574285342,0.6305108297986615,47421.03310020147,27
2021-01-18,34030.73579007667,3090.77574285342,0.6305108297986615,49071.25870796412,31
2021-01-19,33423.42323212475,3090.77574285342,0.6305108297986615,48108.05152856348,34
2021-01-20,35400.40367314136,3090.77574285342,0.6305108297986615,51243.57331119157,39
2021-01-21,35946.431676636166,3090.77574285342,0.6305108297986615,52109.58223235343,37
2021-01-22,33463.54702138347,3090.77574285342,0.6305108297986615,48171.68848349341,33
2021-01-23,36098.13758693799,3090.77574285342,0.6305108297986615,52350.19016980991,42
2021-01-24,36492.54640455679,3090.77574285342,0.6305108297986615,52975.728699805884,59
2021-01-25,40135.158670359626,3090.77574285342,0.6305108297986615,58752.968508622514,65
2021-01-26,37861.63371075421,3090.77574285342,0.6305108297986615,55147.12249907592,63
2021-01-27,38634.57309012328,3090.77574285342,0.6305108297986615,56373.01639786255,71
2021-01-28,40221.821332013504,3090.77574285342,0.6305108297986615,58890.41684028964,65
2021-01-29,39599.05539783636,3090.77574285342,0.6305108297986615,57902.70036541797,63
2021-01-30,37384.71259627869,3090.77574285342,0.6305108297986615,54390.718180647615,56
2021-01-31,42447.482429689124,3090.77574285342,0.6305108297986615,62420.35001905253,62
2021-02-01,42173.572339319515,3090.77574285342,0.6305108297986615,61985.9243479549,62
2021-02-02,41843.148190079184,3090.77574285342,0.6305108297986615,61461.86649894723,57
2021-02-03,43159.6494982596,3090.77574285342,0.6305108297986615,63549.85808602402,52
2021-02-04,44092.99581762911,3090.77574285342,0.6305108297986615,65030.159890939176,60
2021-02-05,42560.771908074006,3090.77574285342,0.6305108297986615,62600.02889692535,56
2021-02-06,40433.63309629923,3090.77574285342,0.6305108297986615,59226.35359866913,48
2021-02-07,40603.74274829915,3090.77574285342,0.6305108297986615,59496.15015720602,48
2021-02-08,41873.43761933036,3090.77574285342,0.6305108297986615,61509.90600567679,53
2021-02-09,43516.972469688706,3090.77574285342,0.6305108297986615,64116.57788613152,55
2021-02-10,44762.51668537469,3090.77574285342,0.6305108297986615,66092.0304189353,56
2021-02-11,45212.70807833314,3090.77574285342,0.6305108297986615,66806.04098256386,59
2021-02-12,45911.78169548975,3090.77574285342,0.6305108297986615,67914.78263158492,71
2021-02-13,46953.219156033316,3090.77574285342,0.6305108297986615,69566.51867056165,67
2021-02-14,46028.59432798298,3090.77574285342,0.6305108297986615,68100.04928676756,66
2021-02-15,46380.63571024154,3090.77574285342,0.6305108297986615,68658.39240415856,73
2021-02-16,45898.562844487766,3090.77574285342,0.6305108297986615,67893.81732793391,68
2021-02-17,44425.04486288604,3090.77574285342,0.6305108297986615,65556.79485034656,58
2021-02-18,42916.934410710506,3090.77574285342,0.6305108297986615,63164.9081754466,65
2021-02-19,44838.34618296843,3090.77574285342,0.6305108297986615,66212.29718361238,54
2021-02-20,45502.88004413168,3090.77574285342,0.6305108297986615,67266.25824146677,59
2021-02-21,45424.3675830799,3090.77574285342,0.6305108297986615,67141.7362549422,68
2021-02-22,46817.99145296096,3090.77574285342,0.6305108297986615,69352.04542651675,64
2021-02-23,47412.255838384306,3090.77574285342,0.6305108297986615,70294.55800098453,63
2021-02-24,49924.85336971772,3090.77574285342,0.6305108297986615,74279.57683426254,66
2021-02-25,51023.53730771488,3090.77574285342,0.6305108297986615,76022.1066784335,59
2021-02-26,52631.91570620341,3090.77574285342,0.6305108297986615,78573.01987845279,63
2021-02-27,52953.32313480237,3090.77574285342,0.6305108297986615,79082.77706803444,63
2021-02-28,46852.819352189894,3090.77574285342,0.6305108297986615,69407.28301734458,56
2021-03-01,45790.61423830573,3090.77574285342,0.6305108297986615,67722.60915659051,55
2021-03-02,47035.658103217414,3090.77574285342,0.6305108297986615,69697.26812527033,52
2021-03-03,44377.511335728756,3090.77574285342,0.6305108297986615,65481.40593565898,43
2021-03-04,42360.23096862723,3090.77574285342,0.6305108297986615,62281.96784235026,47
2021-03-05,42193.33349789741,3090.77574285342,0.6305108297986615,62017.26585335648,38
2021-03-06,42033.9590914318,3090.77574285342,0.6305108297986615,61764.49556150202,33
2021-03-07,42061.8456621624,3090.77574285342,0.6305108297986615,61808.7240971792,32
2021-03-08,39735.24536965088,3090.77574285342,0.6305108297986615,58118.699782680975,27
2021-03-09,39765.96791393463,3090.77574285342,0.6305108297986615,58167.42621660053,34
2021-03-10,39345.158410251686,3090.77574285342,0.6305108297986615,57500.01578715982,31
2021-03-11,40085.1489559448,3090.77574285342,0.6305108297986615,58673.65232236321,26
2021-03-12,37525.84216936329,3090.77574285342,0.6305108297986615,54614.5518824885,25
2021-03-13,37571.58146287878,3090.77574285342,0.6305108297986615,54687.09511466437,21
2021-03-14,37306.51102262886,3090.77574285342,0.6305108297986615,54266.68926638646,20
2021-03-15,35462.754416403375,-455.67702142513144,0.699546968820104,51345.2749261577,15
2021-03-16,34023.22868846116,-3858.1700149209223,0.7685426672198158,49289.90974621762,9
2021-03-17,33078.64406362025,-7166.19982277334,0.837335202533282,48063.00244470369,6
2021-03-18,30480.675456932026,-10214.419779464377,0.9050965343620004,44962.16004747189,9
2021-03-19,29698.02542233262,-13184.370819249629,0.972410084673933,44099.086298515205,5
2021-03-20,34039.72780312348,-16588.51380671135,1.0424685656437256,48565.72493250368,6
2021-03-21,32997.73978455721,-19888.45278211584,1.1118073027585904,47567.76865510153,9
2021-03-22,31953.842098150533,-23083.996769130245,1.1803024049743305,46630.286132881134,6
2021-03-23,32205.01013741743,-26304.65881597433,1.2490202936821828,46844.45020577042,7
2021-03-24,32581.60844048592,-29562.982576210932,1.3180952291286039,47147.269516923145,8
2021-03-25,34865.41373741218,-33049.69828573763,1.3893898973352186,48881.24791565539,8
2021-03-26,46350.78364578225,-37685.008415822354,1.4704579827520705,57149.4004230746,7
2021-03-27,49817.901973863125,-42667.047715173634,1.5541352918147935,59508.94376836415,10
2021-03-28,48623.65358217881,-47529.656203815946,1.6368728720850303,58742.0754694992,5
2021-03-29,52142.514013016604,-52744.16833072395,1.7224634890020645,60893.41400467551,10
2021-03-30,53058.82261381938,-52744.16833072395,1.7224634890020645,61425.38963530769,23
2021-03-31,53917.629767001614,-52744.16833072395,1.7224634890020645,61923.98200528576,21
2021-04-01,55572.21043097189,-52744.16833072395,1.7224634890020645,62884.57169240237,23
2021-04-02,57394.19420101004,-52744.16833072395,1.7224634890020645,63942.34956791121,29
2021-04-03,60342.090025338235,-52744.16833072395,1.7224634890020645,65653.79125776445,38
2021-04-04,59751.14965254391,-52744.16833072395,1.7224634890020645,65310.71265170546,39
2021-04-05,60049.49423294915,-52744.16833072395,1.7224634890020645,65483.92072392886,37
2021-04-06,57634.74933453813,-52744.16833072395,1.7224634890020645,64082.00717752908,41
2021-04-07,57919.82476387501,-52744.16833072395,1.7224634890020645,64247.51166058901,44
2021-04-08,55804.94862192128,-52744.16833072395,1.7224634890020645,63019.69106789881,46
2021-04-09,58731.1585393724,-52744.16833072395,1.7224634890020645,64718.542704601125,54
2021-04-10,52065.64589885156,-52744.16833072395,1.7224634890020645,60848.78715792036,41
2021-04-11,50768.68852673961,-52744.16833072395,1.7224634890020645,60095.820618778576,43
2021-04-12,48749.196154203404,-52744.16833072395,1.7224634890020645,58923.376392569626,43
2021-04-13,47034.72304313481,-52744.16833072395,1.7224634890020645,57928.01531698485,44
2021-04-14,49953.15799325042,-52744.16833072395,1.7224634890020645,59622.35308887368,45
2021-04-15,47754.31133218711,-52744.16833072395,1.7224634890020645,58345.78225001239,54
2021-04-16,45264.7542164977,-52744.16833072395,1.7224634890020645,56900.4354362278,56
2021-04-17,42790.51977129885,-52744.16833072395,1.7224634890020645,55463.98441070718,63
2021-04-18,44723.61394705185,-52744.16833072395,1.7224634890020645,56586.26896889712,68
2021-04-19,46920.83162970142,-52744.16833072395,1.7224634890020645,57861.89408181175,66
2021-04-20,50564.143798840225,-52744.16833072395,1.7224634890020645,59977.06934816797,73
2021-04-21,54534.88642150007,-52744.16833072395,1.7224634890020645,62282.33889263904,72
2021-04-22,55466.49844385085,-52744.16833072395,1.7224634890020645,62823.19913629536,76
2021-04-23,51059.43040130342,-52744.16833072395,1.7224634890020645,60264.61483498124,72
2021-04-24,46401.99614574524,-52744.16833072395,1.7224634890020645,57560.67696616956,54
2021-04-25,50117.16859505051,-52744.16833072395,1.7224634890020645,59717.57171199533,48
2021-04-26,52286.54393079518,-52744.16833072395,1.7224634890020645,60977.03256535805,45
2021-04-27,58846.42828661981,-52744.16833072395,1.7224634890020645,64785.46415053214,48
2021-04-28,68969.92303227959,-52744.16833072395,1.7224634890020645,70662.79903182184,57
2021-04-29,74312.87512296543,-52744.16833072395,1.7224634890020645,73764.72376044489,59
2021-04-30,79895.4326007241,-52744.16833072395,1.7224634890020645,77005.75471024633,61
2021-05-01,74991.93599748143,-52744.16833072395,1.7224634890020645,74158.96194247417,60
2021-05-02,68627.93600626651,-52744.16833072395,1.7224634890020645,70464.25373423111,53
2021-05-03,67682.06094103277,-52744.16833072395,1.7224634890020645,69915.11288377293,50
2021-05-04,66922.91574309615,-52744.16833072395,1.7224634890020645,69474.38064022538,43
2021-05-05,78191.84606847385,-52744.16833072395,1.7224634890020645,76016.7139885546,47
2021-05-06,77454.34928578083,-52744.16833072395,1.7224634890020645,75588.55003187167,52
2021-05-07,81785.07003152222,-52744.16833072395,1.7224634890020645,78102.80985415124,59
2021-05-08,72283.17056294094,-52744.16833072395,1.7224634890020645,72586.3507075563,58
2021-05-09,67466.08666779837,-52744.16833072395,1.7224634890020645,69789.72603254886,53
2021-05-10,71859.84901422224,-52744.16833072395,1.7224634890020645,72340.58552796229,64
2021-05-11,78172.20026060913,-52744.16833072395,1.7224634890020645,76005.3083430996,60
2021-05-12,81019.31714757552,-52744.16833072395,1.7224634890020645,77658.24142710704,69
2021-05-13,84657.65968159147,-52744.16833072395,1.7224634890020645,79770.53150306325,63
2021-05-14,80706.99735064621,-52744.16833072395,1.7224634890020645,77476.91984965505,66
2021-05-15,90916.93614636135,-52744.16833072395,1.7224634890020645,83404.44101971506,68
2021-05-16,88348.90242322761,-52744.16833072395,1.7224634890020645,81913.53352615677,67
2021-05-17,85841.03808004837,-52744.16833072395,1.7224634890020645,80457.55819826623,67
2021-05-18,55785.540301156485,-52744.16833072395,1.7224634890020645,63008.4232988641,57
2021-05-19,63909.433219415856,-52744.16833072395,1.7224634890020645,67724.86168500724,48
2021-05-20,67157.9675484511,-52744.16833072395,1.7224634890020645,69610.84321656199,40
2021-05-21,70436.11241148875,-52744.16833072395,1.7224634890020645,71514.0155531419,48
2021-05-22,69988.25925521879,-52744.16833072395,1.7224634890020645,71254.00820951487,48
2021-05-23,66123.52807592868,-52744.16833072395,1.7224634890020645,69010.28507461744,45
2021-05-24,62608.779263413315,-52744.16833072395,1.7224634890020645,66969.74904296448,44
2021-05-25,70654.99911579606,-52744.16833072395,1.7224634890020645,71641.09325650393,55
2021-05-26,51871.40949639002,-52744.16833072395,1.7224634890020645,60736.02052820557,39
2021-05-27,54058.39679129377,-52744.16833072395,1.7224634890020645,62005.70624802934,33
2021-05-28,52894.22738041389,-52744.16833072395,1.7224634890020645,61329.83159622214,18
2021-05-29,58098.82736124441,-52744.16833072395,1.7224634890020645,64351.434094075885,22
2021-05-30,48930.553997480805,-57637.46839547527,1.8053170589978773,59030.08663315432,7
2021-05-31,47045.2809605743,-62342.23172969941,1.8864111456458446,57987.100501796,11
2021-06-01,41129.9786092678,-66455.43525080224,1.9613603441212226,54852.44676356151,9
2021-06-02,38420.583530749966,-70297.68571640052,2.0331797341974647,53472.04057690634,9
2021-06-03,36726.46618005962,-73970.51597591946,2.1029178455339936,52639.70838949717,3
2021-06-04,35288.31769556968,-77499.52419588744,2.1708060310233708,51956.66507259803,0
2021-06-05,24543.659978252195,-79954.01291814877,2.222994629476471,47007.61374354324,2
2021-06-06,26233.899573740724,-82577.53405157951,2.2778886867056793,47768.54736597562,5
2021-06-07,27181.036108778906,-85295.77357443355,2.3342731174713243,48184.93981760649,0
2021-06-08,33216.91350087212,-88617.63101739291,2.399668114772783,50771.41450029275,4
2021-06-09,29894.109724724025,-91607.19146788784,2.4601707740934082,49387.34435514381,0
2021-06-10,31161.48151048929,-94723.49543413508,2.5225866101672674,49903.13372680481,1
2021-06-11,26177.522905885053,-97341.37861888282,2.5771805563608585,47927.91922161028,5
2021-06-12,31044.77867245424,-100446.0117177832,2.639470003547948,49817.118669084666,5
2021-06-13,26150.540249760234,-103061.19650199843,2.693967373920225,47963.36362594158,3
2021-06-14,15246.396817339366,-104585.91241952825,2.7286689057380813,43916.03136051936,4
2021-06-15,11466.203212769688,-105732.59007468798,2.75561648651741,42530.87970001779,0
2021-06-16,18730.43440529448,-107605.7271720723,2.7970667714019997,45167.37421825727,0
2021-06-17,21569.77243618993,-109762.81226994618,2.8437508869061574,46182.8725261581,6
2021-06-18,20316.824180030773,-111794.59627714961,2.8881464101813474,45742.63271122916,6
2021-06-19,28866.532975933573,-114681.39391462484,2.9473897848002646,48703.40788681474,4
2021-06-20,21313.807747553597,-116812.88126374767,2.993561514341025,46141.25627604054,1
2021-06-21,26181.170187196883,-119431.12919486391,3.048346279853525,47767.637274154295,1
2021-06-22,24174.13224511282,-121848.66329608025,3.0996378152049697,47109.631591437086,0
2021-06-23,25087.267516363616,-124357.51549032633,3.152535554159611,47404.6304757785,8
2021-06-24,14051.128736779181,-125762.69862316089,3.1845252639822705,43904.13508137848,8
2021-06-25,23241.401557349804,-128086.9549917143,3.2341741970765985,46790.41613956702,13
2021-06-26,18374.529479865872,-129924.49981694216,3.2747304658399767,45285.87340050564,11
2021-06-27,15152.992476763393,-129924.49981694216,3.2747304658399767,44302.1170160619,16
2021-06-28,22608.950246682245,-132185.50789201414,3.3232472671016566,46579.277946326016,11
2021-06-29,9836.587279504689,-133169.21580536026,3.3462539602676555,42736.08781128686,7
2021-06-30,18596.95902886422,-135029.0046976913,3.387239220508153,45354.32950717564,11
2021-07-01,15259.118275671848,-136554.99282466483,3.421615031846707,44369.13845868858,13
2021-07-02,16429.67422468087,-136554.99282466483,3.421615031846707,44711.24472666848,21
2021-07-03,15394.264693906356,-136554.99282466483,3.421615031846707,44408.63630312071,31
2021-07-04,22931.765629395115,-136554.99282466483,3.421615031846707,46611.54366275451,29
2021-07-05,21228.636096694565,-136554.99282466483,3.421615031846707,46113.78762741779,33
2021-07-06,-5425.118744007836,-136554.99282466483,3.421615031846707,38323.97065717935,17
2021-07-07,-20249.27251294107,-136554.99282466483,3.421615031846707,33991.46871556485,7
2021-07-08,-23223.3896742496,-136554.99282466483,3.421615031846707,33122.25428506144,4
2021-07-09,-26417.571527463733,-136554.99282466483,3.421615031846707,32188.723825473127,0
2021-07-10,-21424.190558809933,-136554.99282466483,3.421615031846707,33648.08758269826,2
2021-07-11,-21346.35102885496,-136554.99282466483,3.421615031846707,33670.83693621421,9
2021-07-12,-24582.270685505617,-136554.99282466483,3.421615031846707,32725.10820094379,2
2021-07-13,-27444.58575778296,-136554.99282466483,3.421615031846707,31888.56900946949,1
2021-07-14,-31078.25569384884,-136554.99282466483,3.421615031846707,30826.593918103143,0
2021-07-15,-27897.498422590434,-136554.99282466483,3.421615031846707,31756.200914113357,6
2021-07-16,-22283.713077747176,-136554.99282466483,3.421615031846707,33396.88383507112,5
2021-07-17,-18934.98322650294,-136554.99282466483,3.421615031846707,34375.582437946054,5
2021-07-18,-22609.232881276752,-136554.99282466483,3.421615031846707,33301.7475323311,5
2021-07-19,-18586.79728009613,-136554.99282466483,3.421615031846707,34477.343139593104,8
2021-07-20,-19205.367680613344,-136554.99282466483,3.421615031846707,34296.559972942305,8
2021-07-21,-13394.99787680019,-136554.99282466483,3.421615031846707,35994.696598405164,11
2021-07-22,-22650.64821017145,-136554.99282466483,3.421615031846707,33289.64350294462,6
2021-07-23,-21249.426904579333,-136554.99282466483,3.421615031846707,33699.163946521774,5
2021-07-24,-26778.559943788874,-136554.99282466483,3.421615031846707,32083.221478492174,1
2021-07-25,-27257.907561823973,-136554.99282466483,3.421615031846707,31943.12751304791,4
2021-07-26,-23803.27967439909,-136554.99282466483,3.421615031846707,32952.77583855236,6
2021-07-27,-28219.1532833252,-136554.99282466483,3.421615031846707,31662.194178188663,2
2021-07-28,-28101.04161630827,-136554.99282466483,3.421615031846707,31696.713452250067,4
2021-07-29,-23026.732098050255,-136554.99282466483,3.421615031846707,33179.72935878217,8
2021-07-30,22840.2010096233,-136554.99282466483,3.421615031846707,46584.78301933917,21
2021-07-31,34918.95010999247,-136554.99282466483,3.421615031846707,50114.91396275218,30
2021-08-01,25675.22437991266,-136554.99282466483,3.421615031846707,47413.34594763541,32
2021-08-02,27321.07506758027,-136554.99282466483,3.421615031846707,47894.361687965305,29
2021-08-03,23883.750391116133,-136554.99282466483,3.421615031846707,46889.77039278124,31
2021-08-04,24166.02057916805,-136554.99282466483,3.421615031846707,46972.26657818629,30
2021-08-05,17610.75488030605,-136554.99282466483,3.421615031846707,45056.42694168457,41
2021-08-06,16465.750845007336,-136554.99282466483,3.421615031846707,44721.78846697553,44
2021-08-07,17236.951638146507,-136554.99282466483,3.421615031846707,44947.17933823405,49
2021-08-08,-5887.805203525379,-136554.99282466483,3.421615031846707,38188.746076035335,45
2021-08-09,-7386.870116130842,-136554.99282466483,3.421615031846707,37750.62989445064,32
2021-08-10,-8568.16565522502,-136554.99282466483,3.421615031846707,37405.38487766785,32
2021-08-11,-2224.835371413501,-136554.99282466483,3.421615031846707,39259.28434466543,44
2021-08-12,11093.777122606436,-136554.99282466483,3.421615031846707,43151.77732533592,47
2021-08-13,21973.03721169752,-136554.99282466483,3.421615031846707,46331.34603421529,56
2021-08-14,29949.22399768443,-136554.99282466483,3.421615031846707,48662.463565482976,54
2021-08-15,29574.9315279694,-136554.99282466483,3.421615031846707,48553.072980559984,57
2021-08-16,32581.02356561902,-136554.99282466483,3.421615031846707,49431.63237712283,61
2021-08-17,30194.88717705931,-136554.99282466483,3.421615031846707,48734.26099946909,64
2021-08-18,36196.51428536643,-136554.99282466483,3.421615031846707,50488.29441715252,56
2021-08-19,36391.654022664065,-136554.99282466483,3.421615031846707,50545.32588781225,52
2021-08-20,32746.732576210547,-136554.99282466483,3.421615031846707,49480.06243399632,53
2021-08-21,29521.934596093022,-136554.99282466483,3.421615031846707,48537.58411597904,51
2021-08-22,38130.076194341935,-136554.99282466483,3.421615031846707,51053.39653734397,54
2021-08-23,48461.729798129236,-136554.99282466483,3.421615031846707,54072.921968354,57
2021-08-24,42013.583698750095,-136554.99282466483,3.421615031846707,52188.3890681408,60
2021-08-25,53373.00519935787,-136554.99282466483,3.421615031846707,55508.289581459765,55
2021-08-26,44229.48008602005,-136554.99282466483,3.421615031846707,52836.00616318086,52
2021-08-27,35527.83345707739,-136554.99282466483,3.421615031846707,50292.86599459029,54
2021-08-28,49310.2212426287,-136554.99282466483,3.421615031846707,54320.90177806436,58
2021-08-29,61898.45202607915,-136554.99282466483,3.421615031846707,57999.93365812258,60
2021-08-30,64991.61456025785,-136554.99282466483,3.421615031846707,58903.94024723008,51
2021-08-31,73316.4025956961,-136554.99282466483,3.421615031846707,61336.93985646584,59
2021-09-01,70874.31901052667,-136554.99282466483,3.421615031846707,60623.21737090282,62
2021-09-02,60004.49889729277,-136554.99282466483,3.421615031846707,57446.40758603136,64
2021-09-03,60376.052739794075,-136554.99282466483,3.421615031846707,57554.99778073271,57
2021-09-04,65330.63130047853,-136554.99282466483,3.421615031846707,59003.02115991759,66
2021-09-05,71212.1652501683,-136554.99282466483,3.421615031846707,60721.95619350475,67
2021-09-06,53729.94621843574,-136554.99282466483,3.421615031846707,55612.60903755159,53
2021-09-07,61389.83920760217,-136554.99282466483,3.421615031846707,57851.28665553957,58
2021-09-08,75677.92570778806,-136554.99282466483,3.421615031846707,62027.11776663752,62
2021-09-09,66414.29785150851,-136554.99282466483,3.421615031846707,59319.73316315108,66
2021-09-10,68221.63713376818,-136554.99282466483,3.421615031846707,59847.94550306595,73
2021-09-11,59747.72329126208,-136554.99282466483,3.421615031846707,57371.36243815799,65
2021-09-12,49390.13140275088,-136554.99282466483,3.421615031846707,54344.25629322121,60
2021-09-13,55268.54996953689,-136554.99282466483,3.421615031846707,56062.28082610191,50
2021-09-14,47165.909941035934,-136554.99282466483,3.421615031846707,53694.20611486596,52
2021-09-15,39941.908937282366,-136554.99282466483,3.421615031846707,51582.92213448941,40
2021-09-16,37091.69113999649,-136554.99282466483,3.421615031846707,50749.91848832891,34
2021-09-17,29862.162397582404,-136554.99282466483,3.421615031846707,48637.01897300495,35
2021-09-18,33783.2619229907,-136554.99282466483,3.421615031846707,49782.99813457416,35
2021-09-19,32885.3933397771,-136554.99282466483,3.421615031846707,49520.58737975321,37
2021-09-20,-9043.822559692708,-136554.99282466483,3.421615031846707,37266.36955886649,13
2021-09-21,-4848.048533225316,-136554.99282466483,3.421615031846707,38492.62499304456,4
2021-09-22,-9.843008470808854,-136554.99282466483,3.421615031846707,39906.63722987509,0
2021-09-23,733.184804961842,-136628.31497126835,3.4234415157892792,40123.80499059331,0
2021-09-24,2752.4430355335935,-136903.57303772503,3.4301989607247627,40713.67803217772,2
2021-09-25,10097.865261787345,-137913.41005575468,3.4537510978122765,42855.22353110431,5
2021-09-26,-15029.830677505495,-137913.41005575468,3.4537510978122765,35579.743848966944,2
2021-09-27,-18699.53004542354,-137913.41005575468,3.4537510978122765,34517.21813012098,0
2021-09-28,-17059.619860757928,-137913.41005575468,3.4537510978122765,34992.038155717026,0
2021-09-29,-9938.36698756399,-137913.41005575468,3.4537510978122765,37053.92758304281,0
2021-09-30,-12532.573253160328,-137913.41005575468,3.4537510978122765,36302.800419524974,1
2021-10-01,-24944.56078649554,-137913.41005575468,3.4537510978122765,32709.030289072496,0
2021-10-02,-26808.547313403484,-137913.41005575468,3.4537510978122765,32169.33114048919,0
2021-10-03,-22940.612677490164,-137913.41005575468,3.4537510978122765,33289.25395089768,0
2021-10-04,-21790.48488340109,-137913.41005575468,3.4537510978122765,33622.26225448319,2
2021-10-05,-15265.719788024246,-137913.41005575468,3.4537510978122765,35511.44445395027,0
2021-10-06,26924.523587456875,-140605.99704384978,3.510138601488733,47727.608408469394,4
2021-10-07,36045.2946719396,-144210.7067465289,3.581729219392886,50326.529555191344,13
2021-10-08,45876.00831757343,-148798.5369697974,3.6681316340811985,53071.85365939936,11
2021-10-09,41596.65473006622,-152958.41043647734,3.7482343259111786,51905.79036684109,10
2021-10-10,42451.83709592602,-152958.41043647734,3.7482343259111786,52133.94642420069,18
2021-10-11,43586.343001866626,-152958.41043647734,3.7482343259111786,52436.62384703359,17
2021-10-12,46084.21399354027,-152958.41043647734,3.7482343259111786,53103.03655618736,18
2021-10-13,52793.15147505194,-152958.41043647734,3.7482343259111786,54892.92931586182,17
2021-10-14,50289.40830836448,-152958.41043647734,3.7482343259111786,54224.94995571901,22
2021-10-15,35854.6019124389,-152958.41043647734,3.7482343259111786,50373.8549758403,27
2021-10-16,36904.28684061329,-152958.41043647734,3.7482343259111786,50653.9028162109,27
2021-10-17,42016.562169957644,-152958.41043647734,3.7482343259111786,52017.81843215938,28
2021-10-18,54438.53449882724,-152958.41043647734,3.7482343259111786,55331.90481224445,29
2021-10-19,84633.01346331442,-152958.41043647734,3.7482343259111786,63387.55884533296,38
2021-10-20,82117.83561524711,-152958.41043647734,3.7482343259111786,62716.52880041818,51
2021-10-21,84323.35068674365,-152958.41043647734,3.7482343259111786,63304.9432056356,56
2021-10-22,63860.78376411708,-152958.41043647734,3.7482343259111786,57845.68822225026,57
2021-10-23,61655.99173259063,-152958.41043647734,3.7482343259111786,57257.46671851851,55
2021-10-24,76402.87144403244,-152958.41043647734,3.7482343259111786,61191.82045128758,58
2021-10-25,73311.22458220518,-152958.41043647734,3.7482343259111786,60366.99292104087,58
2021-10-26,75078.7651141999,-152958.41043647734,3.7482343259111786,60838.55909815415,58
2021-10-27,64927.65738655042,-152958.41043647734,3.7482343259111786,58130.32187363597,53
2021-10-28,55745.02264610084,-152958.41043647734,3.7482343259111786,55680.4657701979,55
2021-10-29,55983.468531276565,-152958.41043647734,3.7482343259111786,55744.08129271936,50
2021-10-30,52514.948132591264,-152958.41043647734,3.7482343259111786,54818.70681047108,50
2021-10-31,50451.77289528685,-152958.41043647734,3.7482343259111786,54268.26757484435,53
2021-11-01,46033.59298672306,-152958.41043647734,3.7482343259111786,53089.53126211669,54
2021-11-02,52239.90089441574,-152958.41043647734,3.7482343259111786,54745.32632935384,53
2021-11-03,41538.912141096196,-152958.41043647734,3.7482343259111786,51890.38508959605,61
2021-11-04,42587.9984327314,-152958.41043647734,3.7482343259111786,52170.27321835657,57
2021-11-05,37505.59727273151,-152958.41043647734,3.7482343259111786,50814.32780030579,49
2021-11-06,33517.96186594601,-152958.41043647734,3.7482343259111786,49750.45743894141,40
2021-11-07,37685.42286705051,-152958.41043647734,3.7482343259111786,50862.30388149044,35
2021-11-08,50226.93565256646,-152958.41043647734,3.7482343259111786,54208.28273313739,38
2021-11-09,35836.015756178705,-152958.41043647734,3.7482343259111786,50368.89633274488,30
2021-11-10,27343.95582520115,-152958.41043647734,3.7482343259111786,48103.28026059252,29
2021-11-11,37884.5866791454,-152958.41043647734,3.7482343259111786,50915.43924998064,28
2021-11-12,41711.510172445676,-152958.41043647734,3.7482343259111786,51936.43291274209,27
2021-11-13,34162.61664945082,-152958.41043647734,3.7482343259111786,49922.4463615785,22
2021-11-14,36619.23554674527,-152958.41043647734,3.7482343259111786,50577.85333021759,31
2021-11-15,25212.995158589765,-152958.41043647734,3.7482343259111786,47534.75639540077,24
2021-11-16,17524.527763319784,-152958.41043647734,3.7482343259111786,45483.53261194616,23
2021-11-17,26137.072311385127,-152958.41043647734,3.7482343259111786,47781.29305038184,25
2021-11-18,35896.070388857916,-152958.41043647734,3.7482343259111786,50384.91844541379,17
2021-11-19,40013.29196849244,-152958.41043647734,3.7482343259111786,51483.3613979188,20
2021-11-20,51115.1857210747,-152958.41043647734,3.7482343259111786,54445.26099844163,23
2021-11-21,61770.224118604296,-152958.41043647734,3.7482343259111786,57287.943037788085,28
2021-11-22,56969.08468601227,-152958.41043647734,3.7482343259111786,56007.03607863609,32
2021-11-23,57025.041484366026,-152958.41043647734,3.7482343259111786,56021.964920722334,33
2021-11-24,57103.95682298386,-152958.41043647734,3.7482343259111786,56043.01892422268,34
2021-11-25,50692.13100283878,-152958.41043647734,3.7482343259111786,54332.393263542726,25
2021-11-26,38847.527206693136,-152958.41043647734,3.7482343259111786,51172.34435350926,22
2021-11-27,35976.43700024506,-152958.41043647734,3.7482343259111786,50406.35963729221,24
2021-11-28,49513.63008601044,-152958.41043647734,3.7482343259111786,54017.97831123265,38
2021-11-29,59812.18324820715,-152958.41043647734,3.7482343259111786,56765.55284012584,40
2021-11-30,63115.0118710064,-152958.41043647734,3.7482343259111786,57646.722034903,43
2021-12-01,72010.31308507166,-152958.41043647734,3.7482343259111786,60019.91977032016,50
2021-12-02,70744.92330140909,-152958.41043647734,3.7482343259111786,59682.323538698496,50
2021-12-03,59515.33929528535,-152958.41043647734,3.7482343259111786,56686.35716367901,44
2021-12-04,56762.796828522114,-152958.41043647734,3.7482343259111786,55952.00006979745,40
2021-12-05,64613.538762828946,-152958.41043647734,3.7482343259111786,58046.51744829628,46
2021-12-06,67182.34515959001,-152958.41043647734,3.7482343259111786,58731.85517625079,46
2021-12-07,62688.36309776563,-152958.41043647734,3.7482343259111786,57532.89543385744,48
2021-12-08,64437.651026293024,-152958.41043647734,3.7482343259111786,57999.59195718703,38
2021-12-09,66628.29776545867,-152958.41043647734,3.7482343259111786,58584.03960604984,52
2021-12-10,88571.62573686623,-152958.41043647734,3.7482343259111786,64438.35021297094,61
2021-12-11,93342.7248385447,-152958.41043647734,3.7482343259111786,65711.24264360056,64
2021-12-12,112526.57553998695,-152958.41043647734,3.7482343259111786,70829.34600464876,65
2021-12-13,139972.88968738687,-152958.41043647734,3.7482343259111786,78151.81086701508,66
2021-12-14,152674.75479780696,-152958.41043647734,3.7482343259111786,81540.5704818058,66
2021-12-15,156470.43262611388,-152958.41043647734,3.7482343259111786,82553.2280422117,70
2021-12-16,157467.65505322057,-152958.41043647734,3.7482343259111786,82819.279292053,65
2021-12-17,142905.6613224973,-152958.41043647734,3.7482343259111786,78934.25171251838,71
2021-12-18,132235.32609485625,-152958.41043647734,3.7482343259111786,76087.48859691537,70
2021-12-19,150690.20096430002,-152958.41043647734,3.7482343259111786,81011.10683013708,73
2021-12-20,143103.54050959257,-152958.41043647734,3.7482343259111786,78987.04435296974,72
2021-12-21,143980.11474041734,-152958.41043647734,3.7482343259111786,79220.90759486075,68
2021-12-22,156754.65904257022,-152958.41043647734,3.7482343259111786,82629.05745727563,67
2021-12-23,160022.0861207939,-152958.41043647734,3.7482343259111786,83500.7817930879,64
2021-12-24,151507.4503107316,-152958.41043647734,3.7482343259111786,81229.1426505718,68
2021-12-25,140074.3524416713,-152958.41043647734,3.7482343259111786,78178.8803470588,70
2021-12-26,140468.02869093243,-152958.41043647734,3.7482343259111786,78283.91013309424,69
2021-12-27,132790.1300966668,-152958.41043647734,3.7482343259111786,76235.5060242078,76
2021-12-28,144565.0354502871,-152958.41043647734,3.7482343259111786,79376.95992750877,75
2021-12-29,113455.5105062633,-152958.41043647734,3.7482343259111786,71077.17868678784,68
2021-12-30,131031.63135282422,-152958.41043647734,3.7482343259111786,75766.35212641484,69
2021-12-31,131941.27771134343,-152958.41043647734,3.7482343259111786,76009.03875681864,65
2022-01-01,124794.68072582269,-152958.41043647734,3.7482343259111786,74102.38181807898,62
2022-01-02,119370.26822022721,-152958.41043647734,3.7482343259111786,72655.19041168876,59
2022-01-03,113166.80213870568,-152958.41043647734,3.7482343259111786,71000.15352174899,63
2022-01-04,101433.59490614626,-152958.41043647734,3.7482343259111786,67869.82435544023,55
2022-01-05,95480.5755318699,-152958.41043647734,3.7482343259111786,66281.60471476203,54
2022-01-06,99752.00756869261,-152958.41043647734,3.7482343259111786,67421.18982748956,55
2022-01-07,113187.42483648442,-152958.41043647734,3.7482343259111786,71005.65549840935,52
2022-01-08,139418.63013824756,-152958.41043647734,3.7482343259111786,78003.93869549481,62
2022-01-09,139234.88878229278,-152958.41043647734,3.7482343259111786,77954.91791931639,59
2022-01-10,134487.5171435218,-152958.41043647734,3.7482343259111786,76688.35579272978,54
2022-01-11,124968.99719542294,-152958.41043647734,3.7482343259111786,74148.88810729234,45
2022-01-12,123937.54947567015,-152958.41043647734,3.7482343259111786,73873.705813426,36
2022-01-13,127128.95299078565,-152958.41043647734,3.7482343259111786,74725.14764913345,27
2022-01-14,108413.17880901133,-152958.41043647734,3.7482343259111786,69731.9234922567,20
2022-01-15,97328.57448334378,-152958.41043647734,3.7482343259111786,66774.63657744437,18
2022-01-16,97140.36091458949,-162672.93225402717,3.8937503993334834,66725.7185291308,15
2022-01-17,102815.82101919147,-162672.93225402717,3.8937503993334834,68183.30042898074,22
2022-01-18,113281.91467680078,-162672.93225402717,3.8937503993334834,70871.22147790079,28
2022-01-19,111492.91453658842,-162672.93225402717,3.8937503993334834,70411.76723540014,24
2022-01-20,105704.77558127407,-162672.93225402717,3.8937503993334834,68925.24694989208,21
2022-01-21,117078.46121843939,-162672.93225402717,3.8937503993334834,71846.25740785882,27
2022-01-22,107060.46855620178,-162672.93225402717,3.8937503993334834,69273.41846472769,21
2022-01-23,107530.87913863495,-162672.93225402717,3.8937503993334834,69394.23015890144,21
2022-01-24,103470.63763326308,-162672.93225402717,3.8937503993334834,68351.47161277919,23
2022-01-25,115428.18641534215,-162672.93225402717,3.8937503993334834,71422.43085662952,22
2022-01-26,111678.73601386242,-162672.93225402717,3.8937503993334834,70459.49024232576,30
2022-01-27,115794.11021556123,-162672.93225402717,3.8937503993334834,71516.40806695141,26
2022-01-28,128156.4575195302,-162672.93225402717,3.8937503993334834,74691.32839725433,41
2022-01-29,124036.14417553984,-162672.93225402717,3.8937503993334834,73633.14209319753,38
2022-01-30,174200.66123265366,-162672.93225402717,3.8937503993334834,86516.48383634079,46
2022-01-31,152394.53445111768,-162672.93225402717,3.8937503993334834,80916.1950285968,39
2022-02-01,154396.48923589027,-162672.93225402717,3.8937503993334834,81430.34066698063,38
2022-02-02,128091.42923933023,-162672.93225402717,3.8937503993334834,74674.6277170538,48
2022-02-03,110407.04089966282,-162672.93225402717,3.8937503993334834,70132.89120957386,36
2022-02-04,110616.11372145929,-162672.93225402717,3.8937503993334834,70186.58566873393,34
2022-02-05,103663.20764689683,-162672.93225402717,3.8937503993334834,68400.92779098381,39
2022-02-06,101971.13161171315,-162672.93225402717,3.8937503993334834,67966.36577194087,32
2022-02-07,108070.3248379167,-162672.93225402717,3.8937503993334834,69532.77157629021,24
2022-02-08,100339.24600916833,-162672.93225402717,3.8937503993334834,67547.26196836265,20
2022-02-09,94644.31952201825,-162672.93225402717,3.8937503993334834,66084.68067703876,17
2022-02-10,88425.56433174745,-162672.93225402717,3.8937503993334834,64487.56875344569,20
2022-02-11,108777.24964460736,-162672.93225402717,3.8937503993334834,69714.32528009507,29
2022-02-12,105320.20865221985,-162672.93225402717,3.8937503993334834,68826.48177759956,23
2022-02-13,108111.09419147664,-162672.93225402717,3.8937503993334834,69543.24203519967,36
2022-02-14,111350.54159075645,-162672.93225402717,3.8937503993334834,70375.20275867962,41
2022-02-15,135761.2044955294,-162672.93225402717,3.8937503993334834,76644.39323091725,46
2022-02-16,119169.83169617411,-162672.93225402717,3.8937503993334834,72383.36694577186,47
2022-02-17,121194.13047554699,-162672.93225402717,3.8937503993334834,72903.2510091467,37
2022-02-18,106903.25230239966,-162672.93225402717,3.8937503993334834,69233.04190288411,36
2022-02-19,124153.48978610325,-162672.93225402717,3.8937503993334834,73663.27900453717,44
2022-02-20,124489.09987598832,-162672.93225402717,3.8937503993334834,73749.47099309979,42
2022-02-21,134637.49434293725,-162672.93225402717,3.8937503993334834,76355.7999628987,45
2022-02-22,135686.5190308123,-162672.93225402717,3.8937503993334834,76625.21237517214,45
2022-02-23,136894.24860985117,-162672.93225402717,3.8937503993334834,76935.38366382115,45
2022-02-24,148932.16881269665,-162672.93225402717,3.8937503993334834,80026.98404090389,42
2022-02-25,152476.33200527081,-162672.93225402717,3.8937503993334834,80937.20242397765,47
2022-02-26,159861.3566505317,-162672.93225402717,3.8937503993334834,82833.83777238752,52
2022-02-27,160692.90682695142,-162672.93225402717,3.8937503993334834,83047.39798841011,45
2022-02-28,157328.8779694388,-162672.93225402717,3.8937503993334834,82183.44203014209,43
2022-03-01,165258.90214960964,-162672.93225402717,3.8937503993334834,84220.0451420232,30
2022-03-02,157438.44503342657,-162672.93225402717,3.8937503993334834,82211.58124112144,36
2022-03-03,149153.07229223207,-162672.93225402717,3.8937503993334834,80083.71687092124,35
2022-03-04,125954.1370418698,-162672.93225402717,3.8937503993334834,74125.7244802602,39
2022-03-05,129029.33554622548,-162672.93225402717,3.8937503993334834,74915.50250632015,46
2022-03-06,105780.55162726314,-162672.93225402717,3.8937503993334834,68944.70789068635,41
2022-03-07,101114.80319932022,-162672.93225402717,3.8937503993334834,67746.44196466767,38
2022-03-08,79855.04762383754,-162672.93225402717,3.8937503993334834,62286.473195451785,29
2022-03-09,70284.6727685158,-162672.93225402717,3.8937503993334834,59828.59226477889,25
2022-03-10,72051.23302878602,-162672.93225402717,3.8937503993334834,60282.2834568421,32
2022-03-11,75045.4780224562,-162672.93225402717,3.8937503993334834,61051.27085628679,33
2022-03-12,79048.40551808581,-162672.93225402717,3.8937503993334834,62079.309915060265,33
2022-03-13,81606.31779693975,-162672.93225402717,3.8937503993334834,62736.23755975259,30
2022-03-14,80424.30459360735,-162672.93225402717,3.8937503993334834,62432.67079709242,29
2022-03-15,81331.5530730309,-162672.93225402717,3.8937503993334834,62665.67198781559,33
2022-03-16,64742.15316496813,-162672.93225402717,3.8937503993334834,58405.152384170106,28
2022-03-17,61266.11012113548,-162672.93225402717,3.8937503993334834,57512.42874055195,21
2022-03-18,61801.80331716416,-162672.93225402717,3.8937503993334834,57650.00643328756,20
2022-03-19,56863.698143553745,-162672.93225402717,3.8937503993334834,56381.79335664667,22
2022-03-20,58623.11658634376,-162672.93225402717,3.8937503993334834,56833.65037426423,20
2022-03-21,73853.50644184413,-162672.93225402717,3.8937503993334834,60745.14656521357,20
2022-03-22,70509.12656290288,-162672.93225402717,3.8937503993334834,59886.23689305951,23
2022-03-23,67357.50845364528,-162672.93225402717,3.8937503993334834,59076.83264624464,22
2022-03-24,55030.79826118794,-168176.28724789564,3.9921304574005547,55911.77139396972,11
2022-03-25,60533.90349389156,-174229.9802819365,4.097743281309394,57291.0179236049,13
2022-03-26,51885.628637136804,-179418.80258676544,4.19172877294014,55181.15406633572,7
2022-03-27,74124.74682934317,-186831.64791196602,4.314219156903229,60487.51471601763,12
2022-03-28,73343.06510169458,-194166.32115579766,4.435780241577805,60307.17747242124,10
2022-03-29,47718.602294232755,-198938.41999016266,4.523248235550928,54530.94975990253,7
2022-03-30,41623.84919857039,-203101.01303967217,4.601476898308798,53183.98150128438,14
2022-03-31,22728.39210742584,-205373.96589805768,4.647766963964304,49077.83883616317,5
2022-04-01,36361.448848057364,-209010.29259919847,4.717645933409255,52011.478799116965,6
2022-04-02,35600.864464768994,-212570.55705889835,4.786275456070702,51850.634966881735,9
2022-04-03,32136.547748598765,-215784.3725245315,4.849103276431875,51127.16849692638,3
2022-04-04,24940.71544970703,-218278.56877931496,4.899320332741418,49643.47454556589,8
2022-04-05,26614.543258231744,-220940.15618450838,4.952541014910869,49985.39107448368,14
2022-04-06,25312.49252091846,-223471.53200539126,5.003425380492051,49722.74104382538,6
2022-04-07,26795.708569382725,-223471.53200539126,5.003425380492051,50019.18116947354,16
2022-04-08,22186.469621345925,-223471.53200539126,5.003425380492051,49097.964483399264,18
2022-04-09,11872.257201472617,-224658.81708979275,5.028654459712569,47036.65288324169,10
2022-04-10,22644.26715534937,-226923.3570323248,5.074678321526,49179.0037467098,11
2022-04-11,30608.283458968042,-226923.3570323248,5.074678321526,50748.36751698792,20
2022-04-12,6011.26611336405,-227524.51370149467,5.087768464170867,45901.41659540262,8
2022-04-13,1683.4679479617917,-227692.86891405148,5.091503603516707,45050.80516953435,6
2022-04-14,-5435.969675962318,-227692.86891405148,5.091503603516707,43652.50749986233,5
2022-04-15,-8159.550509935332,-227692.86891405148,5.091503603516707,43117.58087581127,8
2022-04-16,-3604.221873564238,-227692.86891405148,5.091503603516707,44012.273090744544,11
2022-04-17,-3639.1644108117034,-227692.86891405148,5.091503603516707,44005.41017951664,15
2022-04-18,-12559.59900925489,-227692.86891405148,5.091503603516707,42253.38655484871,9
2022-04-19,-17825.949061111663,-227692.86891405148,5.091503603516707,41219.04572707844,10
2022-04-20,-5044.619722328498,-227692.86891405148,5.091503603516707,43729.37083613956,8
2022-04-21,-16907.817391163146,-227692.86891405148,5.091503603516707,41399.3719610252,9
2022-04-22,-28487.78512452537,-227692.86891405148,5.091503603516707,39125.0010413299,3
2022-04-23,-21468.26897159248,-227692.86891405148,5.091503603516707,40503.67357100944,4
2022-04-24,-31076.35404026619,-227692.86891405148,5.091503603516707,38616.59151885546,8
2022-04-25,-27586.624528741086,-227692.86891405148,5.091503603516707,39301.994060673314,4
2022-04-26,-30268.961168291542,-227692.86891405148,5.091503603516707,38775.16802883121,8
2022-04-27,-25272.63219991527,-227692.86891405148,5.091503603516707,39756.47519414978,9
2022-04-28,-13711.680343847693,-227692.86891405148,5.091503603516707,42027.1112883838,17
2022-04-29,-13412.354558380175,-227692.86891405148,5.091503603516707,42085.90055944722,18
2022-04-30,93268.42905753912,-227692.86891405148,5.091503603516707,63038.607642328345,41
2022-05-01,88264.2508439298,-227692.86891405148,5.091503603516707,62055.75884101296,43
2022-05-02,92563.35539132476,-227692.86891405148,5.091503603516707,62900.127200965726,48
2022-05-03,89762.18301913826,-227692.86891405148,5.091503603516707,62349.96116155612,53
2022-05-04,109410.05827562299,-227692.86891405148,5.091503603516707,66208.9145840606,54
2022-05-05,98383.9972508759,-227692.86891405148,5.091503603516707,64043.334063380746,49
2022-05-06,126758.38699528298,-227692.86891405148,5.091503603516707,69616.22410804435,53
2022-05-07,123091.80738978108,-227692.86891405148,5.091503603516707,68896.08721116198,54
2022-05-08,114277.30959844074,-227692.86891405148,5.091503603516707,67164.87017239722,51
2022-05-09,130226.0052565794,-227692.86891405148,5.091503603516707,70297.28387571324,49
2022-05-10,114519.25172246536,-227692.86891405148,5.091503603516707,67212.38896897776,48
2022-05-11,122760.04544285391,-227692.86891405148,5.091503603516707,68830.92729519962,53
2022-05-12,110962.66393445033,-227692.86891405148,5.091503603516707,66513.85508488928,62
2022-05-13,235172.51910658766,-227692.86891405148,5.091503603516707,90909.37060339848,59
2022-05-14,244779.45756887164,-227692.86891405148,5.091503603516707,92796.22745559602,53
2022-05-15,263630.85990449344,-227692.86891405148,5.091503603516707,96498.74910806055,52
2022-05-16,274243.55073372787,-227692.86891405148,5.091503603516707,98583.141392867,53
2022-05-17,293108.82000456087,-227692.86891405148,5.091503603516707,102288.38658955166,47
2022-05-18,303531.27606911096,-227692.86891405148,5.091503603516707,104335.41569453968,49
2022-05-19,282004.6627353636,-227692.86891405148,5.091503603516707,100107.4675263642,57
2022-05-20,243258.76886033788,-227692.86891405148,5.091503603516707,92497.55562366734,51
2022-05-21,227083.56405308112,-227692.86891405148,5.091503603516707,89320.65424701222,56
2022-05-22,245794.31041270788,-227692.86891405148,5.091503603516707,92995.55027314942,49
2022-05-23,191066.27239009828,-227692.86891405148,5.091503603516707,82246.65519531645,50
2022-05-24,176917.0395307774,-227692.86891405148,5.091503603516707,79467.66612624301,57
2022-05-25,198644.45696462985,-227692.86891405148,5.091503603516707,83735.05335127519,53
2022-05-26,190633.24526189137,-227692.86891405148,5.091503603516707,82161.6062270887,52
2022-05-27,189402.6377214151,-227692.86891405148,5.091503603516707,81919.90797126772,60
2022-05-28,204537.3710317073,-227692.86891405148,5.091503603516707,84892.45488252564,53
2022-05-29,234284.06086822358,-227692.86891405148,5.091503603516707,90734.87239863428,54
2022-05-30,223311.13860732442,-227692.86891405148,5.091503603516707,88579.72863062828,53
2022-05-31,273477.3672791786,-227692.86891405148,5.091503603516707,98432.65864470197,53
2022-06-01,264167.6291074008,-227692.86891405148,5.091503603516707,96604.17360437958,53
2022-06-02,266253.0643352942,-227692.86891405148,5.091503603516707,97013.76483523977,54
2022-06-03,296882.61067373154,-227692.86891405148,5.091503603516707,103029.58034350758,58
2022-06-04,285041.89709849167,-227692.86891405148,5.091503603516707,100703.99747108038,59
2022-06-05,267006.40732090874,-227692.86891405148,5.091503603516707,97161.7256429458,54
2022-06-06,221506.64990621727,-227692.86891405148,5.091503603516707,88225.31688085345,44
2022-06-07,254727.2702538464,-227692.86891405148,5.091503603516707,94750.0339260665,50
2022-06-08,366885.5213017948,-227692.86891405148,5.091503603516707,116778.54647989845,56
2022-06-09,343400.2500566753,-227692.86891405148,5.091503603516707,112165.90686025874,54
2022-06-10,368723.09898709576,-227692.86891405148,5.091503603516707,117139.45709263606,53
2022-06-11,353738.18330994726,-227692.86891405148,5.091503603516707,114196.33520879837,55
2022-06-12,355197.24237637117,-227692.86891405148,5.091503603516707,114482.9026317137,53
2022-06-13,377128.06171890895,-227692.86891405148,5.091503603516707,118790.2391378472,62
2022-06-14,324953.2419644344,-227692.86891405148,5.091503603516707,108542.81051608657,54
2022-06-15,316750.05534039065,-227692.86891405148,5.091503603516707,106931.65843551495,43
2022-06-16,296808.4122766268,-227692.86891405148,5.091503603516707,103015.00736018425,33
2022-06-17,295356.7825250949,-227692.86891405148,5.091503603516707,102729.89909658032,30
2022-06-18,290735.6735183797,-227692.86891405148,5.091503603516707,101822.2872462178,34
2022-06-19,273563.55447987444,-227692.86891405148,5.091503603516707,98449.5862966114,35
2022-06-20,268772.0778573222,-227692.86891405148,5.091503603516707,97508.51328642188,42
2022-06-21,302248.81685179844,-227692.86891405148,5.091503603516707,104083.53347718708,42
2022-06-22,318939.69406029745,-227692.86891405148,5.091503603516707,107361.71581942694,53
2022-06-23,264277.6887352002,-227692.86891405148,5.091503603516707,96625.789935501,55
2022-06-24,275047.72372180934,-227692.86891405148,5.091503603516707,98741.08549950104,47
2022-06-25,318613.7497975036,-227692.86891405148,5.091503603516707,107297.69852941288,56
2022-06-26,380739.7284420823,-227692.86891405148,5.091503603516707,119499.59083518838,55
2022-06-27,402459.19279969344,-227692.86891405148,5.091503603516707,123765.4160312286,51
2022-06-28,416684.67533807876,-227692.86891405148,5.091503603516707,126559.38096696188,57
2022-06-29,418998.7977760399,-227692.86891405148,5.091503603516707,127013.88765460574,56
2022-06-30,445002.1588512197,-227692.86891405148,5.091503603516707,132121.09430711978,58
2022-07-01,448359.56381031184,-227692.86891405148,5.091503603516707,132780.50756114817,60
2022-07-02,442971.793931723,-227692.86891405148,5.091503603516707,131722.31919516774,57
2022-07-03,456392.1042271976,-227692.86891405148,5.091503603516707,134358.14376498738,57
2022-07-04,464079.4404427438,-227692.86891405148,5.091503603516707,135867.9799183462,61
2022-07-05,468314.50902737,-227692.86891405148,5.091503603516707,136699.7712543478,65
2022-07-06,472353.5258008054,-227692.86891405148,5.091503603516707,137493.0569098162,71
2022-07-07,478803.69616142474,-227692.86891405148,5.091503603516707,138759.9067174377,64
2022-07-08,493743.7752416539,-227692.86891405148,5.091503603516707,141694.2224409717,60
2022-07-09,536180.7759379075,-227692.86891405148,5.091503603516707,150029.08852393832,58
2022-07-10,521316.58146165183,-227692.86891405148,5.091503603516707,147109.67696425898,59
2022-07-11,479821.47737818875,-227692.86891405148,5.091503603516707,138959.80468393644,57
2022-07-12,493517.17288843635,-227692.86891405148,5.091503603516707,141649.71646182225,62
2022-07-13,480714.55408024474,-227692.86891405148,5.091503603516707,139135.20998099627,64
2022-07-14,521059.5381528378,-227692.86891405148,5.091503603516707,147059.19220988572,69
2022-07-15,517606.7391075725,-227692.86891405148,5.091503603516707,146381.0430197564,61
2022-07-16,515916.05898210534,-227692.86891405148,5.091503603516707,146048.9839155854,64
2022-07-17,471839.42236352584,-227692.86891405148,5.091503603516707,137392.08409759536,60
2022-07-18,399051.88800716866,-227692.86891405148,5.091503603516707,123096.20216871236,54
2022-07-19,361954.0011372968,-227692.86891405148,5.091503603516707,115809.96812888014,54
2022-07-20,362927.3948478891,-227692.86891405148,5.091503603516707,116001.1481390288,55
2022-07-21,363272.62837552244,-227692.86891405148,5.091503603516707,116068.95394935858,53
2022-07-22,329556.5062098121,-227692.86891405148,5.091503603516707,109446.9175547614,36
2022-07-23,311414.7613277744,-227692.86891405148,5.091503603516707,105883.77662533,41
2022-07-24,320556.49730466516,-227692.86891405148,5.091503603516707,107679.26508782987,44
2022-07-25,319432.8219182523,-227692.86891405148,5.091503603516707,107458.56890966422,41
2022-07-26,350246.1105569402,-227692.86891405148,5.091503603516707,113510.47244114854,36
2022-07-27,340723.1770329346,-227692.86891405148,5.091503603516707,111640.11463222386,34
2022-07-28,371453.2315055032,-227692.86891405148,5.091503603516707,117675.6705044309,30
2022-07-29,374805.62095118605,-227692.86891405148,5.091503603516707,118334.09868336166,28
2022-07-30,370128.3122859821,-227692.86891405148,5.091503603516707,117415.4489033687,27
2022-07-31,334433.3562744238,-227692.86891405148,5.091503603516707,110404.75839007834,23
2022-08-01,346797.04757255863,-227692.86891405148,5.091503603516707,112833.0570344307,25
2022-08-02,362731.6478847844,-227692.86891405148,5.091503603516707,115962.7023323776,25
2022-08-03,349386.4694652568,-227692.86891405148,5.091503603516707,113341.63408638636,25
2022-08-04,337150.686546516,-227692.86891405148,5.091503603516707,110938.45736855207,18
2022-08-05,338573.31569026853,-227692.86891405148,5.091503603516707,111217.86974936035,18
2022-08-06,318078.7973320775,-227692.86891405148,5.091503603516707,107192.63085057308,21
2022-08-07,269825.5838131375,-227692.86891405148,5.091503603516707,97715.42779299074,21
2022-08-08,292198.5320874774,-256914.18318851295,5.377528449122995,102112.47052826722,12
2022-08-09,328262.7947348557,-289742.104058042,5.679043835847125,108821.99832513036,11
2022-08-10,366339.7149498342,-289742.104058042,5.679043835847125,115526.81014127276,18
2022-08-11,377639.32603740646,-327507.9249528274,6.000240142328576,117519.83825043708,15
2022-08-12,364874.267610551,-327507.9249528274,6.000240142328576,115392.413660077,16
2022-08-13,345033.63865004416,-362013.01407228777,6.307923718055319,112088.6498196761,15
2022-08-14,345539.19853974076,-396568.66170864366,6.615830439682438,112171.53568464276,10
2022-08-15,369397.31728185096,-396568.66170864366,6.615830439682438,115777.75246417309,17
2022-08-16,378323.7201531499,-396568.66170864366,6.615830439682438,117127.0015044383,23
2022-08-17,321579.9254627817,-396568.66170864366,6.615830439682438,108550.02916397246,22
2022-08-18,302021.113084625,-396568.66170864366,6.615830439682438,105593.66373766998,26
2022-08-19,303430.5482383892,-396568.66170864366,6.615830439682438,105806.703531633,28
2022-08-20,250271.42334422702,-396568.66170864366,6.615830439682438,97771.563366113,27
2022-08-21,248220.44403754326,-396568.66170864366,6.615830439682438,97461.55250271756,26
2022-08-22,234981.56303689932,-396568.66170864366,6.615830439682438,95460.46116258348,27
2022-08-23,236580.87057615246,-396568.66170864366,6.615830439682438,95702.20066208158,24
2022-08-24,227456.527969894,-396568.66170864366,6.615830439682438,94323.0325153997,28
2022-08-25,218708.8115996971,-396568.66170864366,6.615830439682438,93000.79240511404,24
2022-08-26,200677.85427713464,-396568.66170864366,6.615830439682438,90275.36624932702,20
2022-08-27,186527.92835307907,-415222.38723022764,6.827366931761271,88137.97787605827,14
2022-08-28,178711.09575847915,-433094.39040623436,7.032702853606668,86994.36033344617,15
2022-08-29,164125.88879708928,-433094.39040623436,7.032702853606668,84920.44831626063,16
2022-08-30,166065.47551728826,-433094.39040623436,7.032702853606668,85196.2436627403,17
2022-08-31,148146.14821018552,-433094.39040623436,7.032702853606668,82648.24360072815,18
2022-09-01,108475.38206873334,-443942.4710171382,7.173501734898444,77008.11591058913,9
2022-09-02,62382.725901669415,-450181.05553653114,7.261843862313836,70583.14543200364,9
2022-09-03,45584.508468120184,-454739.7343172822,7.328584498605032,68270.24275706137,11
2022-09-04,21451.92719768948,-456885.03430205036,7.36158405966444,64977.45018231085,8
2022-09-05,24125.597266406345,-459297.71466270904,7.398490154921123,65340.806273502334,8
2022-09-06,27984.90688799083,-462096.34528303915,7.44096084426252,65862.63016676341,10
2022-09-07,-11398.844151794852,-462096.34528303915,7.44096084426252,60569.79878865541,5
2022-09-08,-14074.552709000942,-462096.34528303915,7.44096084426252,60210.20698146706,15
2022-09-09,-49199.57960108708,-462096.34528303915,7.44096084426252,55489.71084834066,20
2022-09-10,-51093.594133966835,-462096.34528303915,7.44096084426252,55235.17187514607,18
2022-09-11,-34223.88077186962,-462096.34528303915,7.44096084426252,57502.31367513349,9
2022-09-12,-45117.77491385961,-462096.34528303915,7.44096084426252,56038.26966657108,10
2022-09-13,-80816.70864432474,-462096.34528303915,7.44096084426252,51240.64547829285,9
2022-09-14,-89701.81854076567,-462096.34528303915,7.44096084426252,50046.56448762456,12
2022-09-15,-90517.89721620356,-462096.34528303915,7.44096084426252,49936.8906575214,11
2022-09-16,-102357.61778933229,-462096.34528303915,7.44096084426252,48345.735856289255,13
2022-09-17,-110348.70350840257,-462096.34528303915,7.44096084426252,47271.80388885632,10
2022-09-18,-110886.61812020175,-462096.34528303915,7.44096084426252,47199.51287388425,12
2022-09-19,-77111.70637764287,-462096.34528303915,7.44096084426252,51738.56534969476,4
2022-09-20,-55596.78029197478,-462096.34528303915,7.44096084426252,54629.98307597638,1
2022-09-21,-25735.216098133416,-462096.34528303915,7.44096084426252,58643.11589831432,5
2022-09-22,-8709.433443844551,-462096.34528303915,7.44096084426252,60931.23204495644,2
2022-09-23,-23210.72454433597,-462096.34528303915,7.44096084426252,58982.38546398392,6
2022-09-24,-29588.798860971874,-462096.34528303915,7.44096084426252,58125.2281088886,11
2022-09-25,-30236.589828668104,-462096.34528303915,7.44096084426252,58038.17067353121,4
2022-09-26,-19059.495257593808,-462096.34528303915,7.44096084426252,59540.27434065272,5
2022-09-27,-13427.823843283404,-462096.34528303915,7.44096084426252,60297.12167961605,0
2022-09-28,-30509.618997091427,-462096.34528303915,7.44096084426252,58001.47794336669,3
2022-09-29,-40947.82152806962,-462096.34528303915,7.44096084426252,56598.67489824292,7
2022-09-30,-32103.434873460792,-462096.34528303915,7.44096084426252,57787.28304169639,10
2022-10-01,-19929.572000297136,-462096.34528303915,7.44096084426252,59423.34364300308,12
2022-10-02,-23172.201545783784,-462096.34528303915,7.44096084426252,58987.56261776264,16
2022-10-03,-21199.943520100205,-462096.34528303915,7.44096084426252,59252.61683145392,17
2022-10-04,-4036.931080869457,-462096.34528303915,7.44096084426252,61559.17545989565,27
2022-10-05,7145.584756617318,-462096.34528303915,7.44096084426252,63062.00769776574,27
2022-10-06,14966.858204705932,-462096.34528303915,7.44096084426252,64113.11838249933,24
2022-10-07,53794.9581857961,-462096.34528303915,7.44096084426252,69331.27512243557,52
2022-10-08,72688.49567105994,-462096.34528303915,7.44096084426252,71870.40116821123,46
2022-10-09,78085.47247446794,-462096.34528303915,7.44096084426252,72595.70760596375,60
2022-10-10,57852.21958686499,-462096.34528303915,7.44096084426252,69876.53553785589,64
2022-10-11,50834.493628431286,-462096.34528303915,7.44096084426252,68933.41460155304,61
2022-10-12,73375.40732392913,-462096.34528303915,7.44096084426252,71962.71608119708,68
2022-10-13,67900.89808265644,-462096.34528303915,7.44096084426252,71226.9899625072,74
2022-10-14,72952.1308841625,-462096.34528303915,7.44096084426252,71905.83143301445,72
2022-10-15,43743.78695723356,-462096.34528303915,7.44096084426252,67980.48569632097,71
2022-10-16,16753.989070147392,-462096.34528303915,7.44096084426252,64353.29312643975,69
2022-10-17,47045.294875028136,-462096.34528303915,7.44096084426252,68424.17945938389,67
2022-10-18,57918.86647013726,-462096.34528303915,7.44096084426252,69885.49229554716,70
2022-10-19,48120.98156014213,-462096.34528303915,7.44096084426252,68568.7423334035,74
2022-10-20,62548.64289850206,-462096.34528303915,7.44096084426252,70507.69371889354,69
2022-10-21,59505.12079316971,-462096.34528303915,7.44096084426252,70098.6709906421,57
2022-10-22,74089.92483620509,-462096.34528303915,7.44096084426252,72058.74098002812,57
2022-10-23,28622.89813625277,-462096.34528303915,7.44096084426252,65948.37060561465,53
2022-10-24,50344.55861385533,-462096.34528303915,7.44096084426252,68867.5716244389,52
2022-10-25,56739.10826410749,-462096.34528303915,7.44096084426252,69726.94312014873,57
2022-10-26,54154.30633613089,-462096.34528303915,7.44096084426252,69379.56836814078,55
2022-10-27,34090.216087006615,-462096.34528303915,7.44096084426252,66683.13027781068,48
2022-10-28,16546.2762793391,-462096.34528303915,7.44096084426252,64325.37834565328,50
2022-10-29,17007.612667279376,-462096.34528303915,7.44096084426252,64387.37791769726,51
2022-10-30,383.8548655115883,-462096.34528303915,7.44096084426252,62153.29039194636,49
2022-10-31,1184.5423520404147,-462096.34528303915,7.44096084426252,62260.89578099315,46
2022-11-01,13481.383450368885,-462096.34528303915,7.44096084426252,63913.483579222215,49
2022-11-02,31018.91776190145,-462096.34528303915,7.44096084426252,66270.37466877219,49
2022-11-03,39871.5739137255,-462096.34528303915,7.44096084426252,67460.09416026098,47
2022-11-04,14068.007562756131,-462096.34528303915,7.44096084426252,63992.32072467495,41
2022-11-05,1210.221402251278,-462096.34528303915,7.44096084426252,62264.34682054951,39
2022-11-06,8278.926361582591,-462096.34528303915,7.44096084426252,63214.31888830764,37
2022-11-07,27473.491297198925,-462096.34528303915,7.44096084426252,65793.90038824479,32
2022-11-08,56569.34148351522,-462096.34528303915,7.44096084426252,69704.1279509595,30
2022-11-09,70741.16097447451,-462096.34528303915,7.44096084426252,71608.69643177428,42
2022-11-10,46337.94759607414,-462096.34528303915,7.44096084426252,68329.11817714378,38
2022-11-11,67723.58538650419,-462096.34528303915,7.44096084426252,71203.16068832294,35
2022-11-12,71101.07818908745,-462096.34528303915,7.44096084426252,71657.06615473694,35
2022-11-13,70506.08415086404,-462096.34528303915,7.44096084426252,71577.10416452136,41
2022-11-14,108691.976074646,-462096.34528303915,7.44096084426252,76708.9537633841,46
2022-11-15,89549.08910236368,-462096.34528303915,7.44096084426252,74136.31732933503,55
2022-11-16,93086.67072756274,-462096.34528303915,7.44096084426252,74611.73733210615,53
2022-11-17,63155.66811570898,-462096.34528303915,7.44096084426252,70589.27259424469,49
2022-11-18,91789.2562338931,-462096.34528303915,7.44096084426252,74437.37618160096,47
2022-11-19,87299.91488116153,-462096.34528303915,7.44096084426252,73834.0480030643,45
2022-11-20,98084.68415469525,-462096.34528303915,7.44096084426252,75283.42658457498,43
2022-11-21,101418.4431169671,-462096.34528303915,7.44096084426252,75731.45460569303,45
2022-11-22,78931.88041705906,-462096.34528303915,7.44096084426252,72709.45742407277,47
2022-11-23,49993.510515586764,-462096.34528303915,7.44096084426252,68820.39383307353,47
2022-11-24,43450.67231593904,-462096.34528303915,7.44096084426252,67941.0936544289,42
2022-11-25,-90841.77249803959,-462096.34528303915,7.44096084426252,49893.36465481629,17
2022-11-26,-115487.1784664644,-462096.34528303915,7.44096084426252,46581.23783621757,7
2022-11-27,-79264.30196873279,-462096.34528303915,7.44096084426252,51449.2753458709,15
2022-11-28,37901.23440947698,-462096.34528303915,7.44096084426252,67195.29777905603,24
2022-11-29,37641.844259063946,-462096.34528303915,7.44096084426252,67160.4380135174,30
2022-11-30,8104.057182586577,-462096.34528303915,7.44096084426252,63190.818001438856,27
2022-12-01,22666.537662092596,-462096.34528303915,7.44096084426252,65147.88789930489,21
2022-12-02,4493.011546044494,-462096.34528303915,7.44096084426252,62705.52507864026,18
2022-12-03,7787.132261259714,-462096.34528303915,7.44096084426252,63148.22606634338,20
2022-12-04,28124.39070449921,-462096.34528303915,7.44096084426252,65881.37557067398,29
2022-12-05,38130.84184786241,-462096.34528303915,7.44096084426252,67226.15500881318,26
2022-12-06,48094.64562752092,-462096.34528303915,7.44096084426252,68565.20301460147,28
2022-12-07,64760.21489442978,-462096.34528303915,7.44096084426252,70804.90963525372,32
2022-12-08,72446.34572718211,-462096.34528303915,7.44096084426252,71837.8583355118,23
2022-12-09,50571.91212751286,-462096.34528303915,7.44096084426252,68898.12594644328,27
2022-12-10,53449.873984857404,-462096.34528303915,7.44096084426252,69284.89882666394,26
2022-12-11,38146.004023569636,-462096.34528303915,7.44096084426252,67228.19267249998,19
2022-12-12,56167.291530666,-467713.35528660595,7.52156620449751,69650.47339529077,13
2022-12-13,60000.803866050264,-473713.7356922313,7.607047018500254,70160.54170038567,15
2022-12-14,42037.527108900074,-477917.6986012667,7.6690218999531,67799.41855601515,10
2022-12-15,53769.152719318576,-483294.88273240515,7.746542936001922,69329.51122696656,11
2022-12-16,29605.69810741319,-486255.6005790388,7.791237356224757,66210.44579964029,11
2022-12-17,42146.53446050483,-486255.6005790388,7.791237356224757,67820.05359102302,22
2022-12-18,73296.731677256,-486255.6005790388,7.791237356224757,71818.16015517025,20
2022-12-19,40474.330709247326,-486255.6005790388,7.791237356224757,67605.42738021692,19
2022-12-20,28907.54918792221,-489146.50004280417,7.834936830649552,66121.02438454215,14
2022-12-21,36915.05423610803,-492838.1900509154,7.889891605922029,67143.28545266693,12
2022-12-22,46195.687910209934,-497457.9898319254,7.9574779674203935,68319.84706309826,9
2022-12-23,78708.75481460063,-497457.9898319254,7.9574779674203935,72405.697760707,21
2022-12-24,87837.93269410607,-497457.9898319254,7.9574779674203935,73552.94289501742,32
2022-12-25,92883.42331275408,-497457.9898319254,7.9574779674203935,74186.9993937354,53
2022-12-26,123441.01100130257,-497457.9898319254,7.9574779674203935,78027.10901309692,61
2022-12-27,121016.17562703794,-497457.9898319254,7.9574779674203935,77722.38490525869,60
2022-12-28,88529.44112764759,-497457.9898319254,7.9574779674203935,73639.84334719244,58
2022-12-29,121889.2978323666,-497457.9898319254,7.9574779674203935,77832.10838911921,53
2022-12-30,109264.40480454132,-497457.9898319254,7.9574779674203935,76245.56387344297,63
2022-12-31,117389.71064204077,-497457.9898319254,7.9574779674203935,77266.65445902375,53
2023-01-01,170725.6981770044,-497457.9898319254,7.9574779674203935,83969.27905356645,64
2023-01-02,142630.08029173495,-497457.9898319254,7.9574779674203935,80438.56014987626,68
2023-01-03,204429.26012851245,-497457.9898319254,7.9574779674203935,88204.73683170893,69
2023-01-04,199191.3863523128,-497457.9898319254,7.9574779674203935,87546.50393459697,62
2023-01-05,221860.33835417283,-497457.9898319254,7.9574779674203935,90395.26482274164,68
2023-01-06,254740.82654781552,-497457.9898319254,7.9574779674203935,94527.28860317337,65
2023-01-07,268797.3165443538,-497457.9898319254,7.9574779674203935,96293.73898532818,65
2023-01-08,260437.5484972002,-497457.9898319254,7.9574779674203935,95243.18401283812,65
2023-01-09,271178.1956876611,-497457.9898319254,7.9574779674203935,96592.93920341929,62
2023-01-10,279447.18782600196,-497457.9898319254,7.9574779674203935,97632.08655289306,70
2023-01-11,562363.2808250305,-497457.9898319254,7.9574779674203935,133185.57399669712,68
2023-01-12,536923.5275583921,-497457.9898319254,7.9574779674203935,129988.61217401989,60
2023-01-13,564768.5667662618,-497457.9898319254,7.9574779674203935,133487.8413672232,56
2023-01-14,546641.8799439829,-497457.9898319254,7.9574779674203935,131209.89766489776,59
2023-01-15,498815.38516825536,-497457.9898319254,7.9574779674203935,125199.63977018042,60
2023-01-16,506667.87666309794,-497457.9898319254,7.9574779674203935,126186.44633464624,55
2023-01-17,547662.3311958206,-497457.9898319254,7.9574779674203935,131338.1356890576,48
2023-01-18,538918.3560965052,-497457.9898319254,7.9574779674203935,130239.29820121094,54
2023-01-19,500493.62667510816,-497457.9898319254,7.9574779674203935,125410.54095190206,59
2023-01-20,541981.7799252714,-497457.9898319254,7.9574779674203935,130624.27241556738,61
2023-01-21,671879.4839274203,-497457.9898319254,7.9574779674203935,146948.251512208,59
2023-01-22,742804.8914871803,-497457.9898319254,7.9574779674203935,155861.30258820768,55
2023-01-23,738730.320484818,-497457.9898319254,7.9574779674203935,155349.25957419688,60
2023-01-24,662748.3303124979,-497457.9898319254,7.9574779674203935,145800.7580912639,61
2023-01-25,671100.8351042685,-497457.9898319254,7.9574779674203935,146850.40030528794,55
2023-01-26,712930.4415640736,-497457.9898319254,7.9574779674203935,152107.0414962613,50
2023-01-27,676155.7364705009,-497457.9898319254,7.9574779674203935,147485.63943342984,50
2023-01-28,626328.2884672622,-497457.9898319254,7.9574779674203935,141223.9258343168,50
2023-01-29,647068.6695841884,-497457.9898319254,7.9574779674203935,143830.32715918904,52
2023-01-30,663073.4437325061,-497457.9898319254,7.9574779674203935,145841.61443058893,49
2023-01-31,628729.7775166456,-497457.9898319254,7.9574779674203935,141525.71605720092,55
2023-02-01,597301.01578519,-497457.9898319254,7.9574779674203935,137576.12777557055,53
2023-02-02,525610.2163930461,-497457.9898319254,7.9574779674203935,128566.89147159818,52
2023-02-03,534553.819298913,-497457.9898319254,7.9574779674203935,129690.81577807872,55
2023-02-04,710359.5119722823,-497457.9898319254,7.9574779674203935,151783.95802655932,54
2023-02-05,656590.6808122245,-497457.9898319254,7.9574779674203935,145026.93885789826,51
2023-02-06,710373.1062902047,-497457.9898319254,7.9574779674203935,151785.6663967211,52
2023-02-07,835710.0097301919,-497457.9898319254,7.9574779674203935,167536.49900387917,51
2023-02-08,895919.9798937214,-497457.9898319254,7.9574779674203935,175102.96295263807,53
2023-02-09,859729.1341945066,-497457.9898319254,7.9574779674203935,170554.93330714136,58
2023-02-10,922251.8797603424,-497457.9898319254,7.9574779674203935,178412.03901598745,58
2023-02-11,842298.2517991785,-497457.9898319254,7.9574779674203935,168364.42992570647,58
2023-02-12,850631.491686194,-497457.9898319254,7.9574779674203935,169411.6511585058,57
2023-02-13,936713.5217620267,-497457.9898319254,7.9574779674203935,180229.4040229524,63
2023-02-14,929304.2067845303,-497457.9898319254,7.9574779674203935,179298.2905460654,56
2023-02-15,919432.131056027,-497457.9898319254,7.9574779674203935,178057.68695672194,59
2023-02-16,850153.6168119726,-497457.9898319254,7.9574779674203935,169351.597599303,66
2023-02-17,827313.8585219372,-497457.9898319254,7.9574779674203935,166481.37183385994,65
2023-02-18,842963.5586120037,-497457.9898319254,7.9574779674203935,168448.0376737328,61
2023-02-19,854712.6704977232,-497457.9898319254,7.9574779674203935,169924.5245623956,61
2023-02-20,882428.5991383088,-497457.9898319254,7.9574779674203935,173407.52869436564,61
2023-02-21,972573.6571554216,-497457.9898319254,7.9574779674203935,184735.87397991787,50
2023-02-22,1068446.0081037567,-497457.9898319254,7.9574779674203935,196783.9564679696,58
2023-02-23,1119904.8519475504,-497457.9898319254,7.9574779674203935,203250.68424962068,60
2023-02-24,1115160.341615294,-497457.9898319254,7.9574779674203935,202654.4513286272,63
2023-02-25,1076237.6394052745,-497457.9898319254,7.9574779674203935,197763.11485627035,61
2023-02-26,1164543.717530755,-497457.9898319254,7.9574779674203935,208860.35929565484,60
2023-02-27,1239040.990350006,-497457.9898319254,7.9574779674203935,218222.27938192568,61
2023-02-28,1160373.5448792567,-497457.9898319254,7.9574779674203935,208336.30221769973,64
2023-03-01,1186609.927978934,-497457.9898319254,7.9574779674203935,211633.37488407653,72
2023-03-02,1117538.7236775102,-497457.9898319254,7.9574779674203935,202953.3377436388,69
2023-03-03,1090232.5776607795,-497457.9898319254,7.9574779674203935,199521.83015687225,70
2023-03-04,1143520.262470128,-497457.9898319254,7.9574779674203935,206218.38464656356,67
2023-03-05,1201696.1813771916,-497457.9898319254,7.9574779674203935,213529.23352924324,65
2023-03-06,1071678.6788581503,-497457.9898319254,7.9574779674203935,197190.19959771863,65
2023-03-07,1048421.8362383989,-497457.9898319254,7.9574779674203935,194267.55969661305,67
2023-03-08,1107158.9386469477,-497457.9898319254,7.9574779674203935,201648.9313634943,73
2023-03-09,1077799.735057752,-497457.9898319254,7.9574779674203935,197959.42022574457,62
2023-03-10,1070086.5036471349,-497457.9898319254,7.9574779674203935,196990.11419157183,58
2023-03-11,996702.7445566049,-497457.9898319254,7.9574779674203935,187768.12710081536,47
2023-03-12,1017029.5957160238,-497457.9898319254,7.9574779674203935,190322.5609607194,45
2023-03-13,1079046.5501026215,-497457.9898319254,7.9574779674203935,198116.1049253409,52
2023-03-14,1021961.6838471959,-497457.9898319254,7.9574779674203935,190942.36640050384,50
2023-03-15,985886.2744629178,-497457.9898319254,7.9574779674203935,186408.8434008828,46
2023-03-16,1004059.9727037826,-497457.9898319254,7.9574779674203935,188692.6949321433,46
2023-03-17,972661.137949408,-497457.9898319254,7.9574779674203935,184746.86751258548,45
2023-03-18,994343.5352861842,-497457.9898319254,7.9574779674203935,187471.650091381,47
2023-03-19,1063244.959671933,-497457.9898319254,7.9574779674203935,196130.35133665567,50
2023-03-20,1065087.695046855,-497457.9898319254,7.9574779674203935,196361.92412673644,56
2023-03-21,1024321.4124517967,-497457.9898319254,7.9574779674203935,191238.90867360367,50
2023-03-22,1113273.5486200727,-497457.9898319254,7.9574779674203935,202417.34190740777,53
2023-03-23,1060556.5678379172,-497457.9898319254,7.9574779674203935,195792.50662693448,36
2023-03-24,1098920.0477956121,-497457.9898319254,7.9574779674203935,200613.5667812652,34
2023-03-25,1155497.7922664061,-497457.9898319254,7.9574779674203935,207723.5763474161,42
2023-03-26,1137060.6531338787,-497457.9898319254,7.9574779674203935,205406.61873747825,38
2023-03-27,1031872.704014732,-497457.9898319254,7.9574779674203935,192187.86405794177,41
2023-03-28,1097598.9884558378,-497457.9898319254,7.9574779674203935,200447.5519528003,34
2023-03-29,875940.4674054116,-497457.9898319254,7.9574779674203935,172592.1784339614,19
2023-03-30,906032.2310675774,-497457.9898319254,7.9574779674203935,176373.7488995496,21
2023-03-31,1009268.76755398,-497457.9898319254,7.9574779674203935,189347.27354002927,28
2023-04-01,995732.0911808773,-497457.9898319254,7.9574779674203935,187646.1470740152,30
2023-04-02,988032.8878062011,-497457.9898319254,7.9574779674203935,186678.6039144616,29
2023-04-03,1031328.1295171436,-497457.9898319254,7.9574779674203935,192119.4284933297,26
2023-04-04,1007224.3414379759,-497457.9898319254,7.9574779674203935,189090.3546865465,30
2023-04-05,997877.5846080815,-497457.9898319254,7.9574779674203935,187915.7668500282,31
2023-04-06,953230.5136100098,-497457.9898319254,7.9574779674203935,182305.06064627037,27
2023-04-07,932100.3760628023,-497457.9898319254,7.9574779674203935,179649.67942702997,25
2023-04-08,914291.0323499381,-497457.9898319254,7.9574779674203935,177411.61558497103,27
2023-04-09,891508.4480668497,-497457.9898319254,7.9574779674203935,174548.57476018142,33
2023-04-10,987331.2387221123,-497457.9898319254,7.9574779674203935,186590.4291074484,36
2023-04-11,1102663.4987152088,-497457.9898319254,7.9574779674203935,201083.9986109131,42
2023-04-12,1069137.688263493,-497457.9898319254,7.9574779674203935,196870.8785006247,37
2023-04-13,984123.2693221904,-497457.9898319254,7.9574779674203935,186187.290146454,31
2023-04-14,901696.1967415551,-497457.9898319254,7.9574779674203935,175828.84832379242,36
2023-04-15,857510.2399405129,-497457.9898319254,7.9574779674203935,170276.08939917476,28
2023-04-16,903169.6703699562,-497457.9898319254,7.9574779674203935,176014.01674454505,25
2023-04-17,575936.3519501582,-555054.5048526922,8.384237761103819,134894.89313503806,14
2023-04-18,621528.1219812902,-617210.424846821,8.82692293837394,140336.3953074577,7
2023-04-19,565995.5593737576,-673812.8109034996,9.248965380480753,134048.33073478463,4
2023-04-20,606946.334540722,-734510.4792409886,9.687062304541572,138479.2181168069,0
2023-04-21,658294.4197026383,-800343.2128479328,10.144694142380946,143783.3030822387,4
2023-04-22,735507.7223993423,-873897.6628103652,10.630285828494895,151398.12900379722,6
2023-04-23,718573.2142206916,-945758.5772781578,11.109731257593902,149808.4654713154,7
2023-04-24,662664.1508546665,-1012028.305850053,11.567232624239296,144779.0073137613,7
2023-04-25,567383.0755404339,-1068769.4504613269,11.982576007397427,136544.3060817377,1
2023-04-26,608200.8938593762,-1129592.5810037917,12.416954688077105,139953.2750596099,2
2023-04-27,717368.0670723976,-1201332.9747307177,12.8990085581274,148747.94703459446,4
2023-04-28,691754.2142747527,-1270511.8551022115,13.370131340942187,146764.9059937121,14
2023-04-29,800496.5865745982,-1270511.8551022115,13.370131340942187,154898.13741282714,18
2023-04-30,847498.2950154347,-1355265.922307115,13.904870876050337,158416.73302530102,12
2023-05-01,904346.0208341787,-1355265.922307115,13.904870876050337,162505.06482827073,19
2023-05-02,859619.9292677981,-1441232.2135484568,14.444279856413736,159291.57879024342,15
2023-05-03,982175.3574281866,-1441232.2135484568,14.444279856413736,167776.28203461945,18
2023-05-04,1002848.7034349218,-1441232.2135484568,14.444279856413736,169207.5299896745,20
2023-05-05,1043331.0008071819,-1441232.2135484568,14.444279856413736,172010.18251196586,28
2023-05-06,1245961.266187274,-1441232.2135484568,14.444279856413736,186038.59150115596,35
2023-05-07,1164233.551408491,-1441232.2135484568,14.444279856413736,180380.45446758877,37
2023-05-08,1136267.4336731466,-1441232.2135484568,14.444279856413736,178444.31656294092,32
2023-05-09,1157128.7503099837,-1441232.2135484568,14.444279856413736,179888.57801759377,36
2023-05-10,1178586.7629697705,-1441232.2135484568,14.444279856413736,181374.14966762371,26
2023-05-11,1159522.7031299262,-1441232.2135484568,14.444279856413736,180054.31510132103,21
2023-05-12,1205817.4384806165,-1441232.2135484568,14.444279856413736,183259.3717611817,23
2023-05-13,1377713.8553608418,-1441232.2135484568,14.444279856413736,195160.0285325124,34
2023-05-14,1392559.5821843455,-1441232.2135484568,14.444279856413736,196187.821331536,39
2023-05-15,1289226.8407866228,-1441232.2135484568,14.444279856413736,189033.9346424852,45
2023-05-16,1367218.35030668,-1441232.2135484568,14.444279856413736,194433.40836463316,42
2023-05-17,1398464.2943135235,-1441232.2135484568,14.444279856413736,196596.61375233336,57
2023-05-18,1380715.90332158,-1441232.2135484568,14.444279856413736,195367.8649903061,64
2023-05-19,1546226.9223556542,-1441232.2135484568,14.444279856413736,206826.4507197,67
2023-05-20,1351957.2816174352,-1441232.2135484568,14.444279856413736,193376.86080110277,72
2023-05-21,1097507.599187639,-1441232.2135484568,14.444279856413736,175760.9128300579,62
2023-05-22,907448.8572843987,-1441232.2135484568,14.444279856413736,162602.8499987809,52
2023-05-23,946152.5836000852,-1441232.2135484568,14.444279856413736,165282.36927564544,40
2023-05-24,896185.2609395566,-1441232.2135484568,14.444279856413736,161823.05367408975,47
2023-05-25,906863.2208268829,-1441232.2135484568,14.444279856413736,162562.30547435067,51
2023-05-26,1104623.7657798221,-1441232.2135484568,14.444279856413736,176253.57613088857,56
2023-05-27,1306413.795299369,-1441232.2135484568,14.444279856413736,190223.814282287,65
2023-05-28,1321995.632206255,-1441232.2135484568,14.444279856413736,191302.5691293116,65
2023-05-29,1287714.377669023,-1441232.2135484568,14.444279856413736,188929.2244642946,57
2023-05-30,1231154.2316574133,-1441232.2135484568,14.444279856413736,185013.47742990748,52
2023-05-31,1407722.677177391,-1441232.2135484568,14.444279856413736,197237.5860234263,58
2023-06-01,1642288.4058507201,-1441232.2135484568,14.444279856413736,213476.9368948492,58
2023-06-02,1781047.5932972217,-1441232.2135484568,14.444279856413736,223083.451641577,57
2023-06-03,1824683.6301102033,-1441232.2135484568,14.444279856413736,226104.44245917085,57
2023-06-04,1825980.9291078201,-1441232.2135484568,14.444279856413736,226194.25649008917,66
2023-06-05,1905004.5530353636,-1441232.2135484568,14.444279856413736,231665.1851007983,63
2023-06-06,1944717.1628535567,-1441232.2135484568,14.444279856413736,234414.55095447632,66
2023-06-07,1907824.5895600826,-1441232.2135484568,14.444279856413736,231860.42062328555,60
2023-06-08,1886365.6900113802,-1441232.2135484568,14.444279856413736,230374.7875725541,65
2023-06-09,1865883.2523110886,-1441232.2135484568,14.444279856413736,228956.75649700715,58
2023-06-10,1984035.643672837,-1441232.2135484568,14.444279856413736,237136.6306434697,62
2023-06-11,1896420.8824548353,-1441232.2135484568,14.444279856413736,231070.92421234585,60
2023-06-12,1785423.143304076,-1441232.2135484568,14.444279856413736,223386.37778606813,49
2023-06-13,2212617.021761423,-1441232.2135484568,14.444279856413736,252961.67559973232,53
2023-06-14,2275302.985472724,-1441232.2135484568,14.444279856413736,257301.5225380666,65
2023-06-15,2385236.3258864256,-1441232.2135484568,14.444279856413736,264912.3789813449,66
2023-06-16,2506028.8512769965,-1441232.2135484568,14.444279856413736,273275.0337201989,68
2023-06-17,2651359.0500618857,-1441232.2135484568,14.444279856413736,283336.46982013417,66
2023-06-18,2576764.3340024445,-1441232.2135484568,14.444279856413736,278172.1614017869,71
2023-06-19,2507697.688754717,-1441232.2135484568,14.444279856413736,273390.5699389865,74
2023-06-20,2579924.7997922082,-1441232.2135484568,14.444279856413736,278390.96537271386,69
2023-06-21,2489461.2701050444,-1441232.2135484568,14.444279856413736,272128.0342618219,69
2023-06-22,2676193.7766224346,-1441232.2135484568,14.444279856413736,285055.8166347503,66
2023-06-23,2589946.092313828,-1441232.2135484568,14.444279856413736,279084.7550680977,65
2023-06-24,2320261.248508353,-1441232.2135484568,14.444279856413736,260414.0531372066,65
2023-06-25,2344768.692954425,-1441232.2135484568,14.444279856413736,262110.7417011013,69
2023-06-26,2195408.0303168553,-1441232.2135484568,14.444279856413736,251770.2703088049,69
2023-06-27,1996770.1711561377,-1441232.2135484568,14.444279856413736,238018.2618227248,66
2023-06-28,2490087.4008429414,-1441232.2135484568,14.444279856413736,272171.3822683768,64
2023-06-29,2386849.4593206933,-1441232.2135484568,14.444279856413736,265024.0587224122,59
2023-06-30,2398944.2440327154,-1441232.2135484568,14.444279856413736,265861.3995128326,65
2023-07-01,2560124.100384417,-1441232.2135484568,14.444279856413736,277020.1321013688,64
2023-07-02,2344488.084702393,-1441232.2135484568,14.444279856413736,262091.31475459924,55
2023-07-03,2455068.28272157,-1441232.2135484568,14.444279856413736,269746.95415776933,53
2023-07-04,2425344.1676375316,-1441232.2135484568,14.444279856413736,267689.10735754686,55
2023-07-05,2293791.9514405727,-1441232.2135484568,14.444279856413736,258581.54245956097,52
2023-07-06,2113055.830339097,-1441232.2135484568,14.444279856413736,246068.89919190624,40
2023-07-07,2069381.4553243075,-1441232.2135484568,14.444279856413736,243045.25416086675,39
2023-07-08,2011324.7186568575,-1441232.2135484568,14.444279856413736,239025.8958235474,40
2023-07-09,2135753.2394161136,-1441232.2135484568,14.444279856413736,247640.2761869967,38
2023-07-10,2154033.2778507587,-1441232.2135484568,14.444279856413736,248905.83172983865,37
2023-07-11,2215937.908045298,-1441232.2135484568,14.444279856413736,253191.58573141677,42
2023-07-12,2334811.716501836,-1441232.2135484568,14.444279856413736,261421.404707387,50
2023-07-13,2614184.204726074,-1441232.2135484568,14.444279856413736,280762.7973556461,48
2023-07-14,2578122.3297889987,-1441232.2135484568,14.444279856413736,278266.17756597465,47
2023-07-15,2684097.144657509,-1441232.2135484568,14.444279856413736,285602.9791180059,47
2023-07-16,2785104.0708428374,-1441232.2135484568,14.444279856413736,292595.8459960648,45
2023-07-17,2705361.1283209813,-1441232.2135484568,14.444279856413736,287075.11783830565,48
2023-07-18,2688441.7263163957,-1441232.2135484568,14.444279856413736,285903.76127551566,40
2023-07-19,2449944.543361728,-1441232.2135484568,14.444279856413736,269392.2296986218,38
2023-07-20,2741036.1893981984,-1441232.2135484568,14.444279856413736,289544.95790176693,38
2023-07-21,2398450.5813496467,-1441232.2135484568,14.444279856413736,265827.222476111,42
2023-07-22,2633540.7658236115,-1441232.2135484568,14.444279856413736,282102.8822397632,40
2023-07-23,2633637.634829176,-1441232.2135484568,14.444279856413736,282109.58863194945,37
2023-07-24,2741313.410959262,-1441232.2135484568,14.444279856413736,289564.1503823765,43
2023-07-25,2600717.046875964,-1441232.2135484568,14.444279856413736,279830.4450345901,44
2023-07-26,2446957.5403973116,-1441232.2135484568,14.444279856413736,269185.43482936494,43
2023-07-27,2456763.83899985,-1441232.2135484568,14.444279856413736,269864.3401607501,45
2023-07-28,2341609.42778979,-1441232.2135484568,14.444279856413736,261892.0208513227,42
2023-07-29,2366975.5624674405,-1441232.2135484568,14.444279856413736,263648.1578778694,37
2023-07-30,2287823.3730140976,-1441232.2135484568,14.444279856413736,258168.32847549205,31
2023-07-31,2127404.272417934,-1441232.2135484568,14.444279856413736,247062.2641932404,26
2023-08-01,2278459.1931296946,-1441232.2135484568,14.444279856413736,257520.03171182575,29
2023-08-02,2372684.202601519,-1441232.2135484568,14.444279856413736,264043.37592894747,25
2023-08-03,2323053.02472075,-1441232.2135484568,14.444279856413736,260607.3321542396,30
2023-08-04,2235966.4153733505,-1441232.2135484568,14.444279856413736,254578.1905000276,35
2023-08-05,2457100.3600871526,-1441232.2135484568,14.444279856413736,269887.6380399554,41
2023-08-06,2802774.881872893,-1441232.2135484568,14.444279856413736,293819.2237764537,55
2023-08-07,2569446.0900496324,-1441232.2135484568,14.444279856413736,277665.5079704244,53
2023-08-08,2478533.575120646,-1441232.2135484568,14.444279856413736,271371.49291168,50
2023-08-09,2405402.2854566956,-1441232.2135484568,14.444279856413736,266308.49978284794,47
2023-08-10,2212697.5238660704,-1441232.2135484568,14.444279856413736,252967.2488858669,39
2023-08-11,2065223.1201109192,-1441232.2135484568,14.444279856413736,242757.36613496824,25
2023-08-12,2421485.7462252476,-1441232.2135484568,14.444279856413736,267421.9828313926,29
2023-08-13,2212325.3542151703,-1441232.2135484568,14.444279856413736,252941.4830010599,28
2023-08-14,2162498.800464727,-1441232.2135484568,14.444279856413736,249491.91305048057,29
2023-08-15,2438754.818872564,-1441232.2135484568,14.444279856413736,268617.5476375985,31
2023-08-16,2446704.885124449,-1441232.2135484568,14.444279856413736,269167.9431111641,31
2023-08-17,2426615.0795599585,-1441232.2135484568,14.444279856413736,267777.0945701363,32
2023-08-18,2426040.584426183,-1441232.2135484568,14.444279856413736,267737.32137690776,39
2023-08-19,2153732.9225485274,-1441232.2135484568,14.444279856413736,248885.0376642835,23
2023-08-20,2161817.9715502835,-1441232.2135484568,14.444279856413736,249444.77820393845,29
2023-08-21,1986849.1284719636,-1441232.2135484568,14.444279856413736,237331.41257978597,20
2023-08-22,1971785.763310885,-1638420.649301333,15.278362363911944,236295.3781708738,15
2023-08-23,1897621.6763900472,-1828192.3055231487,16.097886680064338,231447.39778341545,11
2023-08-24,2242226.0831483398,-2052426.125528983,16.98422957174212,252861.1728036604,15
2023-08-25,2265394.2798079066,-2052426.125528983,16.98422957174212,254225.27333949588,30
2023-08-26,2578498.9398060143,-2052426.125528983,16.98422957174212,272660.2961749763,31
2023-08-27,2527704.4540311573,-2052426.125528983,16.98422957174212,269669.6108712774,27
2023-08-28,2456219.2649605414,-2052426.125528983,16.98422957174212,265460.695255255,37
2023-08-29,2679244.6261945423,-2052426.125528983,16.98422957174212,278592.01571297325,47
2023-08-30,2771373.1944271745,-2052426.125528983,16.98422957174212,284016.37528391974,50
2023-08-31,2584034.1137046367,-2052426.125528983,16.98422957174212,272986.1969687239,42
2023-09-01,2751104.5532121183,-2052426.125528983,16.98422957174212,282822.99520568654,37
2023-09-02,2741983.209778427,-2052426.125528983,16.98422957174212,282285.947387582,43
2023-09-03,2779806.243947884,-2052426.125528983,16.98422957174212,284512.89763043466,45
2023-09-04,2868207.5755859436,-2052426.125528983,16.98422957174212,289717.8044096706,48
2023-09-05,2817074.683043601,-2052426.125528983,16.98422957174212,286707.1943418806,39
2023-09-06,3272005.167529311,-2052426.125528983,16.98422957174212,313492.659208807,47
2023-09-07,3703889.324417932,-2052426.125528983,16.98422957174212,338921.19896472135,56
2023-09-08,3884770.9911097744,-2052426.125528983,16.98422957174212,349571.1766942257,62
2023-09-09,3796670.921640788,-2052426.125528983,16.98422957174212,344384.0076738796,63
2023-09-10,3806308.08125316,-2052426.125528983,16.98422957174212,344951.4257938281,60
2023-09-11,3525292.8559194086,-2052426.125528983,16.98422957174212,328405.76947502187,63
2023-09-12,3562476.228202573,-2052426.125528983,16.98422957174212,330595.05761000025,64
2023-09-13,3643646.8453033883,-2052426.125528983,16.98422957174212,335374.2333010698,67
2023-09-14,2869304.7350394586,-2052426.125528983,16.98422957174212,289782.40312749177,58
2023-09-15,2550171.499686639,-2052426.125528983,16.98422957174212,270992.4289337971,41
2023-09-16,2272911.33158163,-2052426.125528983,16.98422957174212,254667.8634341464,28
2023-09-17,1914413.9966568735,-2052426.125528983,16.98422957174212,233560.20391915645,28
2023-09-18,1883246.3447359467,-2052426.125528983,16.98422957174212,231725.1102642295,28
2023-09-19,1857492.379291725,-2052426.125528983,16.98422957174212,230208.7644485164,27
2023-09-20,1591283.2605830135,-2052426.125528983,16.98422957174212,214534.86428223376,25
2023-09-21,1518450.1069716027,-2052426.125528983,16.98422957174212,210246.58300908207,24
2023-09-22,1509063.1139815247,-2052426.125528983,16.98422957174212,209693.894236805,21
2023-09-23,1223940.2495344374,-2174826.270489675,17.61840587440613,192909.99107708296,11
2023-09-24,1057368.6082031806,-2280568.4184173895,18.194499268334916,183458.58148620784,6
2023-09-25,967174.5794157651,-2377290.7124736686,18.736077715706838,178504.02536949876,9
2023-09-26,591352.3132428234,-2436428.9007073627,19.10912784046736,158446.85530536147,3
2023-09-27,642656.7410982847,-2500697.7882615686,19.507783694657814,161133.3495675707,8
2023-09-28,514602.583814804,-2552160.6197846252,19.840558256457772,154570.4089551638,0
2023-09-29,247027.96096462477,-2576864.6510826526,20.01557130947498,141084.78685844466,0
2023-09-30,199836.48169302382,-2596849.298484325,20.159556086818714,138727.5477760126,6
2023-10-01,314693.52535686456,-2628320.2245663153,20.377351012315877,144425.72776728685,3
2023-10-02,269509.40218562866,-2655272.5123992697,20.566782117503607,142209.01927558845,0
2023-10-03,273984.0730693396,-2682672.2896950683,20.7590632770475,142427.25325826573,1
2023-10-04,287225.39506565547,-2711396.265400419,20.959737464848317,143065.8024937134,6
2023-10-05,431316.2316317279,-2754530.0452525844,21.247264391033557,149941.480383176,5
2023-10-06,364053.43560531596,-2790937.209171312,21.49518507453983,146776.6215473802,1
2023-10-07,488221.5950146704,-2839761.8099028156,21.815072379624205,152554.31414593433,3
2023-10-08,701572.7921701209,-2909922.5971591906,22.247051390021568,162335.9125672344,6
2023-10-09,560315.8027277817,-2965956.9791510683,22.606094854166503,155987.70175154452,5
2023-10-10,421153.45341021055,-3008074.43036465,22.88705089146514,149832.6673906974,0
2023-10-11,296517.2522829757,-3037727.6382533424,23.09232045651187,144387.60698888902,8
2023-10-12,652876.9441328291,-3103018.5972145735,23.5006417827029,159820.97748972295,0
2023-10-13,560398.7442727569,-3159061.273775677,23.85997028813961,155887.03477545045,4
2023-10-14,846842.7197287525,-3243749.780173872,24.364134533863176,167894.02037725574,0
2023-10-15,805962.0356980953,-3324350.0137553606,24.848799520943192,166217.7702376457,2
2023-10-16,872997.9508573352,-3411654.1740491088,25.365386742891243,168917.27961164384,4
2023-10-17,777567.3082644772,-3489414.7929064995,25.8359810211052,165156.57360505543,6
2023-10-18,949062.5620474336,-3584325.7946613305,26.38816736347708,171796.25603645612,12
2023-10-19,866618.8310942524,-3670992.011081577,26.901720570870715,168673.62926552628,11
2023-10-20,737560.4539480042,-3744751.744463046,27.35158592456663,163877.59783922182,7
2023-10-21,1043497.164275392,-3849106.678637294,27.947380917589054,175064.84265341162,15
2023-10-22,1092361.8086611265,-3849106.678637294,27.947380917589054,176813.2943072473,19
2023-10-23,1251230.7116525276,-3849106.678637294,27.947380917589054,182497.8664487253,28
2023-10-24,1432897.8065139446,-3849106.678637294,27.947380917589054,188998.19273679916,37
2023-10-25,1521937.4611328412,-3849106.678637294,27.947380917589054,192184.16765450095,34
2023-10-26,1698700.1886600694,-3849106.678637294,27.947380917589054,198509.00818422588,57
2023-10-27,1943140.1118404781,-3849106.678637294,27.947380917589054,207255.44220254087,60
2023-10-28,2162111.3041901793,-3849106.678637294,27.947380917589054,215090.5661089778,70
2023-10-29,2321134.5253235353,-3849106.678637294,27.947380917589054,220780.6599894127,64
2023-10-30,2781247.63303758,-3849106.678637294,27.947380917589054,237244.2101543037,60
2023-10-31,2906849.810764376,-3849106.678637294,27.947380917589054,241738.4480257225,68
2023-11-01,2438781.3588131415,-3849106.678637294,27.947380917589054,224990.2434862177,65
2023-11-02,2770956.9210167546,-3849106.678637294,27.947380917589054,236875.99275135025,60
2023-11-03,2798715.7414860707,-3849106.678637294,27.947380917589054,237869.24577034227,72
2023-11-04,2553376.3371176124,-3849106.678637294,27.947380917589054,229090.6269404808,71
2023-11-05,2719826.208049707,-3849106.678637294,27.947380917589054,235046.45770054095,61
2023-11-06,2904587.8550303625,-3849106.678637294,27.947380917589054,241657.51179271075,61
2023-11-07,2963366.481933033,-3849106.678637294,27.947380917589054,243760.7008921114,63
2023-11-08,2939696.913625323,-3849106.678637294,27.947380917589054,242913.7675648881,68
2023-11-09,2961088.830102276,-3849106.678637294,27.947380917589054,243679.2030287705,62
2023-11-10,3151608.4694177285,-3849106.678637294,27.947380917589054,250496.286886369,61
2023-11-11,3706364.3674503854,-3849106.678637294,27.947380917589054,270346.3007273266,62
2023-11-12,3331520.399215159,-3849106.678637294,27.947380917589054,256933.81068611087,69
2023-11-13,2991104.946604508,-3849106.678637294,27.947380917589054,244753.2255495478,72
2023-11-14,3625051.2463752227,-3849106.678637294,27.947380917589054,267436.7929879453,68
2023-11-15,3407021.889645921,-3849106.678637294,27.947380917589054,259635.36939937275,67
2023-11-16,3206614.9348203056,-3849106.678637294,27.947380917589054,252464.5022824657,62
2023-11-17,3362518.9317120425,-3849106.678637294,27.947380917589054,258042.98555256048,67
2023-11-18,3429428.087489589,-3849106.678637294,27.947380917589054,260437.0974006384,74
2023-11-19,3514552.7714880845,-3849106.678637294,27.947380917589054,263482.98868646263,71
2023-11-20,3566757.338222279,-3849106.678637294,27.947380917589054,265350.9478661845,71
2023-11-21,4034870.4320406234,-3849106.678637294,27.947380917589054,282100.7497599187,63
2023-11-22,4200689.533793724,-3849106.678637294,27.947380917589054,288034.0106347773,66
2023-11-23,4429200.6495517455,-3849106.678637294,27.947380917589054,296210.4875802146,65
2023-11-24,4065875.275575389,-3849106.678637294,27.947380917589054,283210.15044494864,70
2023-11-25,4069421.6046007024,-3849106.678637294,27.947380917589054,283337.043517175,69
2023-11-26,3751988.602657642,-3849106.678637294,27.947380917589054,271978.80558857974,69
2023-11-27,3902467.9928387133,-3849106.678637294,27.947380917589054,277363.188140376,67
2023-11-28,4120774.9431584347,-3849106.678637294,27.947380917589054,285174.544451848,64
2023-11-29,4500678.69635312,-3849106.678637294,27.947380917589054,298768.08133156283,65
2023-11-30,4599682.451148093,-3849106.678637294,27.947380917589054,302310.5869812663,62
2023-12-01,4487083.284187844,-3849106.678637294,27.947380917589054,298281.61670701124,70
2023-12-02,2337048.1090231705,-3849106.678637294,27.947380917589054,221350.07233422456,45
2023-12-03,1921356.5764759416,-3849106.678637294,27.947380917589054,206475.9940163666,25
2023-12-04,1823559.1822898043,-3849106.678637294,27.947380917589054,202976.65379287585,20
2023-12-05,1528570.1959936796,-3849106.678637294,27.947380917589054,192421.4970443424,22
2023-12-06,1666515.503619696,-3849106.678637294,27.947380917589054,197357.39096702475,21
2023-12-07,1650425.3806554712,-3849106.678637294,27.947380917589054,196781.66177752856,16
2023-12-08,1561211.776732089,-3849106.678637294,27.947380917589054,193589.4626878731,19
2023-12-09,1869135.6834961586,-4036029.5931326346,28.8604776736662,204610.7948524003,15
2023-12-10,1917738.8141863365,-4227813.063724798,29.789654895726247,206298.18973810275,12
2023-12-11,1918820.423963816,-4419704.700703029,30.719178069300533,206337.7187490997,9
2023-12-12,2730637.201717018,-4419704.700703029,30.719178069300533,232764.75321993724,18
2023-12-13,3440092.136492706,-4419704.700703029,30.719178069300533,255859.6072936759,21
2023-12-14,3272975.6090884665,-4419704.700703029,30.719178069300533,250419.4706133508,23
2023-12-15,3265353.7705411697,-4419704.700703029,30.719178069300533,250171.3572513949,29
2023-12-16,3638348.624904004,-4419704.700703029,30.719178069300533,262313.44170174643,36
2023-12-17,3746898.0488535045,-4419704.700703029,30.719178069300533,265847.0461394895,36
2023-12-18,3642141.545927452,-4419704.700703029,30.719178069300533,262436.912486508,33
2023-12-19,3526987.7673943946,-4419704.700703029,30.719178069300533,258688.31679578748,32
2023-12-20,3816502.3535886984,-4419704.700703029,30.719178069300533,268112.8718910175,29
2023-12-21,4147569.244008284,-4419704.700703029,30.719178069300533,278890.0772469915,28
2023-12-22,4316208.565734403,-4419704.700703029,30.719178069300533,284379.7853812938,25
2023-12-23,4466157.7358338125,-4419704.700703029,30.719178069300533,289261.0738637243,25
2023-12-24,4478499.989189073,-4419704.700703029,30.719178069300533,289662.85067322804,27
2023-12-25,4109535.7213907707,-4419704.700703029,30.719178069300533,277651.97372313705,31
2023-12-26,3811505.0831329552,-4419704.700703029,30.719178069300533,267950.1959742182,33
2023-12-27,3808328.746854416,-4419704.700703029,30.719178069300533,267846.79684448324,27
2023-12-28,4130414.477517817,-4419704.700703029,30.719178069300533,278331.6389173016,30
2023-12-29,4182626.349564057,-4419704.700703029,30.719178069300533,280031.28960224026,20
2023-12-30,3720334.78041023,-4419704.700703029,30.719178069300533,264982.33327564434,22
2023-12-31,3481219.19726876,-4419704.700703029,30.719178069300533,257198.41462384837,17
2024-01-01,3211575.740261906,-4419704.700703029,30.719178069300533,248420.723489061,40
2024-01-02,2940459.3763993084,-4419704.700703029,30.719178069300533,239595.084884702,48
2024-01-03,2572931.90273415,-4419704.700703029,30.719178069300533,227630.979828374,48
2024-01-04,3147268.8678185195,-4419704.700703029,30.719178069300533,246327.34480886604,58
2024-01-05,2755046.389859534,-4419704.700703029,30.719178069300533,233559.3444061809,58
2024-01-06,2874050.6065352894,-4419704.700703029,30.719178069300533,237433.2832338178,60
2024-01-07,2925871.972104132,-4419704.700703029,30.719178069300533,239120.2217792417,55
2024-01-08,2546466.6259274324,-4419704.700703029,30.719178069300533,226769.456881796,51
2024-01-09,2363199.63108855,-4419704.700703029,30.719178069300533,220803.5747730546,42
2024-01-10,2375791.290957257,-4419704.700703029,30.719178069300533,221213.4705013941,45
2024-01-11,2491445.0866745673,-4419704.700703029,30.719178069300533,224978.3432286657,40
2024-01-12,2577949.713664408,-4419704.700703029,30.719178069300533,227794.32439830157,36
2024-01-13,2696481.3470386947,-4419704.700703029,30.719178069300533,231652.8792433201,35
2024-01-14,2511884.8341855034,-4419704.700703029,30.719178069300533,225643.7173954102,28
2024-01-15,2701540.120333383,-4419704.700703029,30.719178069300533,231817.5572592252,27
2024-01-16,3050747.7522966648,-4419704.700703029,30.719178069300533,243185.29734574351,28
2024-01-17,3065735.2340860106,-4419704.700703029,30.719178069300533,243673.18415559028,30
2024-01-18,3125706.501335757,-4419704.700703029,30.719178069300533,245625.42607802892,38
2024-01-19,3540863.934096707,-4419704.700703029,30.719178069300533,259140.02701638677,30
2024-01-20,3460051.9371548155,-4419704.700703029,30.719178069300533,256509.3577725813,32
2024-01-21,3662625.4303928055,-4419704.700703029,30.719178069300533,263103.72344151285,30
2024-01-22,4252149.241280789,-4419704.700703029,30.719178069300533,282294.4651194983,34
2024-01-23,3765956.2930437364,-4419704.700703029,30.719178069300533,266467.44829176186,32
2024-01-24,3822592.853298491,-4419704.700703029,30.719178069300533,268311.1356497695,38
2024-01-25,3763212.945492197,-4419704.700703029,30.719178069300533,266378.1442242718,46
2024-01-26,3798591.8589951666,-4419704.700703029,30.719178069300533,267529.8323789209,45
2024-01-27,3835871.395557236,-4419704.700703029,30.719178069300533,268743.3914291653,43
2024-01-28,3918325.043518896,-4419704.700703029,30.719178069300533,271427.5012636033,39
2024-01-29,3667729.7480524248,-4419704.700703029,30.719178069300533,263269.88406104845,34
2024-01-30,4034177.7647541948,-4419704.700703029,30.719178069300533,275198.8496041722,47
2024-01-31,3570192.755401412,-4419704.700703029,30.719178069300533,260094.7667961602,49
2024-02-01,3762824.0575859277,-4419704.700703029,30.719178069300533,266365.484774029,48
2024-02-02,3347148.193202816,-4419704.700703029,30.719178069300533,252834.0073547643,45
2024-02-03,4317815.468261521,-4419704.700703029,30.719178069300533,284432.09480583284,44
2024-02-04,4060796.935609879,-4419704.700703029,30.719178069300533,276065.38225669414,51
2024-02-05,3621547.3838461004,-4419704.700703029,30.719178069300533,261766.51166930867,47
2024-02-06,3155989.296396926,-4419704.700703029,30.719178069300533,246611.22052190543,41
2024-02-07,3437463.4454806894,-4419704.700703029,30.719178069300533,255774.03563527777,46
2024-02-08,3798353.6221180707,-4419704.700703029,30.719178069300533,267522.0770647469,58
2024-02-09,3484043.6435178863,-4419704.700703029,30.719178069300533,257290.35869353524,53
2024-02-10,3672692.1561590955,-4419704.700703029,30.719178069300533,263431.42510539136,47
2024-02-11,3651117.7070963793,-4419704.700703029,30.719178069300533,262729.11305088113,49
2024-02-12,3930109.6115077026,-4419704.700703029,30.719178069300533,271811.12376685586,48
2024-02-13,3761553.5779147847,-4419704.700703029,30.719178069300533,266324.1269073479,54
2024-02-14,3466890.1330506178,-4419704.700703029,30.719178069300533,256731.9612511111,49
2024-02-15,4254492.673254445,-4419704.700703029,30.719178069300533,282370.7507534554,53
2024-02-16,3758983.566751397,-4419704.700703029,30.719178069300533,266240.4654513809,44
2024-02-17,3948925.982282457,-4419704.700703029,30.719178069300533,272423.6522248864,41
2024-02-18,3706530.3233699873,-4419704.700703029,30.719178069300533,264532.9574163977,42
2024-02-19,3517925.667029883,-4419704.700703029,30.719178069300533,258393.31865670744,38
2024-02-20,3263991.98154578,-4419704.700703029,30.719178069300533,250127.02699645387,35
2024-02-21,3008416.3280872125,-4419704.700703029,30.719178069300533,241807.2844277561,29
2024-02-22,2827194.453225447,-4419704.700703029,30.719178069300533,235907.9770161795,30
2024-02-23,2545337.010111356,-4674251.129035581,31.841268193494805,226736.82766887735,15
2024-02-24,2394272.9375867043,-4674251.129035581,31.841268193494805,221992.54199512035,19
2024-02-25,1948731.513787848,-4674251.129035581,31.841268193494805,207999.9641527001,19
2024-02-26,1702003.326349399,-4674251.129035581,31.841268193494805,200251.2719228832,17
2024-02-27,1595014.4978879895,-4833760.554295643,32.65099274827383,196893.70861544492,9
2024-02-28,1238650.3127869535,-4957631.779135581,33.31670115670713,185981.2609531161,10
2024-02-29,1219052.8090709662,-5079543.155611502,33.97394922146105,185394.8719245068,8
2024-03-01,1445760.1493586572,-5224126.399709573,34.72633622029209,192069.9755585137,8
2024-03-02,1828143.1617893064,-5406949.857061371,35.62612204784966,203083.934005873,13
2024-03-03,1779105.3540619304,-5406949.857061371,35.62612204784966,201707.47749282583,21
2024-03-04,1581982.993656328,-5565156.066737488,36.43216668405901,196176.61289195475,7
2024-03-05,2126905.266862083,-5565156.066737488,36.43216668405901,211133.78735625,26
2024-03-06,2558729.991773436,-5565156.066737488,36.43216668405901,222986.6296166665,24
2024-03-07,1993398.8259847593,-5565156.066737488,36.43216668405901,207469.26632912864,19
2024-03-08,2274796.363053154,-5565156.066737488,36.43216668405901,215193.14230687887,21
2024-03-09,2470778.581391369,-5565156.066737488,36.43216668405901,220572.5154316721,23
2024-03-10,2752342.533117407,-5565156.066737488,36.43216668405901,228300.95920411556,22
2024-03-11,2686244.897191122,-5565156.066737488,36.43216668405901,226486.69335219724,17
2024-03-12,2368141.7092107413,-5565156.066737488,36.43216668405901,217755.31070512653,22
2024-03-13,1299197.1687815078,-5695082.279926298,37.12139140375089,188416.41393865092,10
2024-03-14,1072407.60122992,-5802328.402355412,37.70936467974126,182308.45472924848,4
2024-03-15,2663256.8079033494,-6068667.400095634,38.89514150418993,224499.09860999856,10
2024-03-16,3042473.2204067726,-6372929.935263069,40.193356534135404,234252.72153306057,9
2024-03-17,2600667.1570336716,-6633009.654952421,41.3576720976075,223263.9397641593,14
2024-03-18,3692912.4229906863,-6633009.654952421,41.3576720976075,249673.67731851747,18
2024-03-19,3926445.535247936,-6633009.654952421,41.3576720976075,255320.3469788913,20
2024-03-20,4692824.777547735,-6633009.654952421,41.3576720976075,273850.8687280623,24
2024-03-21,4625973.487877016,-6633009.654952421,41.3576720976075,272234.4506300382,32
2024-03-22,5365575.988984569,-6633009.654952421,41.3576720976075,290117.52923663944,43
2024-03-23,5136047.956218491,-6633009.654952421,41.3576720976075,284567.69963732414,48
2024-03-24,4362396.719905778,-6633009.654952421,41.3576720976075,265861.3460861177,44
2024-03-25,4163957.3114211773,-6633009.654952421,41.3576720976075,261063.21798992628,48
2024-03-26,4396783.927936313,-6633009.654952421,41.3576720976075,266692.8050703027,50
2024-03-27,4236535.50170398,-6633009.654952421,41.3576720976075,262818.10859671654,56
2024-03-28,4209678.893420923,-6633009.654952421,41.3576720976075,262168.73432295,55
2024-03-29,4210287.193981779,-6633009.654952421,41.3576720976075,262183.4426111588,58
2024-03-30,4949669.600284175,-6633009.654952421,41.3576720976075,280061.1994771012,57
2024-03-31,3974336.435443037,-6633009.654952421,41.3576720976075,256478.31593038532,52
2024-04-01,5294013.483996737,-6633009.654952421,41.3576720976075,288387.1972000843,59
2024-04-02,5752769.248589442,-6633009.654952421,41.3576720976075,299479.5953290216,60
2024-04-03,5955319.6780469725,-6633009.654952421,41.3576720976075,304377.1250782661,56
2024-04-04,6343343.97283302,-6633009.654952421,41.3576720976075,313759.2850284267,55
2024-04-05,5942854.510848382,-6633009.654952421,41.3576720976075,304075.7259286918,53
2024-04-06,5895032.895242798,-6633009.654952421,41.3576720976075,302919.4322308086,53
2024-04-07,6162185.195202631,-6633009.654952421,41.3576720976075,309378.9906732986,52
2024-04-08,5610608.812639418,-6633009.654952421,41.3576720976075,296042.2539908894,62
2024-04-09,5941702.010847085,-6633009.654952421,41.3576720976075,304047.8592731756,64
2024-04-10,6607555.475733644,-6633009.654952421,41.3576720976075,320147.73702536366,63
2024-04-11,7047772.194384639,-6633009.654952421,41.3576720976075,330791.8738039533,58
2024-04-12,6789465.363008547,-6633009.654952421,41.3576720976075,324546.19269389304,53
2024-04-13,6864372.371660487,-6633009.654952421,41.3576720976075,326357.3925233988,57
2024-04-14,6038707.055508132,-6633009.654952421,41.3576720976075,306393.3743793476,70
2024-04-15,5443383.091836085,-6633009.654952421,41.3576720976075,291998.85134461214,63
2024-04-16,4655102.659310193,-6633009.654952421,41.3576720976075,272938.7739141058,60
2024-04-17,4404899.444807214,-6633009.654952421,41.3576720976075,266889.0326735331,48
2024-04-18,4181981.4966043485,-6633009.654952421,41.3576720976075,261499.0303620693,37
2024-04-19,4033713.7736732913,-6633009.654952421,41.3576720976075,257914.019035002,28
2024-04-20,4221965.70925595,-6633009.654952421,41.3576720976075,262465.8210595059,32
2024-04-21,4375280.909185114,-6633009.654952421,41.3576720976075,266172.87690073723,30
2024-04-22,3848026.411060813,-6633009.654952421,41.3576720976075,253424.22661694133,27
2024-04-23,4225105.732925366,-6633009.654952421,41.3576720976075,262541.74466715014,31
2024-04-24,3711615.2677276703,-6633009.654952421,41.3576720976075,250125.8992108146,26
2024-04-25,3991079.5308197243,-6633009.654952421,41.3576720976075,256883.15243417048,32
2024-04-26,3975049.142370303,-6633009.654952421,41.3576720976075,256495.54869255784,27
2024-04-27,4823904.463628148,-6633009.654952421,41.3576720976075,277020.2851732397,32
2024-04-28,4704534.98859417,-6633009.654952421,41.3576720976075,274134.01355833217,41
2024-04-29,5865853.140056717,-6633009.654952421,41.3576720976075,302213.88586646743,42
2024-04-30,6998889.683175634,-6633009.654952421,41.3576720976075,329609.9283817439,54
2024-05-01,6092653.468923067,-6633009.654952421,41.3576720976075,307697.76146592293,48
2024-05-02,6085012.960364941,-6633009.654952421,41.3576720976075,307513.01923623227,38
2024-05-03,4503526.882006974,-6633009.654952421,41.3576720976075,269273.7761128396,30
2024-05-04,3992211.535993037,-6633009.654952421,41.3576720976075,256910.5235388748,19
2024-05-05,4129038.354660022,-7045934.136642507,42.94368333361727,260223.89380266576,15
2024-05-06,4456796.879712603,-7045934.136642507,42.94368333361727,267856.18101255223,18
2024-05-07,4647818.0046946695,-7045934.136642507,42.94368333361727,272304.3584895068,22
2024-05-08,5801228.155766361,-7045934.136642507,42.94368333361727,299163.0269020688,31
2024-05-09,5639277.940616655,-7045934.136642507,42.94368333361727,295391.8036958161,29
2024-05-10,6383811.449107231,-7045934.136642507,42.94368333361727,312729.24312099314,27
2024-05-11,6410996.745541447,-7045934.136642507,42.94368333361727,313362.28841016925,27
2024-05-12,5896658.327553346,-7045934.136642507,42.94368333361727,301385.24363754573,27
2024-05-13,5130739.687615058,-7045934.136642507,42.94368333361727,283549.8233735669,19
2024-05-14,4583589.100999557,-7045934.136642507,42.94368333361727,270808.7042114111,17
2024-05-15,5316896.596743415,-7045934.136642507,42.94368333361727,287884.7312034835,27
2024-05-16,5862888.3146819575,-7045934.136642507,42.94368333361727,300598.8645882909,41
2024-05-17,5443345.865436981,-7045934.136642507,42.94368333361727,290829.2683013197,43
2024-05-18,6142816.6393449,-7045934.136642507,42.94368333361727,307117.3628383888,50
2024-05-19,6429147.835444377,-7045934.136642507,42.94368333361727,313784.9603491811,55
2024-05-20,5499907.097729499,-7045934.136642507,42.94368333361727,292146.3707923452,43
2024-05-21,5318625.157660668,-7045934.136642507,42.94368333361727,287924.98301197006,35
2024-05-22,5361154.641225339,-7045934.136642507,42.94368333361727,288915.3378270024,50
2024-05-23,5731423.4261492,-7045934.136642507,42.94368333361727,297537.5322030029,46
2024-05-24,6183053.479461043,-7045934.136642507,42.94368333361727,308054.3304432297,50
2024-05-25,5869110.00406984,-7045934.136642507,42.94368333361727,300743.7447873076,49
2024-05-26,4877234.943557029,-7045934.136642507,42.94368333361727,277646.63286034,46
2024-05-27,5299406.501698424,-7045934.136642507,42.94368333361727,287477.45139683265,42
2024-05-28,5213469.760565198,-7045934.136642507,42.94368333361727,285476.30164762255,39
2024-05-29,8158300.923812169,-7045934.136642507,42.94368333361727,354050.55831697746,42
2024-05-30,9599155.852269784,-7045934.136642507,42.94368333361727,387602.7554413839,39
2024-05-31,8799751.609810494,-7045934.136642507,42.94368333361727,368987.5789962489,45
2024-06-01,7881026.923012343,-7045934.136642507,42.94368333361727,347593.8694799776,37
2024-06-02,10902124.210123599,-7045934.136642507,42.94368333361727,417944.0828895077,54
2024-06-03,11042634.438849565,-7045934.136642507,42.94368333361727,421216.04788688297,59
2024-06-04,10913907.545622163,-7045934.136642507,42.94368333361727,418218.47331398574,58
2024-06-05,11286221.372700274,-7045934.136642507,42.94368333361727,426888.2891792368,56
2024-06-06,12028510.389546566,-7045934.136642507,42.94368333361727,444173.4626721498,61
2024-06-07,16887161.050890554,-7045934.136642507,42.94368333361727,557313.51690547,61
2024-06-08,17336746.329132862,-7045934.136642507,42.94368333361727,567782.6998758643,56
2024-06-09,17269267.0873403,-7045934.136642507,42.94368333361727,566211.3572113719,63
2024-06-10,15944320.386521596,-7045934.136642507,42.94368333361727,535358.2352160934,60
2024-06-11,15117596.946495645,-7045934.136642507,42.94368333361727,516106.8954182616,59
2024-06-12,13822478.448413476,-7045934.136642507,42.94368333361727,485948.3622523764,59
2024-06-13,13992967.912704095,-7045934.136642507,42.94368333361727,489918.4330766728,49
2024-06-14,13594156.654237464,-7045934.136642507,42.94368333361727,480631.58976217697,47
2024-06-15,13692189.07542288,-7045934.136642507,42.94368333361727,482914.4032885303,50
2024-06-16,14338421.310017262,-7045934.136642507,42.94368333361727,497962.7685993022,55
2024-06-17,14739128.61019653,-7045934.136642507,42.94368333361727,507293.7637323068,58
2024-06-18,14009125.951683141,-7045934.136642507,42.94368333361727,490294.6942104354,57
2024-06-19,14050604.112835754,-7045934.136642507,42.94368333361727,491260.5676039768,56
2024-06-20,15438529.534142748,-7045934.136642507,42.94368333361727,523580.2317213884,52
2024-06-21,15467298.749477617,-7045934.136642507,42.94368333361727,524250.1606399529,52
2024-06-22,16826756.548703123,-7045934.136642507,42.94368333361727,555906.9188333353,63
2024-06-23,17564785.26728248,-7045934.136642507,42.94368333361727,573092.8856924382,49
2024-06-24,18218513.14090739,-7045934.136642507,42.94368333361727,588315.7967908245,58
2024-06-25,19387819.429133855,-7045934.136642507,42.94368333361727,615544.6276096078,62
2024-06-26,14633357.575234331,-7045934.136642507,42.94368333361727,504830.7464326379,54
2024-06-27,15261732.426739872,-7045934.136642507,42.94368333361727,519463.279152849,57
2024-06-28,16924062.32387624,-7045934.136642507,42.94368333361727,558172.8114540771,56
2024-06-29,17793107.731465366,-7045934.136642507,42.94368333361727,578409.6737846266,62
2024-06-30,16749886.278969437,-7045934.136642507,42.94368333361727,554116.8937640719,48
2024-07-01,15372665.692450706,-7045934.136642507,42.94368333361727,522046.5057673205,55
2024-07-02,13619605.178598572,-7045934.136642507,42.94368333361727,481224.192035331,47
2024-07-03,14767219.66939811,-7045934.136642507,42.94368333361727,507947.9008957016,48
2024-07-04,15032850.925760407,-7045934.136642507,42.94368333361727,514133.4731555072,46
2024-07-05,15181729.313086499,-7045934.136642507,42.94368333361727,517600.3017032471,39
2024-07-06,14252883.868669692,-7045934.136642507,42.94368333361727,495970.9170694031,43
2024-07-07,12959928.299825683,-7045934.136642507,42.94368333361727,465862.7505481617,31
2024-07-08,13353840.86020514,-7045934.136642507,42.94368333361727,475035.5212515795,19
2024-07-09,15863005.275862917,-7045934.136642507,42.94368333361727,533464.7061951436,24
2024-07-10,17074585.04506926,-7045934.136642507,42.94368333361727,561677.9304729478,34
2024-07-11,16301613.082906298,-7045934.136642507,42.94368333361727,543678.2643484107,32
2024-07-12,17039825.54905032,-7045934.136642507,42.94368333361727,560868.5100105971,47
2024-07-13,16235708.4099385,-7045934.136642507,42.94368333361727,542143.5875845242,40
2024-07-14,16793308.339688804,-7045934.136642507,42.94368333361727,555128.0334090351,49
2024-07-15,16799215.56349296,-7045934.136642507,42.94368333361727,555265.5908644183,50
2024-07-16,11565815.190018505,-7045934.136642507,42.94368333361727,433398.9979870059,25
2024-07-17,10779178.528445411,-7045934.136642507,42.94368333361727,415081.1314113344,17
2024-07-18,10338719.249693502,-8079857.757792915,45.49633524584154,404836.4974444818,13
2024-07-19,9235130.214752272,-9003416.957228113,47.9217732378408,380589.9894701424,7
2024-07-20,9512436.730156237,-9954708.194805617,50.382561678648834,386386.56464368815,0
2024-07-21,8914960.289967816,-10846248.8008327,52.761754507876965,374536.6179559155,2
2024-07-22,8337152.943384707,-11680005.78302028,55.053711434573295,363593.2656455632,1
2024-07-23,9047425.96867719,-12584793.619279813,57.45564605235491,376502.9387755074,0
2024-07-24,10195098.350734564,-13604354.432393925,60.025848109632065,396486.73917377775,0
2024-07-25,9589455.033955567,-14563347.885462135,62.50644207161647,386405.0187298253,0
2024-07-26,9217547.917909,-15485148.767297126,64.92807364178006,380462.4917950805,6
2024-07-27,8905315.948103933,-16375724.8909137,67.2975826282637,375660.4598810668,7
2024-07-28,9591371.14794844,-17334909.964962248,69.78216425706147,385861.9376395443,6
2024-07-29,8619956.62590715,-18196948.72949119,72.09864138245702,371947.4436854424,5
2024-07-30,10765433.934589718,-19273545.952811327,74.77732101628551,401712.4373960783,1
2024-07-31,11207727.81905998,-20394374.776158493,77.52553721375666,407634.7450270977,10
2024-08-01,10685046.953455195,-21462932.899410173,80.18960540789516,400899.58903451846,11
2024-08-02,11808905.77629948,-22643882.524521377,83.0343792016523,414921.9712614565,13
2024-08-03,12220707.510662425,-22643882.524521377,83.0343792016523,419881.3837159396,18
2024-08-04,11861861.118635695,-22643882.524521377,83.0343792016523,415559.723272676,20
2024-08-05,13223572.615694348,-22643882.524521377,83.0343792016523,431959.0931499612,20
2024-08-06,15251419.013374168,-22643882.524521377,83.0343792016523,456380.8617857586,31
2024-08-07,15006391.462085728,-22643882.524521377,83.0343792016523,453429.94490477146,24
2024-08-08,15706498.265805412,-22643882.524521377,83.0343792016523,461861.47423576633,20
2024-08-09,15600550.026645925,-22643882.524521377,83.0343792016523,460585.5179369641,16
2024-08-10,16739685.868968088,-24317934.814032663,86.56202902101725,474314.44418928726,12
2024-08-11,17386969.109561246,-24317934.814032663,86.56202902101725,481792.12519923673,21
2024-08-12,16782659.874011833,-24317934.814032663,86.56202902101725,474810.8974902295,19
2024-08-13,17702012.222069304,-24317934.814032663,86.56202902101725,485431.63222178543,20
2024-08-14,20498376.28498568,-24317934.814032663,86.56202902101725,517736.3747808747,25
2024-08-15,22131351.38869432,-24317934.814032663,86.56202902101725,536601.1717614556,46
2024-08-16,22210805.697512176,-24317934.814032663,86.56202902101725,537519.0604675829,56
2024-08-17,26668795.91507769,-24317934.814032663,86.56202902101725,589019.5886782041,71
2024-08-18,29440497.095279854,-24317934.814032663,86.56202902101725,621039.4155185523,70
2024-08-19,26876067.579862583,-24317934.814032663,86.56202902101725,591414.0758122172,66
2024-08-20,23899722.66902839,-24317934.814032663,86.56202902101725,557030.1208091346,68
2024-08-21,25576580.079384197,-24317934.814032663,86.56202902101725,576401.8641626628,72
2024-08-22,27282590.52904017,-24317934.814032663,86.56202902101725,596110.3953622001,70
2024-08-23,26383359.920858014,-24317934.814032663,86.56202902101725,585722.1152080481,70
2024-08-24,26103521.841786984,-24317934.814032663,86.56202902101725,582489.3111456216,66
2024-08-25,26563114.362289038,-24317934.814032663,86.56202902101725,587798.7121116094,67
2024-08-26,27395980.898364123,-24317934.814032663,86.56202902101725,597420.3273336008,69
2024-08-27,24593333.177757237,-24317934.814032663,86.56202902101725,565042.9933881777,67
2024-08-28,16304040.178937677,-24317934.814032663,86.56202902101725,469281.6868133639,66
2024-08-29,18423430.297813263,-24317934.814032663,86.56202902101725,493765.7492001294,65
2024-08-30,19684766.54889408,-24317934.814032663,86.56202902101725,508337.221996528,64
2024-08-31,17953727.856918495,-24317934.814032663,86.56202902101725,488339.5542945002,62
2024-09-01,21914563.909190606,-24317934.814032663,86.56202902101725,534096.7540397883,60
2024-09-02,21914391.10254548,-24317934.814032663,86.56202902101725,534094.7577066723,63
2024-09-03,20451676.378269468,-24317934.814032663,86.56202902101725,517196.87833833095,64
2024-09-04,20199414.11459424,-24317934.814032663,86.56202902101725,514282.6413856137,60
2024-09-05,21489367.156746585,-24317934.814032663,86.56202902101725,529184.7070689301,52
2024-09-06,20392070.080768865,-24317934.814032663,86.56202902101725,516508.2819852333,46
2024-09-07,20679025.60475764,-24317934.814032663,86.56202902101725,519823.309685417,46
2024-09-08,18173188.228538807,-24317934.814032663,86.56202902101725,490874.8503602501,41
2024-09-09,15562830.878852371,-24317934.814032663,86.56202902101725,460718.9335083861,36
2024-09-10,16543114.581184845,-24317934.814032663,86.56202902101725,472043.57219141023,34
2024-09-11,16483019.828579467,-24317934.814032663,86.56202902101725,471349.3330049561,29
2024-09-12,18639123.082692724,-24317934.814032663,86.56202902101725,496257.5205613008,37
2024-09-13,17552817.344387885,-24317934.814032663,86.56202902101725,483708.071910541,20
2024-09-14,19464449.48215149,-24317934.814032663,86.56202902101725,505792.0290379722,28
2024-09-15,17921756.333426375,-24317934.814032663,86.56202902101725,487970.2061651448,26
2024-09-16,17101161.733734664,-24317934.814032663,86.56202902101725,478490.3613767045,22
2024-09-17,16563674.09027261,-25974385.045571502,90.06754410844076,472290.652053625,13
2024-09-18,18075128.957924757,-27781988.321527775,93.76160633762791,489082.0355010214,12
2024-09-19,16920716.823446687,-27781988.321527775,93.76160633762791,476769.8303290972,20
2024-09-20,17915859.46732558,-27781988.321527775,93.76160633762791,487383.37123085465,17
2024-09-21,18986648.282102797,-29680748.087726366,97.56625302421392,498813.8302057262,9
2024-09-22,21831368.420728084,-29680748.087726366,97.56625302421392,527970.6344330986,22
2024-09-23,19173631.97184735,-29680748.087726366,97.56625302421392,500730.3093565464,20
2024-09-24,23148827.79252265,-29680748.087726366,97.56625302421392,541473.8625571468,25
2024-09-25,24437217.180332076,-29680748.087726366,97.56625302421392,554679.139462571,24
2024-09-26,24586378.54397515,-29680748.087726366,97.56625302421392,556207.9607406214,33
2024-09-27,28942069.341246758,-29680748.087726366,97.56625302421392,600851.376494126,50
2024-09-28,19366295.4816793,-29680748.087726366,97.56625302421392,502705.00351420906,44
2024-09-29,19691221.86042692,-29680748.087726366,97.56625302421392,506035.3187479711,36
2024-09-30,23235555.165623073,-29680748.087726366,97.56625302421392,542362.7700473104,41
2024-10-01,24725634.479705345,-29680748.087726366,97.56625302421392,557635.2568744151,38
2024-10-02,23591649.359864887,-29680748.087726366,97.56625302421392,546012.5381095669,33
2024-10-03,27612024.371031765,-29680748.087726366,97.56625302421392,587219.1529640813,43
2024-10-04,27631365.030935813,-29680748.087726366,97.56625302421392,587417.3840050873,44
2024-10-05,30129069.856758874,-29680748.087726366,97.56625302421392,613017.4736713696,53
2024-10-06,27044592.42528287,-29680748.087726366,97.56625302421392,581403.2901205213,54
2024-10-07,26959142.41493043,-29680748.087726366,97.56625302421392,580527.4748903183,48
2024-10-08,27483319.10920923,-29680748.087726366,97.56625302421392,585899.9953882482,48
2024-10-09,25148797.396938022,-29680748.087726366,97.56625302421392,561972.4421625255,54
2024-10-10,28409726.375492033,-29680748.087726366,97.56625302421392,595395.1562411805,55
2024-10-11,27675780.152654488,-29680748.087726366,97.56625302421392,587872.6143777004,57
2024-10-12,28560711.91696995,-29680748.087726366,97.56625302421392,596942.6743306622,56
2024-10-13,30021289.221514706,-29680748.087726366,97.56625302421392,611912.7819167583,57
2024-10-14,29292066.683941614,-29680748.087726366,97.56625302421392,604438.6552082937,50
2024-10-15,26336606.00853509,-29680748.087726366,97.56625302421392,574146.8218766084,50
2024-10-16,32236336.46011055,-29680748.087726366,97.56625302421392,634615.7880273457,63
2024-10-17,42224949.47140552,-29680748.087726366,97.56625302421392,736993.5334227337,59
2024-10-18,47263408.636419594,-29680748.087726366,97.56625302421392,788634.9463994484,61
2024-10-19,49546136.273021206,-29680748.087726366,97.56625302421392,812031.6390656625,64
2024-10-20,48824511.79199569,-29680748.087726366,97.56625302421392,804635.3882242324,66
2024-10-21,49653690.4273324,-29680748.087726366,97.56625302421392,813134.0095162783,65
2024-10-22,47595862.71253982,-29680748.087726366,97.56625302421392,792042.4163577107,61
2024-10-23,47739735.8758059,-29680748.087726366,97.56625302421392,793517.0365138252,59
2024-10-24,41640587.25788516,-29680748.087726366,97.56625302421392,731004.1447211368,63
2024-10-25,38065494.9848403,-29680748.087726366,97.56625302421392,694361.4310549925,59
2024-10-26,36022830.08689503,-29680748.087726366,97.56625302421392,673425.2483624141,54
2024-10-27,39666920.69588861,-29680748.087726366,97.56625302421392,710775.1567173982,49
2024-10-28,41100636.58360742,-29680748.087726366,97.56625302421392,725469.9496737599,61
2024-10-29,42973128.91743514,-29680748.087726366,97.56625302421392,744661.9579326299,63
2024-10-30,38885094.627288446,-29680748.087726366,97.56625302421392,702761.8729807959,67
2024-10-31,32474197.346625287,-29680748.087726366,97.56625302421392,637053.7302372992,50
2024-11-01,32959441.691498782,-29680748.087726366,97.56625302421392,642027.2157390235,50
2024-11-02,30506822.922463167,-29680748.087726366,97.56625302421392,616889.2331578238,34
2024-11-03,29522444.679681282,-29680748.087726366,97.56625302421392,606799.9019365297,42
2024-11-04,28222603.92084099,-29680748.087726366,97.56625302421392,593477.254827004,34
2024-11-05,25622001.626817103,-29680748.087726366,97.56625302421392,566822.5231609384,28
2024-11-06,25339428.895608913,-29680748.087726366,97.56625302421392,563926.309332392,28
2024-11-07,26362217.45838489,-29680748.087726366,97.56625302421392,574409.3250378546,26
2024-11-08,28475123.30140586,-29680748.087726366,97.56625302421392,596065.4384738865,40
2024-11-09,26290601.281647403,-29680748.087726366,97.56625302421392,573675.2989323351,31
2024-11-10,23850958.849480193,-29680748.087726366,97.56625302421392,548670.3166095873,26
2024-11-11,25471538.659701075,-29680748.087726366,97.56625302421392,565280.361168936,29
2024-11-12,24876256.19204293,-29680748.087726366,97.56625302421392,559179.0459169255,22
2024-11-13,39199640.1958503,-29680748.087726366,97.56625302421392,705985.7906655694,37
2024-11-14,43718059.87234743,-29680748.087726366,97.56625302421392,752297.0872096291,54
2024-11-15,45573861.70193173,-29680748.087726366,97.56625302421392,771318.0270536931,49
2024-11-16,45796038.94895007,-29680748.087726366,97.56625302421392,773595.2206542632,38
2024-11-17,46524403.06976551,-29680748.087726366,97.56625302421392,781060.5490668924,32
2024-11-18,49754773.06294975,-29680748.087726366,97.56625302421392,814170.0504882756,26
2024-11-19,58515620.08839238,-29680748.087726366,97.56625302421392,903963.8752369658,34
2024-11-20,56292613.67927784,-29680748.087726366,97.56625302421392,881179.2920413517,34
2024-11-21,63005718.63539052,-29680748.087726366,97.56625302421392,949984.8959056984,45
2024-11-22,62107309.352186576,-29680748.087726366,97.56625302421392,940776.6988564484,37
