date,equity,cash,btc,price,fng
2020-01-01,10000.0,10000.0,0.0,7200.0,53
2020-01-02,10000.0,10000.0,0.0,7429.072983051326,41
2020-01-03,10000.0,10000.0,0.0,7527.468927332505,57
2020-01-04,10000.0,10000.0,0.0,7500.231945930529,52
2020-01-05,10000.0,10000.0,0.0,7884.44715426609,50
2020-01-06,10000.0,10000.0,0.0,7434.617132550333,51
2020-01-07,10000.0,10000.0,0.0,7545.790033447096,48
2020-01-08,10000.0,10000.0,0.0,7429.512922357403,59
2020-01-09,10000.0,10000.0,0.0,7484.64044855583,52
2020-01-10,10000.0,10000.0,0.0,7702.362030793924,59
2020-01-11,10000.0,10000.0,0.0,7411.69082345723,56
2020-01-12,10000.0,10000.0,0.0,7271.156965132038,47
2020-01-13,10000.0,10000.0,0.0,7329.734605586209,46
2020-01-14,10000.0,10000.0,0.0,7005.545431524403,47
2020-01-15,10000.0,10000.0,0.0,7370.244913858448,40
2020-01-16,10000.0,10000.0,0.0,7116.451558723758,51
2020-01-17,10000.0,10000.0,0.0,6853.539839908678,50
2020-01-18,10000.0,10000.0,0.0,6733.351372933049,44
2020-01-19,10000.0,10000.0,0.0,6409.466897357017,53
2020-01-20,10000.0,10000.0,0.0,6534.033473594601,50
2020-01-21,10000.0,10000.0,0.0,6489.375131151931,54
2020-01-22,10000.0,10000.0,0.0,6301.646105089406,58
2020-01-23,10000.0,10000.0,0.0,6249.128363792572,56
2020-01-24,10000.0,10000.0,0.0,6651.865472139517,54
2020-01-25,10000.0,10000.0,0.0,6687.790486358481,59
2020-01-26,10000.0,10000.0,0.0,6636.801454576043,45
2020-01-27,10000.0,10000.0,0.0,6706.9089901684565,43
2020-01-28,10000.0,10000.0,0.0,6672.748800048576,53
2020-01-29,10000.0,10000.0,0.0,6773.669250893189,46
2020-01-30,10000.0,10000.0,0.0,7166.493714608571,42
2020-01-31,10000.0,10000.0,0.0,7134.571021765791,38
2020-02-01,10000.0,10000.0,0.0,7457.722723479236,44
2020-02-02,10000.0,10000.0,0.0,7242.430606636449,37
2020-02-03,10000.0,10000.0,0.0,7684.883971095765,40
2020-02-04,10000.0,10000.0,0.0,7614.453233814353,38
2020-02-05,10000.0,10000.0,0.0,8026.600171444713,51
2020-02-06,10000.0,10000.0,0.0,8526.239881543672,46
2020-02-07,10000.0,10000.0,0.0,8638.271436456964,49
2020-02-08,10000.0,10000.0,0.0,8115.339480038167,47
2020-02-09,10000.0,10000.0,0.0,8095.852501821953,47
2020-02-10,10000.0,10000.0,0.0,7846.485373395718,40
2020-02-11,10000.0,10000.0,0.0,7420.632841476003,38
2020-02-12,10000.0,10000.0,0.0,7274.658657499429,39
2020-02-13,10000.0,10000.0,0.0,7666.484927293191,50
2020-02-14,10000.0,10000.0,0.0,8063.379713886112,51
2020-02-15,10000.0,10000.0,0.0,7825.811683951987,48
2020-02-16,10000.0,10000.0,0.0,8157.341672789668,52
2020-02-17,10000.0,10000.0,0.0,7708.640326229497,55
2020-02-18,10000.0,10000.0,0.0,8027.728830159063,60
2020-02-19,10000.0,10000.0,0.0,7987.191311149241,60
2020-02-20,10000.0,10000.0,0.0,8404.603435576346,67
2020-02-21,10000.0,10000.0,0.0,8550.42692003779,65
2020-02-22,10000.0,10000.0,0.0,8734.841462517335,71
2020-02-23,10000.0,10000.0,0.0,9128.22207695067,74
2020-02-24,10000.0,10000.0,0.0,8971.859476824267,70
2020-02-25,10000.0,10000.0,0.0,9146.229347460814,66
2020-02-26,10000.0,10000.0,0.0,8858.712677562571,68
2020-02-27,10000.0,10000.0,0.0,8481.067660359147,64
2020-02-28,10000.0,10000.0,0.0,8332.153174981857,60
2020-02-29,10000.0,10000.0,0.0,8778.72536894462,58
2020-03-01,10000.0,10000.0,0.0,9382.723511568443,67
2020-03-02,10000.0,10000.0,0.0,9670.634522949917,72
2020-03-03,10000.0,10000.0,0.0,9422.512152881742,68
2020-03-04,10000.0,10000.0,0.0,9063.549528830952,63
2020-03-05,10000.0,10000.0,0.0,9198.1451981661,61
2020-03-06,10000.0,10000.0,0.0,9120.870459354064,51
2020-03-07,10000.0,10000.0,0.0,9347.532258390687,50
2020-03-08,10000.0,10000.0,0.0,9004.314014235528,43
2020-03-09,10000.0,10000.0,0.0,8844.964594185814,48
2020-03-10,10000.0,10000.0,0.0,8445.647220529672,35
2020-03-11,10000.0,10000.0,0.0,8569.62376800819,46
2020-03-12,10000.0,10000.0,0.0,9686.073694716137,61
2020-03-13,10000.0,10000.0,0.0,9139.817592811729,57
2020-03-14,10000.0,10000.0,0.0,9004.985396649288,57
2020-03-15,10000.0,10000.0,0.0,9258.5693408688,57
2020-03-16,10000.0,10000.0,0.0,9293.34307215763,56
2020-03-17,10000.0,10000.0,0.0,8267.506612092891,52
2020-03-18,10000.0,10000.0,0.0,7829.182682760458,42
2020-03-19,10000.0,10000.0,0.0,7876.8470457661,34
2020-03-20,10000.0,10000.0,0.0,7715.884733145553,33
2020-03-21,10000.0,10000.0,0.0,7598.71300708001,30
2020-03-22,9999.75,9500.0,0.06752606999844257,7400.845332943652,25
2020-03-23,10050.1356733179,9500.0,0.06752606999844257,8147.011566504432,27
2020-03-24,10026.466937178257,8998.66411974408,0.13176602475449348,7800.211164821733,19
2020-03-25,10025.185535171498,8497.392311190291,0.19606225111967157,7792.388464665132,20
2020-03-26,9983.30401333512,7998.214631081532,0.26188348150318996,7580.04808420652,16
2020-03-27,10125.749869732213,7491.914480091147,0.32416662540321717,8124.9431102444605,21
2020-03-28,10249.154425223682,7491.914480091147,0.32416662540321717,8505.625592094562,27
2020-03-29,10285.868612111208,7491.914480091147,0.32416662540321717,8618.882738297872,33
2020-03-30,10311.807953949097,7491.914480091147,0.32416662540321717,8698.901283716064,31
2020-03-31,10194.328180731634,6982.185327825759,0.3852745846607729,8337.281982236405,23
2020-04-01,10157.376426245,6474.30380947555,0.4468646930410903,8242.030919258108,21
2020-04-02,10092.3485880028,5969.673764324281,0.5091560399712554,8097.075356134961,22
2020-04-03,9773.690407429724,5480.97702653435,0.5745297051507648,7471.699622161231,21
2020-04-04,9810.219318249226,4990.453797541164,0.6395903509131908,7535.707056597282,15
2020-04-05,9804.424916514352,4500.220295877905,0.7046875189057697,7527.030745305028,19
2020-04-06,9642.712070541025,4018.0726386594233,0.7707211948905066,7297.891207832519,17
2020-04-07,9622.016810381283,3536.9597703186505,0.8368536478341774,7271.351515060118,19
2020-04-08,9464.524159617838,3063.721731386785,0.9036293312839007,7083.438094175875,18
2020-04-09,9381.434871571582,2594.638260721439,0.9706868103026952,6991.747017489373,16
2020-04-10,9144.109077962767,2137.421376401193,1.0384139628065732,6747.489876411377,14
2020-04-11,9450.659735604895,1664.8765760009383,1.1054753522189975,7042.927862639105,7
2020-04-12,9639.419925520675,1182.8935301487581,1.1722550849883864,7213.896108162923,15
2020-04-13,9942.320090838373,685.7650973960207,1.238749554727795,7472.4991489312015,19
2020-04-14,9852.353710422016,193.13509612488804,1.3052872503350301,7400.071219433026,21
2020-04-15,10152.532257408266,-314.5042077281216,1.3717839383013533,7630.23692936474,18
2020-04-16,10519.884844792474,-314.5042077281216,1.3717839383013533,7898.028800320083,30
2020-04-17,10432.088282353505,-314.5042077281216,1.3717839383013533,7834.027057780594,31
2020-04-18,10285.06384981777,-314.5042077281216,1.3717839383013533,7726.849514414843,36
2020-04-19,11306.02751003967,-314.5042077281216,1.3717839383013533,8471.109329474446,43
2020-04-20,12157.706270141085,-314.5042077281216,1.3717839383013533,9091.964215088596,52
2020-04-21,11947.86931059338,-314.5042077281216,1.3717839383013533,8938.99773568256,60
2020-04-22,11445.092373797812,-314.5042077281216,1.3717839383013533,8572.484524120873,49
2020-04-23,11397.604853352448,-314.5042077281216,1.3717839383013533,8537.867177234477,44
2020-04-24,10906.631571701542,-314.5042077281216,1.3717839383013533,8179.958567910136,39
2020-04-25,11322.861054005316,-314.5042077281216,1.3717839383013533,8483.380608861557,51
2020-04-26,12215.646359127395,-314.5042077281216,1.3717839383013533,9134.201252109204,53
2020-04-27,12649.89223461345,-314.5042077281216,1.3717839383013533,9450.756843235144,52
2020-04-28,12634.016905996446,-314.5042077281216,1.3717839383013533,9439.184081538677,52
2020-04-29,13043.004683275536,-314.5042077281216,1.3717839383013533,9737.327080490486,55
2020-04-30,12823.584900833375,-314.5042077281216,1.3717839383013533,9577.374936194452,51
2020-05-01,12311.761526570539,-314.5042077281216,1.3717839383013533,9204.267072796798,48
2020-05-02,13467.65294927594,-314.5042077281216,1.3717839383013533,10046.886227630112,50
2020-05-03,13349.093455702741,-314.5042077281216,1.3717839383013533,9960.458992069964,64
2020-05-04,13954.236620817603,-314.5042077281216,1.3717839383013533,10401.594908753896,69
2020-05-05,14256.034690897653,-314.5042077281216,1.3717839383013533,10621.598993692927,68
2020-05-06,13859.319164841525,-314.5042077281216,1.3717839383013533,10332.402193103928,64
2020-05-07,14386.959778603285,-314.5042077281216,1.3717839383013533,10717.040472522132,63
2020-05-08,13664.137361459367,-314.5042077281216,1.3717839383013533,10190.11899679836,68
2020-05-09,13139.889872765401,-314.5042077281216,1.3717839383013533,9807.954230134646,61
2020-05-10,13516.673245862072,-314.5042077281216,1.3717839383013533,10082.620934253688,68
2020-05-11,12504.545410494598,-314.5042077281216,1.3717839383013533,9344.802239116634,66
2020-05-12,12753.633894482995,-314.5042077281216,1.3717839383013533,9526.382207385424,61
2020-05-13,13374.271162406723,-314.5042077281216,1.3717839383013533,9978.812980625304,66
2020-05-14,12894.556577296638,-314.5042077281216,1.3717839383013533,9629.111710829053,69
2020-05-15,12041.706599470215,-314.5042077281216,1.3717839383013533,9007.403033526352,60
2020-05-16,12771.186549015987,-314.5042077281216,1.3717839383013533,9539.17770239226,57
2020-05-17,12491.334961299517,-314.5042077281216,1.3717839383013533,9335.172115285734,50
2020-05-18,13847.676401581473,-314.5042077281216,1.3717839383013533,10323.914877474275,58
2020-05-19,15281.331370843058,-314.5042077281216,1.3717839383013533,11369.017483819736,64
2020-05-20,15595.965357548888,-314.5042077281216,1.3717839383013533,11598.378666671486,68
2020-05-21,15938.63688090711,-314.5042077281216,1.3717839383013533,11848.178590544734,62
2020-05-22,16483.549440592444,-314.5042077281216,1.3717839383013533,12245.407734632896,68
2020-05-23,16751.005160621302,-314.5042077281216,1.3717839383013533,12440.377009721538,66
2020-05-24,15961.889149516976,-314.5042077281216,1.3717839383013533,11865.128977526709,61
2020-05-25,15961.645434200986,-314.5042077281216,1.3717839383013533,11864.95131447848,69
2020-05-26,16228.901128809182,-314.5042077281216,1.3717839383013533,12059.77477548148,61
2020-05-27,15842.504393174404,-314.5042077281216,1.3717839383013533,11778.100143751031,65
2020-05-28,15845.091880839978,-314.5042077281216,1.3717839383013533,11779.98636474643,59
2020-05-29,15713.1828127251,-314.5042077281216,1.3717839383013533,11683.827586070089,55
2020-05-30,16509.916486083588,-314.5042077281216,1.3717839383013533,12264.628724728313,60
2020-05-31,16431.085174832835,-314.5042077281216,1.3717839383013533,12207.16245103191,59
2020-06-01,17319.93593210839,-314.5042077281216,1.3717839383013533,12855.11489635373,58
2020-06-02,17532.16049993894,-314.5042077281216,1.3717839383013533,13009.821889127928,65
2020-06-03,18199.80541289552,-314.5042077281216,1.3717839383013533,13496.520190744804,63
2020-06-04,19531.236779808056,-314.5042077281216,1.3717839383013533,14467.104063130144,68
2020-06-05,22379.740280898728,-314.5042077281216,1.3717839383013533,16543.59980094867,62
2020-06-06,20797.039168906074,-314.5042077281216,1.3717839383013533,15389.845869442172,63
2020-06-07,19941.935593950002,-314.5042077281216,1.3717839383013533,14766.494369923284,64
2020-06-08,21591.16971379616,-314.5042077281216,1.3717839383013533,15968.749385307388,63
2020-06-09,21490.403750567242,-314.5042077281216,1.3717839383013533,15895.293237866492,65
2020-06-10,21807.59732347244,-314.5042077281216,1.3717839383013533,16126.520302164949,69
2020-06-11,22715.83257686501,-314.5042077281216,1.3717839383013533,16788.603614291504,65
2020-06-12,22068.408812056707,-314.5042077281216,1.3717839383013533,16316.646080213655,60
2020-06-13,22432.592147129082,-314.5042077281216,1.3717839383013533,16582.127636677524,65
2020-06-14,25956.35833968176,-314.5042077281216,1.3717839383013533,19150.87486732091,71
2020-06-15,26511.10452324568,-314.5042077281216,1.3717839383013533,19555.27250464188,66
2020-06-16,28363.979418445513,-314.5042077281216,1.3717839383013533,20905.97711887887,65
2020-06-17,29592.49025459281,-314.5042077281216,1.3717839383013533,21801.534211979502,62
2020-06-18,30877.277459215486,-314.5042077281216,1.3717839383013533,22738.11552682825,66
2020-06-19,29658.200667112742,-314.5042077281216,1.3717839383013533,21849.435642142987,67
2020-06-20,30942.506798079998,-314.5042077281216,1.3717839383013533,22785.66626498989,69
2020-06-21,31861.3665413703,-314.5042077281216,1.3717839383013533,23455.49459409841,64
2020-06-22,31451.043311334186,-314.5042077281216,1.3717839383013533,23156.37807977021,62
2020-06-23,32257.5387206298,-314.5042077281216,1.3717839383013533,23744.29530694979,69
2020-06-24,33484.45020943703,-314.5042077281216,1.3717839383013533,24638.686511388656,64
2020-06-25,33182.37152227099,-314.5042077281216,1.3717839383013533,24418.477862831285,60
2020-06-26,31992.561444836174,-314.5042077281216,1.3717839383013533,23551.132762619563,66
2020-06-27,33838.54165262839,-314.5042077281216,1.3717839383013533,24896.81130298653,68
2020-06-28,31686.68098454176,-314.5042077281216,1.3717839383013533,23328.15270595468,69
2020-06-29,31763.294214466696,-314.5042077281216,1.3717839383013533,23384.00204766647,58
2020-06-30,33977.603233737485,-314.5042077281216,1.3717839383013533,24998.18410465477,67
2020-07-01,32804.41000697886,-314.5042077281216,1.3717839383013533,24142.95231923865,64
2020-07-02,32818.72978172733,-314.5042077281216,1.3717839383013533,24153.39111674068,64
2020-07-03,33999.281823380705,-314.5042077281216,1.3717839383013533,25013.98731464866,57
2020-07-04,34924.70574731327,-314.5042077281216,1.3717839383013533,25688.600785541534,62
2020-07-05,34323.64614722754,-314.5042077281216,1.3717839383013533,25250.441696997303,66
2020-07-06,35199.53382516393,-314.5042077281216,1.3717839383013533,25888.944345614826,72
2020-07-07,33604.25666617316,-314.5042077281216,1.3717839383013533,24726.022755377984,65
2020-07-08,33676.59365720586,-314.5042077281216,1.3717839383013533,24778.75481398648,59
2020-07-09,34819.79345263723,-314.5042077281216,1.3717839383013533,25612.122054637337,69
2020-07-10,36659.03613846547,-314.5042077281216,1.3717839383013533,26952.889091249333,65
2020-07-11,34488.54617668551,-314.5042077281216,1.3717839383013533,25370.650153193517,65
2020-07-12,35489.89390643968,-314.5042077281216,1.3717839383013533,26100.61039095087,60
2020-07-13,33198.85291822371,-314.5042077281216,1.3717839383013533,24430.492434144267,59
2020-07-14,30258.728507847707,-314.5042077281216,1.3717839383013533,22287.207089940068,49
2020-07-15,28891.0273829175,-314.5042077281216,1.3717839383013533,21290.18337013781,49
2020-07-16,29556.872500932208,-314.5042077281216,1.3717839383013533,21775.5696612466,40
2020-07-17,29713.10174143995,-314.5042077281216,1.3717839383013533,21889.45730502613,42
2020-07-18,28231.981875498554,-314.5042077281216,1.3717839383013533,20809.753844016497,35
2020-07-19,29781.868700680367,-314.5042077281216,1.3717839383013533,21939.586889810136,39
2020-07-20,29517.991589824825,-314.5042077281216,1.3717839383013533,21747.226341266105,26
2020-07-21,31289.32899250632,-314.5042077281216,1.3717839383013533,23038.49193581367,30
2020-07-22,32224.547326769374,-314.5042077281216,1.3717839383013533,23720.24531413439,34
2020-07-23,31386.18291732997,-314.5042077281216,1.3717839383013533,23109.096294211085,28
2020-07-24,32459.596120934442,-314.5042077281216,1.3717839383013533,23891.59066058605,39
2020-07-25,31965.564350717184,-314.5042077281216,1.3717839383013533,23531.45248107871,37
2020-07-26,33169.6315485529,-314.5042077281216,1.3717839383013533,24409.19070516572,29
2020-07-27,35481.58505479264,-314.5042077281216,1.3717839383013533,26094.553422783323,42
2020-07-28,36394.54299751266,-314.5042077281216,1.3717839383013533,26760.079470457065,44
2020-07-29,33594.65440396043,-314.5042077281216,1.3717839383013533,24719.02291965704,47
2020-07-30,33360.09851737582,-314.5042077281216,1.3717839383013533,24548.03689187555,38
2020-07-31,32065.093752042165,-314.5042077281216,1.3717839383013533,23604.00720237704,38
2020-08-01,32451.733391038408,-314.5042077281216,1.3717839383013533,23885.85890525892,41
2020-08-02,31757.247621788396,-314.5042077281216,1.3717839383013533,23379.59421600328,36
2020-08-03,35251.31916091543,-314.5042077281216,1.3717839383013533,25926.694704330665,43
2020-08-04,36371.60604543005,-314.5042077281216,1.3717839383013533,26743.358942214832,41
2020-08-05,36320.56365202247,-314.5042077281216,1.3717839383013533,26706.15017195413,37
2020-08-06,36775.07666545164,-314.5042077281216,1.3717839383013533,27037.480056157307,44
2020-08-07,34289.22277109408,-314.5042077281216,1.3717839383013533,25225.347820933926,40
2020-08-08,32536.080734595136,-314.5042077281216,1.3717839383013533,23947.3462439,34
2020-08-09,33137.05262650928,-1971.3982614049273,1.4396943184095266,24386.04531460509,24
2020-08-10,32310.55263976631,-1971.3982614049273,1.4396943184095266,23811.965125377126,31
2020-08-11,32339.052133500827,-1971.3982614049273,1.4396943184095266,23831.76064264082,33
2020-08-12,32144.483249717017,-1971.3982614049273,1.4396943184095266,23696.614673600143,34
2020-08-13,31257.63558190384,-1971.3982614049273,1.4396943184095266,23080.617474421844,36
2020-08-14,32311.749358296725,-1971.3982614049273,1.4396943184095266,23812.79635636492,46
2020-08-15,34067.223657607596,-1971.3982614049273,1.4396943184095266,25032.134570639595,56
2020-08-16,33352.157899073005,-1971.3982614049273,1.4396943184095266,24535.45569277576,46
2020-08-17,36396.60277545033,-1971.3982614049273,1.4396943184095266,26650.102418436672,69
2020-08-18,38398.39464163712,-1971.3982614049273,1.4396943184095266,28040.530817430583,64
2020-08-19,34508.31510366137,-1971.3982614049273,1.4396943184095266,25338.51311253804,52
2020-08-20,34171.94716452577,-1971.3982614049273,1.4396943184095266,25104.87466940853,50
2020-08-21,33795.87148387091,-1971.3982614049273,1.4396943184095266,24843.65555098461,47
2020-08-22,33411.87026607424,-1971.3982614049273,1.4396943184095266,24576.931418725144,45
2020-08-23,32613.63629613865,-1971.3982614049273,1.4396943184095266,24022.484575580394,38
2020-08-24,30778.25645195821,-1971.3982614049273,1.4396943184095266,22747.644617742648,36
2020-08-25,31977.560081288717,-1971.3982614049273,1.4396943184095266,23580.67119428385,33
2020-08-26,31503.68260800667,-1971.3982614049273,1.4396943184095266,23251.519743713736,27
2020-08-27,30324.654428773887,-3487.6688896093265,1.5072512898170747,22433.102925051597,18
2020-08-28,33009.863590334455,-3487.6688896093265,1.5072512898170747,24214.63011942305,30
2020-08-29,33142.18593225542,-3487.6688896093265,1.5072512898170747,24302.420617805725,36
2020-08-30,32542.178650867987,-3487.6688896093265,1.5072512898170747,23904.340161387438,39
2020-08-31,30151.979346986605,-3487.6688896093265,1.5072512898170747,22318.540023063146,31
2020-09-01,40009.424533289064,-3487.6688896093265,1.5072512898170747,28858.55445390088,38
2020-09-02,41082.178654094125,-3487.6688896093265,1.5072512898170747,29570.283233337028,45
2020-09-03,41820.36362973847,-3487.6688896093265,1.5072512898170747,30060.03897654421,41
2020-09-04,42074.60487017571,-3487.6688896093265,1.5072512898170747,30228.717711241523,43
2020-09-05,41361.82884903233,-3487.6688896093265,1.5072512898170747,29755.819777128705,40
2020-09-06,38948.62166782527,-3487.6688896093265,1.5072512898170747,28154.754846874148,36
2020-09-07,40988.75227180867,-3487.6688896093265,1.5072512898170747,29508.298624057446,43
2020-09-08,42263.222983088104,-3487.6688896093265,1.5072512898170747,30353.85816670949,47
2020-09-09,41779.281698467064,-3487.6688896093265,1.5072512898170747,30032.78278406393,57
2020-09-10,42420.87141813936,-3487.6688896093265,1.5072512898170747,30458.451499033254,58
2020-09-11,41035.91726383383,-3487.6688896093265,1.5072512898170747,29539.590680228703,55
2020-09-12,39258.33983745257,-3487.6688896093265,1.5072512898170747,28360.2402703863,47
2020-09-13,37777.299032824776,-3487.6688896093265,1.5072512898170747,27377.629862530863,41
2020-09-14,38708.73993896921,-3487.6688896093265,1.5072512898170747,27995.60306476808,42
2020-09-15,35093.21285966667,-3487.6688896093265,1.5072512898170747,25596.847725344,37
2020-09-16,35698.57641917339,-3487.6688896093265,1.5072512898170747,25998.481854700218,29
2020-09-17,36426.105386656294,-5309.019692712219,1.5759944286852672,26481.77196551701,21
2020-09-18,35554.06251297896,-5309.019692712219,1.5759944286852672,25928.44331295013,33
2020-09-19,36963.632349041,-5309.019692712219,1.5759944286852672,26822.84357884316,33
2020-09-20,35548.81658325853,-5309.019692712219,1.5759944286852672,25925.114665573623,27
2020-09-21,35622.02704244207,-5309.019692712219,1.5759944286852672,25971.568166836703,30
2020-09-22,35129.89575637916,-5309.019692712219,1.5759944286852672,25659.30101848552,33
2020-09-23,35976.22318681992,-5309.019692712219,1.5759944286852672,26196.312707763373,37
2020-09-24,35921.10002764449,-5309.019692712219,1.5759944286852672,26161.335960274853,37
2020-09-25,36814.5577480536,-5309.019692712219,1.5759944286852672,26728.25276159531,45
2020-09-26,37502.47134296072,-5309.019692712219,1.5759944286852672,27164.74770243149,45
2020-09-27,37298.47818185339,-5309.019692712219,1.5759944286852672,27035.30995988978,42
2020-09-28,31481.895584384238,-5309.019692712219,1.5759944286852672,23344.5719143743,28
2020-09-29,32092.8312449699,-6913.701372002696,1.6435753268332989,23732.731916904024,24
2020-09-30,31941.182137500924,-6913.701372002696,1.6435753268332989,23640.46409991193,27
2020-10-01,32841.14481279147,-8555.799665099597,1.7114288674813793,24188.527647551484,23
2020-10-02,32014.027566506502,-10156.541061959844,1.7789206816401915,23705.70484884377,21
2020-10-03,35165.14403946769,-11914.842221462217,1.8478998845965564,25477.563288667377,20
2020-10-04,40987.481153698835,-11914.842221462217,1.8478998845965564,28628.349304059284,30
2020-10-05,39239.57395504422,-11914.842221462217,1.8478998845965564,27682.46083184033,27
2020-10-06,38274.75846383703,-11914.842221462217,1.8478998845965564,27160.346241515632,27
2020-10-07,37472.041244576714,-11914.842221462217,1.8478998845965564,26725.951918559345,27
2020-10-08,35072.16224923165,-13668.494175222644,1.9168315509533542,25427.720239795028,18
2020-10-09,35868.335490355435,-15461.955786280692,1.986193735485299,25843.54706168393,17
2020-10-10,36973.06753887475,-17310.655380714292,2.056184643978685,26400.218034189227,19
2020-10-11,32313.558931631178,-18926.373720254338,2.123097543677974,24134.516477806003,18
2020-10-12,32803.920574961245,-20566.610754928268,2.190380881127828,24365.86795918754,21
2020-10-13,31203.223020273308,-22126.810910945835,2.25635892582334,23635.43907880664,23
2020-10-14,34423.54173166551,-23848.031028032037,2.325000221138496,25063.039663352534,23
2020-10-15,34282.512131552445,-23848.031028032037,2.325000221138496,25002.381776600163,31
2020-10-16,31228.585581846874,-23848.031028032037,2.325000221138496,23688.86510596082,34
2020-10-17,29541.827882623864,-23848.031028032037,2.325000221138496,22963.377992502807,32
2020-10-18,31077.487395820754,-25401.944245653518,2.3907436346583744,23624.21081988781,25
2020-10-19,33738.97512957237,-25401.944245653518,2.3907436346583744,24737.457633627386,30
2020-10-20,32809.92200218435,-25401.944245653518,2.3907436346583744,24348.853387684983,27
2020-10-21,32486.869979935087,-25401.944245653518,2.3907436346583744,24213.72722126295,32
2020-10-22,33607.41736809777,-25401.944245653518,2.3907436346583744,24682.429666777483,31
2020-10-23,36447.56976393439,-25401.944245653518,2.3907436346583744,25870.40831687748,35
2020-10-24,38986.81222332255,-25401.944245653518,2.3907436346583744,26932.52238991192,34
2020-10-25,39349.86966405229,-25401.944245653518,2.3907436346583744,27084.38201863435,35
2020-10-26,40156.03182650509,-25401.944245653518,2.3907436346583744,27421.583444486103,37
2020-10-27,39086.169696390614,-25401.944245653518,2.3907436346583744,26974.081623460715,36
2020-10-28,38417.071992692625,-25401.944245653518,2.3907436346583744,26694.211505227147,45
2020-10-29,42967.669005118456,-25401.944245653518,2.3907436346583744,28597.634752478032,58
2020-10-30,47896.059280989706,-25401.944245653518,2.3907436346583744,30659.081326851323,64
2020-10-31,48900.45538550359,-25401.944245653518,2.3907436346583744,31079.200025465954,66
2020-11-01,49077.4919577136,-25401.944245653518,2.3907436346583744,31153.250864562007,69
2020-11-02,50984.19069629036,-25401.944245653518,2.3907436346583744,31950.784615540382,62
2020-11-03,53225.604954942115,-25401.944245653518,2.3907436346583744,32888.32313960385,58
2020-11-04,51535.926391390094,-25401.944245653518,2.3907436346583744,32181.564564967524,57
2020-11-05,51803.76602094987,-25401.944245653518,2.3907436346583744,32293.59649749134,53
2020-11-06,49382.786757863185,-25401.944245653518,2.3907436346583744,31280.949541962527,55
2020-11-07,48896.39616937675,-25401.944245653518,2.3907436346583744,31077.50213696465,64
2020-11-08,45416.74341707105,-25401.944245653518,2.3907436346583744,29622.03334396589,63
2020-11-09,49100.13987631659,-25401.944245653518,2.3907436346583744,31162.72403361061,58
2020-11-10,46418.76396250645,-25401.944245653518,2.3907436346583744,30041.158393975104,68
2020-11-11,52296.600141029325,-25401.944245653518,2.3907436346583744,32499.739102216867,67
2020-11-12,50874.041850942565,-25401.944245653518,2.3907436346583744,31904.711567911607,64
2020-11-13,48362.876012986715,-25401.944245653518,2.3907436346583744,30854.34138118321,60
2020-11-14,51609.58764091616,-25401.944245653518,2.3907436346583744,32212.37558479341,66
2020-11-15,74548.65281315106,-25401.944245653518,2.3907436346583744,41807.325390238686,59
2020-11-16,82640.3917718029,-25401.944245653518,2.3907436346583744,45191.93712415557,66
2020-11-17,92879.88379567192,-25401.944245653518,2.3907436346583744,49474.91078784252,59
2020-11-18,85651.47603255465,-25401.944245653518,2.3907436346583744,46451.41313701632,62
2020-11-19,85639.17701898035,-25401.944245653518,2.3907436346583744,46446.26870689174,63
2020-11-20,85701.7498038823,-25401.944245653518,2.3907436346583744,46472.441644882594,62
2020-11-21,85436.55654746397,-25401.944245653518,2.3907436346583744,46361.51663704242,61
2020-11-22,82858.26660795783,-25401.944245653518,2.3907436346583744,45283.06978806668,62
2020-11-23,86328.52691055578,-25401.944245653518,2.3907436346583744,46734.60990817405,62
2020-11-24,90251.84519434073,-25401.944245653518,2.3907436346583744,48375.65507374889,62
2020-11-25,85673.69015343828,-25401.944245653518,2.3907436346583744,46460.70485719978,64
2020-11-26,87008.54868853212,-25401.944245653518,2.3907436346583744,47019.04934706583,57
2020-11-27,86993.68079230958,-25401.944245653518,2.3907436346583744,47012.83040497309,60
2020-11-28,82387.04717647168,-25401.944245653518,2.3907436346583744,45085.96817304826,59
2020-11-29,82519.31573503559,-25401.944245653518,2.3907436346583744,45141.2934520311,58
2020-11-30,80973.32339356233,-25401.944245653518,2.3907436346583744,44494.63593549057,64
2020-12-01,78240.67561086356,-25401.944245653518,2.3907436346583744,43351.62430384431,66
2020-12-02,76430.52675222793,-25401.944245653518,2.3907436346583744,42594.475426652265,62
2020-12-03,76717.12002628257,-25401.944245653518,2.3907436346583744,42714.351631653895,61
2020-12-04,85566.68719486463,-25401.944245653518,2.3907436346583744,46415.94767076522,55
2020-12-05,84540.92211153763,-25401.944245653518,2.3907436346583744,45986.89075790489,57
2020-12-06,78650.69883692138,-25401.944245653518,2.3907436346583744,43523.12877639158,55
2020-12-07,80618.29794973247,-25401.944245653518,2.3907436346583744,44346.1359295999,55
2020-12-08,84599.37859937962,-25401.944245653518,2.3907436346583744,46011.34193158765,56
2020-12-09,80077.28481953454,-25401.944245653518,2.3907436346583744,44119.84101350981,58
2020-12-10,101395.40058225884,-25401.944245653518,2.3907436346583744,53036.78026775593,59
2020-12-11,100202.49307163549,-25401.944245653518,2.3907436346583744,52537.811037709725,63
2020-12-12,100071.45826065337,-25401.944245653518,2.3907436346583744,52483.00181053767,52
2020-12-13,105455.15670845793,-25401.944245653518,2.3907436346583744,54734.89463993085,53
2020-12-14,98410.90895076036,-25401.944245653518,2.3907436346583744,51788.4274171062,52
2020-12-15,102887.73853053249,-25401.944245653518,2.3907436346583744,53660.995230263565,56
2020-12-16,100015.19397922426,-25401.944245653518,2.3907436346583744,52459.467592726345,52
2020-12-17,104841.54339169683,-25401.944245653518,2.3907436346583744,54478.232525321146,51
2020-12-18,102535.69239962948,-25401.944245653518,2.3907436346583744,53513.7414110755,43
2020-12-19,97827.17044539604,-25401.944245653518,2.3907436346583744,51544.26133551471,45
2020-12-20,98392.92444725489,-25401.944245653518,2.3907436346583744,51780.9048608418,52
2020-12-21,96525.36018971527,-25401.944245653518,2.3907436346583744,50999.74027654019,48
2020-12-22,94968.38716028634,-25401.944245653518,2.3907436346583744,50348.48975897836,48
2020-12-23,88525.33123324718,-25401.944245653518,2.3907436346583744,47653.48899284233,39
2020-12-24,84731.25479333628,-25401.944245653518,2.3907436346583744,46066.50309234319,35
2020-12-25,76796.98513638103,-25401.944245653518,2.3907436346583744,42747.757601637735,30
2020-12-26,73484.14107635526,-29076.243156944063,2.4795301554103566,41362.82997386084,13
2020-12-27,78751.45212513302,-33013.914204976914,2.5700311543561374,43487.94221450214,24
2020-12-28,71681.59695769753,-36598.0836570981,2.657968676673307,40737.75645479676,24
2020-12-29,83720.07704782733,-36598.0836570981,2.657968676673307,45266.95959995838,34
2020-12-30,86756.34249441393,-36598.0836570981,2.657968676673307,46409.28511840157,33
2020-12-31,87976.38276716374,-36598.0836570981,2.657968676673307,46868.29740227725,36
2021-01-01,94127.08083251261,-36598.0836570981,2.657968676673307,49182.3570521626,43
2021-01-02,93608.55442850976,-36598.0836570981,2.657968676673307,48987.27333708593,49
2021-01-03,95569.47509733672,-36598.0836570981,2.657968676673307,49725.02494643944,51
2021-01-04,101026.36351904002,-36598.0836570981,2.657968676673307,51778.05456623658,42
2021-01-05,93682.412465867,-36598.0836570981,2.657968676673307,49015.06073654079,43
2021-01-06,99610.37978732647,-36598.0836570981,2.657968676673307,51245.32303176048,42
2021-01-07,100141.78915892361,-36598.0836570981,2.657968676673307,51445.25366911557,49
2021-01-08,101687.72183622484,-36598.0836570981,2.657968676673307,52026.87552601274,47
2021-01-09,102079.93442583733,-36598.0836570981,2.657968676673307,52174.43655374591,38
2021-01-10,100414.29296352458,-36598.0836570981,2.657968676673307,51547.77700093377,33
2021-01-11,103517.73262374618,-36598.0836570981,2.657968676673307,52715.37528283145,34
2021-01-12,102008.67478325599,-36598.0836570981,2.657968676673307,52147.62674097169,33
2021-01-13,99487.49029691049,-36598.0836570981,2.657968676673307,51199.08866809229,38
2021-01-14,94771.38451020158,-36598.0836570981,2.657968676673307,49424.76159339871,28
2021-01-15,97524.12609757815,-36598.0836570981,2.657968676673307,50460.41773620243,31
2021-01-16,86434.3671121306,-40919.91005836466,2.7512882345114016,46288.96222976506,23
2021-01-17,89549.02037859539,-40919.91005836466,2.7512882345114016,47421.03310020147,27
2021-01-18,94089.26667752222,-40919.91005836466,2.7512882345114016,49071.25870796412,31
2021-01-19,91439.2060974403,-40919.91005836466,2.7512882345114016,48108.05152856348,34
2021-01-20,100065.93028703917,-40919.91005836466,2.7512882345114016,51243.57331119157,39
2021-01-21,102448.57044281371,-40919.91005836466,2.7512882345114016,52109.58223235343,37
2021-01-22,91614.28970281914,-40919.91005836466,2.7512882345114016,48171.68848349341,33
2021-01-23,103110.55223026779,-40919.91005836466,2.7512882345114016,52350.19016980991,42
2021-01-24,104831.58902807927,-40919.91005836466,2.7512882345114016,52975.728699805884,59
2021-01-25,120726.44094202737,-40919.91005836466,2.7512882345114016,58752.968508622514,65
2021-01-26,110805.71924050193,-40919.91005836466,2.7512882345114016,55147.12249907592,63
2021-01-27,114178.5067009929,-40919.91005836466,2.7512882345114016,56373.01639786255,71
2021-01-28,121104.60091979636,-40919.91005836466,2.7512882345114016,58890.41684028964,65
2021-01-29,118387.10820344885,-40919.91005836466,2.7512882345114016,57902.70036541797,63
2021-01-30,108724.63293867651,-40919.91005836466,2.7512882345114016,54390.718180647615,56
2021-01-31,130816.4645431381,-40919.91005836466,2.7512882345114016,62420.35001905253,62
2021-02-01,129621.23430547747,-40919.91005836466,2.7512882345114016,61985.9243479549,62
2021-02-02,128179.40011129933,-40919.91005836466,2.7512882345114016,61461.86649894723,57
2021-02-03,133924.0667985825,-40919.91005836466,2.7512882345114016,63549.85808602402,52
2021-02-04,137996.80373797155,-40919.91005836466,2.7512882345114016,65030.159890939176,60
2021-02-05,131310.81292581983,-40919.91005836466,2.7512882345114016,62600.02889692535,56
2021-02-06,122028.85977066573,-40919.91005836466,2.7512882345114016,59226.35359866913,48
2021-02-07,122771.14786787995,-40919.91005836466,2.7512882345114016,59496.15015720602,48
2021-02-08,128311.57064095611,-40919.91005836466,2.7512882345114016,61509.90600567679,53
2021-02-09,135483.2763168829,-40919.91005836466,2.7512882345114016,64116.57788613152,55
2021-02-10,140918.31562822172,-40919.91005836466,2.7512882345114016,66092.0304189353,56
2021-02-11,142882.76449124984,-40919.91005836466,2.7512882345114016,66806.04098256386,59
2021-02-12,145933.23234531423,-40919.91005836466,2.7512882345114016,67914.78263158492,71
2021-02-13,150477.63427586938,-40919.91005836466,2.7512882345114016,69566.51867056165,67
2021-02-14,146442.9543139655,-40919.91005836466,2.7512882345114016,68100.04928676756,66
2021-02-15,147979.11716366376,-40919.91005836466,2.7512882345114016,68658.39240415856,73
2021-02-16,145875.55075204623,-40919.91005836466,2.7512882345114016,67893.81732793391,68
2021-02-17,139445.72830567148,-40919.91005836466,2.7512882345114016,65556.79485034656,58
2021-02-18,132864.95863873462,-40919.91005836466,2.7512882345114016,63164.9081754466,65
2021-02-19,141249.2041628805,-40919.91005836466,2.7512882345114016,66212.29718361238,54
2021-02-20,144148.95482098847,-40919.91005836466,2.7512882345114016,67266.25824146677,59
2021-02-21,143806.35894452542,-40919.91005836466,2.7512882345114016,67141.7362549422,68
2021-02-22,149887.55656291114,-40919.91005836466,2.7512882345114016,69352.04542651675,64
2021-02-23,152480.68031992338,-40919.91005836466,2.7512882345114016,70294.55800098453,63
2021-02-24,163444.61575022753,-40919.91005836466,2.7512882345114016,74279.57683426254,66
2021-02-25,168238.81760878008,-40919.91005836466,2.7512882345114016,76022.1066784335,59
2021-02-26,175257.11508325298,-40919.91005836466,2.7512882345114016,78573.01987845279,63
2021-02-27,176659.6040414066,-40919.91005836466,2.7512882345114016,79082.77706803444,63
2021-02-28,150039.53109665852,-40919.91005836466,2.7512882345114016,69407.28301734458,56
2021-03-01,145404.50772457692,-40919.91005836466,2.7512882345114016,67722.60915659051,55
2021-03-02,150837.36371227814,-40919.91005836466,2.7512882345114016,69697.26812527033,52
2021-03-03,139238.31167167897,-40919.91005836466,2.7512882345114016,65481.40593565898,43
2021-03-04,130435.73528851109,-40919.91005836466,2.7512882345114016,62281.96784235026,47
2021-03-05,129707.46382054072,-40919.91005836466,2.7512882345114016,62017.26585335648,38
2021-03-06,129012.01989052756,-40919.91005836466,2.7512882345114016,61764.49556150202,33
2021-03-07,129133.70534036582,-40919.91005836466,2.7512882345114016,61808.7240971792,32
2021-03-08,118981.38485882586,-40919.91005836466,2.7512882345114016,58118.699782680975,27
2021-03-09,119115.44532317843,-40919.91005836466,2.7512882345114016,58167.42621660053,34
2021-03-10,117279.206861068,-40919.91005836466,2.7512882345114016,57500.01578715982,31
2021-03-11,120508.21925196581,-40919.91005836466,2.7512882345114016,58673.65232236321,26
2021-03-12,109337.73045743926,-46386.933256816585,2.8513401345729448,54614.5518824885,25
2021-03-13,109541.8372724368,-51864.16205115828,2.951445839007711,54687.09511466437,21
2021-03-14,108298.32465503791,-57279.2136602004,3.0511818678018994,54266.68926638646,20
2021-03-15,99382.07357784067,-62248.44156979018,3.1479141046587067,51345.2749261577,15
2021-03-16,92909.6377386695,-66894.03959667432,3.2421174670056425,49289.90974621762,9
2021-03-17,88929.63684953075,-71340.63260397605,3.3345871315030133,48063.00244470369,6
2021-03-18,78587.64295471026,-75270.11298872117,3.421938709817,44962.16004747189,9
2021-03-19,75632.3666272914,-79051.8258629076,3.507650735507578,44099.086298515205,5
2021-03-20,91297.49242267471,-83616.81460875999,3.6015998376330103,48565.72493250368,6
2021-03-21,87701.06067468686,-88001.9772715609,3.693741432780115,47567.76865510153,9
2021-03-22,84236.1366837882,-92213.8894035536,3.784021946262922,46630.286132881134,6
2021-03-23,85044.41207224641,-96466.21631533872,3.8747520269802673,46844.45020577042,7
2021-03-24,86215.60636789892,-100777.10440593593,3.9661408325399474,47147.269516923145,8
2021-03-25,93090.48157763066,-105431.74485082859,4.061316658097793,48881.24791565539,8
2021-03-26,126666.90033602815,-111765.24820521385,4.172084864865403,57149.4004230746,7
2021-03-27,136507.70263701922,-118590.80397595908,4.286725498035011,59508.94376836415,10
2021-03-28,133217.0182379214,-125251.82141329108,4.400063116350357,58742.0754694992,5
2021-03-29,142679.47650124447,-132385.97359215777,4.517162563299246,60893.41400467551,10
2021-03-30,145078.86984210106,-139640.09843738395,4.6352000364980475,61425.38963530769,23
2021-03-31,147386.26046499074,-147009.595698065,4.754149307418997,61923.98200528576,21
2021-04-01,151949.24843452845,-154607.24806110052,4.874907918513608,62884.57169240237,23
2021-04-02,157105.81817587503,-154607.24806110052,4.874907918513608,63942.34956791121,29
2021-04-03,165448.93882181487,-154607.24806110052,4.874907918513608,65653.79125776445,38
2021-04-04,163776.4622084653,-154607.24806110052,4.874907918513608,65310.71265170546,39
2021-04-05,164620.8356112976,-154607.24806110052,4.874907918513608,65483.92072392886,37
2021-04-06,157786.63616288183,-154607.24806110052,4.874907918513608,64082.00717752908,41
2021-04-07,158593.45527790018,-154607.24806110052,4.874907918513608,64247.51166058901,44
2021-04-08,152607.9429480807,-154607.24806110052,4.874907918513608,63019.69106789881,46
2021-04-09,160889.6882442206,-154607.24806110052,4.874907918513608,64718.542704601125,54
2021-04-10,142024.98628699456,-154607.24806110052,4.874907918513608,60848.78715792036,41
2021-04-11,138354.3437429565,-154607.24806110052,4.874907918513608,60095.820618778576,43
2021-04-12,132638.78610059494,-154607.24806110052,4.874907918513608,58923.376392569626,43
2021-04-13,127786.4925114465,-154607.24806110052,4.874907918513608,57928.01531698485,44
2021-04-14,136046.23313226402,-154607.24806110052,4.874907918513608,59622.35308887368,45
2021-04-15,129823.06784135554,-154607.24806110052,4.874907918513608,58345.78225001239,54
2021-04-16,122777.13521383869,-154607.24806110052,4.874907918513608,56900.4354362278,56
2021-04-17,115774.5687349712,-154607.24806110052,4.874907918513608,55463.98441070718,63
2021-04-18,121245.60261451689,-154607.24806110052,4.874907918513608,56586.26896889712,68
2021-04-19,127464.15757851923,-154607.24806110052,4.874907918513608,57861.89408181175,66
2021-04-20,137775.44223352332,-154607.24806110052,4.874907918513608,59977.06934816797,73
2021-04-21,149013.41899017358,-154607.24806110052,4.874907918513608,62282.33889263904,72
2021-04-22,151496.93421931504,151496.93421931504,0.0,62823.19913629536,76
2021-04-23,151496.93421931504,151496.93421931504,0.0,60264.61483498124,72
2021-04-24,151496.93421931504,151496.93421931504,0.0,57560.67696616956,54
2021-04-25,151496.93421931504,151496.93421931504,0.0,59717.57171199533,48
2021-04-26,151496.93421931504,151496.93421931504,0.0,60977.03256535805,45
2021-04-27,151496.93421931504,151496.93421931504,0.0,64785.46415053214,48
2021-04-28,151496.93421931504,151496.93421931504,0.0,70662.79903182184,57
2021-04-29,151496.93421931504,151496.93421931504,0.0,73764.72376044489,59
2021-04-30,151496.93421931504,151496.93421931504,0.0,77005.75471024633,61
2021-05-01,151496.93421931504,151496.93421931504,0.0,74158.96194247417,60
2021-05-02,151496.93421931504,151496.93421931504,0.0,70464.25373423111,53
2021-05-03,151496.93421931504,151496.93421931504,0.0,69915.11288377293,50
2021-05-04,151496.93421931504,151496.93421931504,0.0,69474.38064022538,43
2021-05-05,151496.93421931504,151496.93421931504,0.0,76016.7139885546,47
2021-05-06,151496.93421931504,151496.93421931504,0.0,75588.55003187167,52
2021-05-07,151496.93421931504,151496.93421931504,0.0,78102.80985415124,59
2021-05-08,151496.93421931504,151496.93421931504,0.0,72586.3507075563,58
2021-05-09,151496.93421931504,151496.93421931504,0.0,69789.72603254886,53
2021-05-10,151496.93421931504,151496.93421931504,0.0,72340.58552796229,64
2021-05-11,151496.93421931504,151496.93421931504,0.0,76005.3083430996,60
2021-05-12,151496.93421931504,151496.93421931504,0.0,77658.24142710704,69
2021-05-13,151496.93421931504,151496.93421931504,0.0,79770.53150306325,63
2021-05-14,151496.93421931504,151496.93421931504,0.0,77476.91984965505,66
2021-05-15,151496.93421931504,151496.93421931504,0.0,83404.44101971506,68
2021-05-16,151496.93421931504,151496.93421931504,0.0,81913.53352615677,67
2021-05-17,151496.93421931504,151496.93421931504,0.0,80457.55819826623,67
2021-05-18,151496.93421931504,151496.93421931504,0.0,63008.4232988641,57
2021-05-19,151496.93421931504,151496.93421931504,0.0,67724.86168500724,48
2021-05-20,151496.93421931504,151496.93421931504,0.0,69610.84321656199,40
2021-05-21,151496.93421931504,151496.93421931504,0.0,71514.0155531419,48
2021-05-22,151496.93421931504,151496.93421931504,0.0,71254.00820951487,48
2021-05-23,151496.93421931504,151496.93421931504,0.0,69010.28507461744,45
2021-05-24,151496.93421931504,151496.93421931504,0.0,66969.74904296448,44
2021-05-25,151496.93421931504,151496.93421931504,0.0,71641.09325650393,55
2021-05-26,151496.93421931504,151496.93421931504,0.0,60736.02052820557,39
2021-05-27,151496.93421931504,151496.93421931504,0.0,62005.70624802934,33
2021-05-28,151493.14679595953,143922.08750834927,0.12344823213368548,61329.83159622214,18
2021-05-29,151862.36162857324,136328.77959422275,0.2413867266989237,64351.434094075885,22
2021-05-30,150574.0945368792,128799.88664505507,0.36886627029943414,59030.08663315432,7
2021-05-31,150185.61739832768,121290.41803842352,0.4983039177654558,57987.100501796,11
2021-06-01,148619.89156954834,113859.23768043716,0.633712002655872,54852.44676356151,9
2021-06-02,147741.41797273452,106471.98210041094,0.7717946692714611,53472.04057690634,9
2021-06-03,147095.3509517184,99117.03067903948,0.9114473035768502,52639.70838949717,3
2021-06-04,146469.13114248042,91793.39103092426,1.0523335174641946,51956.66507259803,0
2021-06-05,141257.54702230162,84730.337103461,1.2025117936688487,47007.61374354324,2
2021-06-06,142169.02436300876,77621.70816958722,1.3512513934932224,47768.54736597562,5
2021-06-07,142728.10695163396,70485.12440741147,1.4992855198674615,48184.93981760649,0
2021-06-08,146602.3058416145,63154.82585786701,1.643591788904489,50771.41450029275,4
2021-06-09,144323.85132929194,55938.45288207801,1.7896365881031298,49387.34435514381,0
2021-06-10,145243.2956873997,48676.10653904945,1.9350926873051348,49903.13372680481,1
2021-06-11,141417.53701572516,41605.05291192251,2.0825540879896587,47927.91922161028,5
2021-06-12,145348.26325066452,34337.45805951797,2.2283666369495845,49817.118669084666,5
2021-06-13,141213.88692401347,27276.5871915456,2.3755068685558878,47963.36362594158,3
2021-06-14,131596.1313426419,20696.616125136847,2.525262683849981,43916.03136051936,4
2021-06-15,128095.05708641587,14291.703147991624,2.675781802330711,42530.87970001779,0
2021-06-16,135146.36239673724,7534.216090978336,2.825316913246118,45167.37421825727,0
2021-06-17,138012.01655474873,633.4427439072224,2.974664985012137,46182.8725261581,6
2021-06-18,136699.0330310066,-6201.679785706348,3.1240159200900752,45742.63271122916,6
2021-06-19,145944.89310179805,-13499.106876473521,3.2737750169108217,48703.40788681474,4
2021-06-20,137553.54624427843,-20376.956134918903,3.4227612147007114,46141.25627604054,1
2021-06-21,143116.6820384473,-27532.969137166325,3.5724951225072896,47767.637274154295,1
2021-06-22,140762.44079735933,-34571.267134484224,3.721822948063835,47109.631591437086,0
2021-06-23,141856.82790539405,-41664.28585522195,3.8713752626842335,47404.6304757785,8
2021-06-24,128301.88900095804,-48079.540686640634,4.017421806867781,43904.13508137848,8
2021-06-25,139893.8000324375,-55074.40555988434,4.1668405985270205,46790.41613956702,13
2021-06-26,133621.26964984086,-61755.63607313921,4.314301371535402,45285.87340050564,11
2021-06-27,129373.81370497521,-68224.48847969814,4.460245141626829,44302.1170160619,16
2021-06-28,139527.02141814615,-75201.01396374255,4.609947703125045,46579.277946326016,11
2021-06-29,121807.0706295525,-81291.51975786503,4.752390796374627,42736.08781128686,7
2021-06-30,134246.62211831944,-88004.01867625395,4.900318077889576,45354.32950717564,11
2021-07-01,129415.637141428,-94474.96230691612,5.046088502638049,44369.13845868858,13
2021-07-02,131138.6570985706,-101032.0590892642,5.192669486326204,44711.24472666848,21
2021-07-03,129567.3115713088,-101032.0590892642,5.192669486326204,44408.63630312071,31
2021-07-04,141006.28139888268,-101032.0590892642,5.192669486326204,46611.54366275451,29
2021-07-05,138421.59882255498,-101032.0590892642,5.192669486326204,46113.78762741779,33
2021-07-06,97969.20464578335,-105930.6417861208,5.320425909305067,38323.97065717935,17
2021-07-07,74916.57610227645,-109676.56423929596,5.430572650043991,33991.46871556485,7
2021-07-08,70194.48908286137,-113186.37643874402,5.536485045473263,33122.25428506144,4
2021-07-09,65024.38600356554,-116437.67702143686,5.637441981511523,32188.723825473127,0
2021-07-10,73249.63322823,-120100.250247179,5.746236929519552,33648.08758269826,2
2021-07-11,73378.52189461594,-123769.26806735531,5.855149675532171,33670.83693621421,9
2021-07-12,67839.44256869097,-127161.3249972131,5.958750888416628,32725.10820094379,2
2021-07-13,62853.142550450226,-130304.060693128,6.057255287505034,31888.56900946949,1
2021-07-14,56419.077800864936,-133125.08510878164,6.14872221735582,30826.593918103143,0
2021-07-15,62133.41961631758,-136231.83375831376,6.246504546029377,31756.200914113357,6
2021-07-16,72380.1433918495,-139850.93140534742,6.35481669024241,33396.88383507112,5
2021-07-17,78597.62861827583,-143780.91108575324,6.469084272403567,34375.582437946054,5
2021-07-18,71649.10884670119,-147363.45609171345,6.576608771830537,33301.7475323311,5
2021-07-19,79378.55671601515,-151332.48315319075,6.691671076135269,34477.343139593104,8
2021-07-20,78166.86100830516,-155240.92391462505,6.8055742356397655,34296.559972942305,8
2021-07-21,89721.41278375458,-159727.1067083826,6.9301464678324205,35994.696598405164,11
2021-07-22,70973.22425398382,-163275.85663983008,7.036695387653926,33289.64350294462,6
2021-07-23,73853.04849808139,-166968.60138335274,7.146220311684923,33699.163946521774,5
2021-07-24,62303.60998134376,-170083.85976387945,7.243271063069842,32083.221478492174,1
2021-07-25,61287.339193545224,-173148.30333464599,7.339157458280519,31943.12751304791,4
2021-07-26,68695.58979923086,-176583.16869624157,7.443341334799299,32952.77583855236,6
2021-07-27,59087.872746962326,-179537.63619527715,7.536606831456518,31662.194178188663,2
2021-07-28,59346.547242896835,-182505.03774246067,7.630178609832783,31696.713452250067,4
2021-07-29,70660.45693537258,-186038.14891700866,7.736609394146159,33179.72935878217,8
2021-07-30,174365.7617616459,-194756.65496774222,7.923669335889166,46584.78301933917,21
2021-07-31,202337.352069641,-194756.65496774222,7.923669335889166,50114.91396275218,30
2021-08-01,180931.0204294413,-194756.65496774222,7.923669335889166,47413.34594763541,32
2021-08-02,184742.43010117335,-194756.65496774222,7.923669335889166,47894.361687965305,29
2021-08-03,176782.38086042216,-194756.65496774222,7.923669335889166,46889.77039278124,31
2021-08-04,177436.053355044,-194756.65496774222,7.923669335889166,46972.26657818629,30
2021-08-05,162255.5735748143,-194756.65496774222,7.923669335889166,45056.42694168457,41
2021-08-06,159604.0089541535,-194756.65496774222,7.923669335889166,44721.78846697553,44
2021-08-07,161389.931689334,-194756.65496774222,7.923669335889166,44947.17933823405,49
2021-08-08,107838.34129099664,-194756.65496774222,7.923669335889166,38188.746076035335,45
2021-08-09,104366.85353741719,-194756.65496774222,7.923669335889166,37750.62989445064,32
2021-08-10,101631.24618456681,-194756.65496774222,7.923669335889166,37405.38487766785,32
2021-08-11,116320.93254303682,-194756.65496774222,7.923669335889166,39259.28434466543,44
2021-08-12,147163.7598141394,-194756.65496774222,7.923669335889166,43151.77732533592,47
2021-08-13,172357.61089403956,-194756.65496774222,7.923669335889166,46331.34603421529,56
2021-08-14,190828.61539489898,-194756.65496774222,7.923669335889166,48662.463565482976,54
2021-08-15,189961.84057150973,-194756.65496774222,7.923669335889166,48553.072980559984,57
2021-08-16,196923.25472181197,-194756.65496774222,7.923669335889166,49431.63237712283,61
2021-08-17,191397.5145209703,-194756.65496774222,7.923669335889166,48734.26099946909,64
2021-08-18,205295.89532679337,-194756.65496774222,7.923669335889166,50488.29441715252,56
2021-08-19,205747.79384204053,-194756.65496774222,7.923669335889166,50545.32588781225,52
2021-08-20,197306.99847839586,-194756.65496774222,7.923669335889166,49480.06243399632,53
2021-08-21,189839.11193018197,-194756.65496774222,7.923669335889166,48537.58411597904,51
2021-08-22,209773.5776682003,-194756.65496774222,7.923669335889166,51053.39653734397,54
2021-08-23,233699.29873483197,-194756.65496774222,7.923669335889166,54072.921968354,57
2021-08-24,218766.88318093843,-194756.65496774222,7.923669335889166,52188.3890681408,60
2021-08-25,245072.67707652657,-194756.65496774222,7.923669335889166,55508.289581459765,55
2021-08-26,223898.38689830492,-194756.65496774222,7.923669335889166,52836.00616318086,52
2021-08-27,203747.38512757584,-194756.65496774222,7.923669335889166,50292.86599459029,54
2021-08-28,235664.20874895365,-194756.65496774222,7.923669335889166,54320.90177806436,58
2021-08-29,264815.6408427296,-194756.65496774222,7.923669335889166,57999.93365812258,60
2021-08-30,271978.69013228244,-194756.65496774222,7.923669335889166,58903.94024723008,51
2021-08-31,291256.97453021415,-194756.65496774222,7.923669335889166,61336.93985646584,59
2021-09-01,285601.67355702387,-194756.65496774222,7.923669335889166,60623.21737090282,62
2021-09-02,260429.6832786852,-194756.65496774222,7.923669335889166,57446.40758603136,64
2021-09-03,261290.11607461853,-194756.65496774222,7.923669335889166,57554.99778073271,57
2021-09-04,272763.77452191635,-194756.65496774222,7.923669335889166,59003.02115991759,66
2021-09-05,286384.0473379366,-194756.65496774222,7.923669335889166,60721.95619350475,67
2021-09-06,245899.26995189802,-194756.65496774222,7.923669335889166,55612.60903755159,53
2021-09-07,263637.81114649074,-194756.65496774222,7.923669335889166,57851.28665553957,58
2021-09-08,296725.7160733496,-194756.65496774222,7.923669335889166,62027.11776663752,62
2021-09-09,275273.2957102456,-194756.65496774222,7.923669335889166,59319.73316315108,66
2021-09-10,279458.67563086736,-194756.65496774222,7.923669335889166,59847.94550306595,73
2021-09-11,259835.05034167372,-194756.65496774222,7.923669335889166,57371.36243815799,65
2021-09-12,235849.2622045565,-194756.65496774222,7.923669335889166,54344.25629322121,60
2021-09-13,249462.32051404862,-194756.65496774222,7.923669335889166,56062.28082610191,50
2021-09-14,230698.47953953373,-194756.65496774222,7.923669335889166,53694.20611486596,52
2021-09-15,213969.36340487003,-194756.65496774222,7.923669335889166,51582.92213448941,40
2021-09-16,207368.91795710422,-194756.65496774222,7.923669335889166,50749.91848832891,34
2021-09-17,190627.00085771672,-194756.65496774222,7.923669335889166,48637.01897300495,35
2021-09-18,199707.36079981062,-194756.65496774222,7.923669335889166,49782.99813457416,35
2021-09-19,197628.10474842833,-194756.65496774222,7.923669335889166,49520.58737975321,37
2021-09-20,100527.22152239253,-199783.1417060303,8.058481864031544,37266.36955886649,13
2021-09-21,110406.21847491915,-205303.5906409996,8.201825912703175,38492.62499304456,4
2021-09-22,122000.65058731812,-211403.77567499137,8.354610896974169,39906.63722987509,0
2021-09-23,123811.9073524178,-217594.52581136566,8.508824954259033,40123.80499059331,0
2021-09-24,128827.81303265077,-224036.07750179045,8.666961758049915,40713.67803217772,2
2021-09-25,147384.82126232213,-231405.50280053902,8.838836735688362,42855.22353110431,5
2021-09-26,83075.96722698762,-235559.4050094436,8.955527436875654,35579.743848966944,2
2021-09-27,73558.64998725159,-239237.42945941744,9.062030383430923,34517.21813012098,0
2021-09-28,77859.53694877721,-243130.50363371067,9.173230754780835,34992.038155717026,0
2021-09-29,96771.30511336809,-247969.18985653465,9.303750437717923,37053.92758304281,0
2021-09-30,89780.7608618713,-252458.340128385,9.427347120201437,36302.800419524974,1
2021-10-01,55899.64484582495,-255253.3922469792,9.512756396106148,32709.030289072496,0
2021-10-02,50764.34917770809,-257791.6731628875,9.591620695906812,32169.33114048919,0
2021-10-03,61504.68632824067,-260866.98436207953,9.683956004716265,33289.25395089768,0
2021-10-04,64727.905851265765,-264103.46056654793,9.780167792664438,33622.26225448319,2
2021-10-05,83202.34464234987,-268263.6818041964,9.89726078031865,35511.44445395027,0
2021-10-06,204103.80231272848,-278469.1270559641,10.11098073967307,47727.608408469394,4
2021-10-07,230375.68443506391,-289988.1992545222,10.339752974997436,50326.529555191344,13
2021-10-08,258755.18846744328,-302926.28212996625,10.583415348597535,53071.85365939936,11
2021-10-09,246408.09596313786,-315246.99494594353,10.820663493217566,51905.79036684109,10
2021-10-10,248870.67396136821,-327690.8397401318,11.05923401635789,52133.94642420069,18
2021-10-11,252211.74896058498,-340301.7424607291,11.299611758944954,52436.62384703359,17
2021-10-12,259735.46029640327,-353288.8401529916,11.54405360229758,53103.03655618736,18
2021-10-13,280391.068304493,-367308.74406581407,11.79933045007216,54892.92931586182,17
2021-10-14,272502.5463663627,-380934.21202083107,12.050481538863588,54224.94995571901,22
2021-10-15,226094.99740692414,-380934.21202083107,12.050481538863588,50373.8549758403,27
2021-10-16,229469.70873730874,-380934.21202083107,12.050481538863588,50653.9028162109,27
2021-10-17,245905.54868786363,-380934.21202083107,12.050481538863588,52017.81843215938,28
2021-10-18,285841.885429278,-380934.21202083107,12.050481538863588,55331.90481224445,29
2021-10-19,382916.3956384831,-380934.21202083107,12.050481538863588,63387.55884533296,38
2021-10-20,374830.1604702147,-380934.21202083107,12.050481538863588,62716.52880041818,51
2021-10-21,381920.83739748865,-380934.21202083107,12.050481538863588,63304.9432056356,56
2021-10-22,316134.1860042546,-380934.21202083107,12.050481538863588,57845.68822225026,57
2021-10-23,309045.83363277256,-380934.21202083107,12.050481538863588,57257.46671851851,55
2021-10-24,356456.69065686525,-380934.21202083107,12.050481538863588,61191.82045128758,58
2021-10-25,346517.1217308809,-380934.21202083107,12.050481538863588,60366.99292104087,58
2021-10-26,352199.7212425369,-380934.21202083107,12.050481538863588,60838.55909815415,58
2021-10-27,319564.1585656174,-380934.21202083107,12.050481538863588,58130.32187363597,53
2021-10-28,290042.2128182647,-380934.21202083107,12.050481538863588,55680.4657701979,55
2021-10-29,290808.81049799465,-380934.21202083107,12.050481538863588,55744.08129271936,50
2021-10-30,279657.6023831263,-380934.21202083107,12.050481538863588,54818.70681047108,50
2021-10-31,273024.5445359403,-380934.21202083107,12.050481538863588,54268.26757484435,53
2021-11-01,258820.20436022745,-380934.21202083107,12.050481538863588,53089.53126211669,54
2021-11-02,278773.3322501101,-380934.21202083107,12.050481538863588,54745.32632935384,53
2021-11-03,244369.91554586857,-380934.21202083107,12.050481538863588,51890.38508959605,61
2021-11-04,247742.70227444416,-380934.21202083107,12.050481538863588,52170.27321835657,57
2021-11-05,231402.90704651666,-380934.21202083107,12.050481538863588,50814.32780030579,49
2021-11-06,218582.75689715112,-380934.21202083107,12.050481538863588,49750.45743894141,40
2021-11-07,231981.04192713927,-380934.21202083107,12.050481538863588,50862.30388149044,35
2021-11-08,272301.6983083389,-380934.21202083107,12.050481538863588,54208.28273313739,38
2021-11-09,226035.24336984497,-380934.21202083107,12.050481538863588,50368.89633274488,30
2021-11-10,198733.47871822026,-380934.21202083107,12.050481538863588,48103.28026059252,29
2021-11-11,232621.34870419116,-380934.21202083107,12.050481538863588,50915.43924998064,28
2021-11-12,244924.8139885948,-380934.21202083107,12.050481538863588,51936.43291274209,27
2021-11-13,220649.78985162254,-391966.977332545,12.271369130172513,49922.4463615785,22
2021-11-14,228692.53069428017,-391966.977332545,12.271369130172513,50577.85333021759,31
2021-11-15,191344.78116912371,-401534.4555779573,12.472541813729483,47534.75639540077,24
2021-11-16,165756.66274050076,-409822.4959159908,12.65467138551408,45483.53261194616,23
2021-11-17,194829.19515988877,-419564.19921656774,12.85845055990059,47781.29305038184,25
2021-11-18,228302.0758838192,-430979.58839548816,13.084900891395955,50384.91844541379,17
2021-11-19,242669.02617487335,-443113.34304809815,13.320466080730581,51483.3613979188,20
2021-11-20,282115.8562654337,-457219.4885150065,13.579425118406578,54445.26099844163,23
2021-11-21,320717.8441541783,-457219.4885150065,13.579425118406578,57287.943037788085,28
2021-11-22,303323.8640187279,-457219.4885150065,13.579425118406578,56007.03607863609,32
2021-11-23,303526.58911194257,-457219.4885150065,13.579425118406578,56021.964920722334,33
2021-11-24,303812.4903759181,-457219.4885150065,13.579425118406578,56043.01892422268,34
2021-11-25,280576.16273165715,-471248.647380561,13.837505858897917,54332.393263542726,25
2021-11-26,236843.04620047944,-483091.09575179423,14.068812970123433,51172.34435350926,22
2021-11-27,226060.8988262866,-494394.42327629664,14.292944923750607,50406.35963729221,24
2021-11-28,277681.56561850646,-494394.42327629664,14.292944923750607,54017.97831123265,38
2021-11-29,316952.4970338769,-494394.42327629664,14.292944923750607,56765.55284012584,40
2021-11-30,329546.99980333255,-494394.42327629664,14.292944923750607,57646.722034903,43
2021-12-01,363466.9843288195,-494394.42327629664,14.292944923750607,60019.91977032016,50
2021-12-02,358641.7399837854,-494394.42327629664,14.292944923750607,59682.323538698496,50
2021-12-03,315820.5575922231,-494394.42327629664,14.292944923750607,56686.35716367901,44
2021-12-04,305324.4320950084,-494394.42327629664,14.292944923750607,55952.00006979745,40
2021-12-05,335261.2536277307,-494394.42327629664,14.292944923750607,58046.51744829628,46
2021-12-06,345056.7480275529,-494394.42327629664,14.292944923750607,58731.85517625079,46
2021-12-07,327920.08246373053,-494394.42327629664,14.292944923750607,57532.89543385744,48
2021-12-08,334590.55016778625,-494394.42327629664,14.292944923750607,57999.59195718703,38
2021-12-09,342944.02822379785,-494394.42327629664,14.292944923750607,58584.03960604984,52
2021-12-10,426619.3672950501,-494394.42327629664,14.292944923750607,64438.35021297094,61
2021-12-11,444812.7486998984,-494394.42327629664,14.292944923750607,65711.24264360056,64
2021-12-12,517965.51815342315,-494394.42327629664,14.292944923750607,70829.34600464876,65
2021-12-13,622625.1051373242,-494394.42327629664,14.292944923750607,78151.81086701508,66
2021-12-14,671060.4596713581,-494394.42327629664,14.292944923750607,81540.5704818058,66
2021-12-15,685534.3184088594,-494394.42327629664,14.292944923750607,82553.2280422117,70
2021-12-16,689336.9742697361,-494394.42327629664,14.292944923750607,82819.279292053,65
2021-12-17,633808.4890481958,-494394.42327629664,14.292944923750607,78934.25171251838,71
2021-12-18,593119.8606259171,-494394.42327629664,14.292944923750607,76087.48859691537,70
2021-12-19,663492.8648589293,-494394.42327629664,14.292944923750607,81011.10683013708,73
2021-12-20,634563.0513505463,-494394.42327629664,14.292944923750607,78987.04435296974,72
2021-12-21,637905.6457865844,-494394.42327629664,14.292944923750607,79220.90759486075,68
2021-12-22,686618.1440619684,-494394.42327629664,14.292944923750607,82629.05745727563,67
2021-12-23,699077.6519824262,-494394.42327629664,14.292944923750607,83500.7817930879,64
2021-12-24,666609.2388318076,-494394.42327629664,14.292944923750607,81229.1426505718,68
2021-12-25,623012.0077247035,-494394.42327629664,14.292944923750607,78178.8803470588,70
2021-12-26,624513.1926718613,-494394.42327629664,14.292944923750607,78283.91013309424,69
2021-12-27,594690.6506175441,594690.6506175441,0.0,76235.5060242078,76
2021-12-28,594690.6506175441,594690.6506175441,0.0,79376.95992750877,75
2021-12-29,594690.6506175441,594690.6506175441,0.0,71077.17868678784,68
2021-12-30,594690.6506175441,594690.6506175441,0.0,75766.35212641484,69
2021-12-31,594690.6506175441,594690.6506175441,0.0,76009.03875681864,65
2022-01-01,594690.6506175441,594690.6506175441,0.0,74102.38181807898,62
2022-01-02,594690.6506175441,594690.6506175441,0.0,72655.19041168876,59
2022-01-03,594690.6506175441,594690.6506175441,0.0,71000.15352174899,63
2022-01-04,594690.6506175441,594690.6506175441,0.0,67869.82435544023,55
2022-01-05,594690.6506175441,594690.6506175441,0.0,66281.60471476203,54
2022-01-06,594690.6506175441,594690.6506175441,0.0,67421.18982748956,55
2022-01-07,594690.6506175441,594690.6506175441,0.0,71005.65549840935,52
2022-01-08,594690.6506175441,594690.6506175441,0.0,78003.93869549481,62
2022-01-09,594690.6506175441,594690.6506175441,0.0,77954.91791931639,59
2022-01-10,594690.6506175441,594690.6506175441,0.0,76688.35579272978,54
2022-01-11,594690.6506175441,594690.6506175441,0.0,74148.88810729234,45
2022-01-12,594690.6506175441,594690.6506175441,0.0,73873.705813426,36
2022-01-13,594690.6506175441,594690.6506175441,0.0,74725.14764913345,27
2022-01-14,594675.7833512786,564956.1180866669,0.4261988451804567,69731.9234922567,20
2022-01-15,593400.5556985413,535285.348532501,0.8703185841923533,66774.63657744437,18
2022-01-16,593343.1474624564,505617.44946190144,1.3147209192248115,66725.7185291308,15
2022-01-17,595244.5793911505,475854.4764180178,1.7510167771577534,68183.30042898074,22
2022-01-18,599951.174243485,475854.4764180178,1.7510167771577534,70871.22147790079,28
2022-01-19,599131.6834899762,445897.14331019134,2.1762632326425235,70411.76723540014,24
2022-01-20,595881.7266324465,416102.312107789,2.608324561468097,68925.24694989208,21
2022-01-21,603500.6699542664,416102.312107789,2.608324561468097,71846.25740785882,27
2022-01-22,596774.9511994221,386262.8185604792,3.038858732605069,69273.41846472769,21
2022-01-23,597127.1523192411,356405.7145169161,3.4688970142202358,69394.23015890144,21
2022-01-24,593495.0925637872,326730.21800131386,3.9028402500788038,68351.47161277919,23
2022-01-25,605465.4188931403,296456.190205962,4.32650114230179,71422.43085662952,22
2022-01-26,601299.2552253862,296456.190205962,4.32650114230179,70459.49024232576,30
2022-01-27,605872.0114009483,296456.190205962,4.32650114230179,71516.40806695141,26
2022-01-28,619608.307836721,296456.190205962,4.32650114230179,74691.32839725433,41
2022-01-29,615030.0635834511,296456.190205962,4.32650114230179,73633.14209319753,38
2022-01-30,670769.8563518247,296456.190205962,4.32650114230179,86516.48383634079,46
2022-01-31,646540.2004279005,296456.190205962,4.32650114230179,80916.1950285968,39
2022-02-01,648764.6521196776,296456.190205962,4.32650114230179,81430.34066698063,38
2022-02-02,619536.0523247562,296456.190205962,4.32650114230179,74674.6277170538,48
2022-02-03,599886.2241371105,296456.190205962,4.32650114230179,70132.89120957386,36
2022-02-04,600118.5332760018,296456.190205962,4.32650114230179,70186.58566873393,34
2022-02-05,592392.8824281557,296456.190205962,4.32650114230179,68400.92779098381,39
2022-02-06,590512.7493563655,296456.190205962,4.32650114230179,67966.36577194087,32
2022-02-07,597274.8736130446,266591.69991305243,4.755788762672462,69532.77157629021,24
2022-02-08,587817.5135262512,237200.0894464782,5.1906977997715575,67547.26196836265,20
2022-02-09,580211.1903929884,208188.80464470873,5.629479963236616,66084.68067703876,17
2022-02-10,571206.0003130544,179627.79060370498,6.072150296229406,64487.56875344569,20
2022-02-11,602943.6515046675,179627.79060370498,6.072150296229406,69714.32528009507,29
2022-02-12,597537.593504676,149750.16398780578,6.506033985055564,68826.48177759956,23
2022-02-13,602200.8600997594,149750.16398780578,6.506033985055564,69543.24203519967,36
2022-02-14,607613.6248409514,149750.16398780578,6.506033985055564,70375.20275867962,41
2022-02-15,648401.191112116,149750.16398780578,6.506033985055564,76644.39323091725,46
2022-02-16,620678.809289745,149750.16398780578,6.506033985055564,72383.36694577186,47
2022-02-17,624061.1926743505,149750.16398780578,6.506033985055564,72903.2510091467,37
2022-02-18,600182.6874967457,149750.16398780578,6.506033985055564,69233.04190288411,36
2022-02-19,629005.9606419546,149750.16398780578,6.506033985055564,73663.27900453717,44
2022-02-20,629566.7286487825,149750.16398780578,6.506033985055564,73749.47099309979,42
2022-02-21,646523.5935025291,149750.16398780578,6.506033985055564,76355.7999628987,45
2022-02-22,648276.3998127759,149750.16398780578,6.506033985055564,76625.21237517214,45
2022-02-23,650294.3847579148,149750.16398780578,6.506033985055564,76935.38366382115,45
2022-02-24,670408.4418794257,149750.16398780578,6.506033985055564,80026.98404090389,42
2022-02-25,676330.3536135259,149750.16398780578,6.506033985055564,80937.20242397765,47
2022-02-26,688669.9276475383,149750.16398780578,6.506033985055564,82833.83777238752,52
2022-02-27,690059.3576708371,149750.16398780578,6.506033985055564,83047.39798841011,45
2022-02-28,684438.430844754,149750.16398780578,6.506033985055564,82183.44203014209,43
2022-03-01,697688.6399047223,149750.16398780578,6.506033985055564,84220.0451420232,30
2022-03-02,684621.5055076983,149750.16398780578,6.506033985055564,82211.58124112144,36
2022-03-03,670777.547599587,149750.16398780578,6.506033985055564,80083.71687092124,35
2022-03-04,632014.6466232438,149750.16398780578,6.506033985055564,74125.7244802602,39
2022-03-05,637152.9693014399,149750.16398780578,6.506033985055564,74915.50250632015,46
2022-03-06,598306.7766143396,149750.16398780578,6.506033985055564,68944.70789068635,41
2022-03-07,590510.8177765281,149750.16398780578,6.506033985055564,67746.44196466767,38
2022-03-08,554988.0754066675,149750.16398780578,6.506033985055564,62286.473195451785,29
2022-03-09,538983.5436150262,122800.3130607813,6.956259788169077,59828.59226477889,25
2022-03-10,542139.537410622,122800.3130607813,6.956259788169077,60282.2834568421,32
2022-03-11,547488.8135349879,122800.3130607813,6.956259788169077,61051.27085628679,33
2022-03-12,554640.1203002009,122800.3130607813,6.956259788169077,62079.309915060265,33
2022-03-13,559209.8796587108,122800.3130607813,6.956259788169077,62736.23755975259,30
2022-03-14,557098.1903945932,122800.3130607813,6.956259788169077,62432.67079709242,29
2022-03-15,558719.0072082162,122800.3130607813,6.956259788169077,62665.67198781559,33
2022-03-16,529081.7260126711,122800.3130607813,6.956259788169077,58405.152384170106,28
2022-03-17,522858.6366359116,96656.72763935017,7.410605295756653,57512.42874055195,21
2022-03-18,523865.0736600107,70462.81910863637,7.864739010498642,57650.00643328756,20
2022-03-19,513878.06152980856,44768.27366850994,8.32023530883302,56381.79335664667,22
2022-03-20,517624.67730187805,18886.39275639323,8.775404734011712,56833.65037426423,20
2022-03-21,551935.8407520163,-8711.089218256951,9.229493410940824,60745.14656521357,20
2022-03-22,543994.9393787872,-35911.516197870806,9.683467949609405,59886.23689305951,23
2022-03-23,536143.6953689953,-62719.37116269469,10.137020549454899,59076.83264624464,22
2022-03-24,504046.8029292905,-87922.34138341474,10.58755838983401,55911.77139396972,11
2022-03-25,518636.6898543766,-113854.82418820368,11.039976892817307,57291.0179236049,13
2022-03-26,495331.4580270939,-138622.0162693604,11.4885867289827,55181.15406633572,7
2022-03-27,556280.1352151613,-166436.71839767168,11.948198847413567,60487.51471601763,12
2022-03-28,554111.576833328,-194142.98989612554,12.407388275991426,60307.17747242124,10
2022-03-29,482431.61574164574,-218265.17373780388,12.849524766478266,54530.94975990253,7
2022-03-30,465112.08565002825,-241521.35942494747,13.286584139209484,53183.98150128438,14
2022-03-31,410545.21175540634,-262049.13320706235,13.70464472178154,49077.83883616317,5
2022-04-01,450738.4364466787,-284586.6184665278,14.137745587916077,52011.478799116965,6
2022-04-02,448453.25565546995,-307009.8418298854,14.569987387191844,51850.634966881735,9
2022-04-03,437901.4105042064,-328905.4597455436,14.998031238437314,51127.16849692638,3
2022-04-04,415638.5310503644,-349687.90585921466,15.41645591722462,49643.47454556589,8
2022-04-05,420899.14940399246,-370733.38946650445,15.83727808972982,49985.39107448368,14
2022-04-06,416729.0693409851,-391570.3638579135,16.256131826812755,49722.74104382538,6
2022-04-07,421537.50040130096,-412647.7658130274,16.677307519048863,50019.18116947354,16
2022-04-08,406163.9320838003,-432956.47013482545,17.090737081419018,49097.964483399264,18
2022-04-09,370925.324117691,-451503.20000895683,17.484843706208192,47036.65288324169,10
2022-04-10,408373.7845294379,-471922.3997154214,17.89983767826434,49179.0037467098,11
2022-04-11,436454.2296470334,-493745.6567791996,18.32965141420264,50748.36751698792,20
2022-04-12,347602.6185499058,-511126.2222208309,18.70811195959353,45901.41659540262,8
2022-04-13,331680.9925285338,-527710.6864588636,19.076055927376892,45050.80516953435,6
2022-04-14,304999.3628040501,-542961.035857801,19.425239172446744,43652.50749986233,5
2022-04-15,294600.9199850189,-557691.4501174084,19.766701952904754,43117.58087581127,8
2022-04-16,312278.2271863306,-573305.7518342679,20.121296102900676,44012.273090744544,11
2022-04-17,312132.3330139732,-588912.7586601372,20.4757798643023,44005.41017951664,15
2022-04-18,276251.3765011416,-602725.672808048,20.802523086952995,42253.38655484871,9
2022-04-19,254728.10918973363,-615462.3966856316,21.111369526531817,41219.04572707844,10
2022-04-20,307716.8170860993,-630848.6221955743,21.463044661644403,43729.37083613956,8
2022-04-21,257701.5044692594,-643734.0195539712,21.774135242241673,41399.3719610252,9
2022-04-22,208173.8399966805,-654142.9717776108,22.04004572072416,39125.0010413299,3
2022-04-23,238553.8815885844,-666070.964056847,22.334390090801982,40503.67357100944,4
2022-04-24,196402.14472605358,-675891.3168019684,22.58856691435608,38616.59151885546,8
2022-04-25,211879.1087950284,-686485.5370972272,22.85799149288419,39301.994060673314,4
2022-04-26,199831.92791785568,-696477.3832892748,23.115549377908074,38775.16802883121,8
2022-04-27,222509.81926811824,-707603.1523969084,23.395257429710316,39756.47519414978,9
2022-04-28,275625.0444235344,-721384.7491580042,23.72301504950472,42027.1112883838,17
2022-04-29,277012.7776931417,-735235.7343172902,24.051962737036117,42085.90055944722,18
2022-04-30,780966.5076906312,-735235.7343172902,24.051962737036117,63038.607642328345,41
2022-05-01,757327.064945253,-735235.7343172902,24.051962737036117,62055.75884101296,43
2022-05-02,777635.7812751693,-735235.7343172902,24.051962737036117,62900.127200965726,48
2022-05-03,764403.2081961067,-735235.7343172902,24.051962737036117,62349.96116155612,53
2022-05-04,857218.6121181425,-735235.7343172902,24.051962737036117,66208.9145840606,54
2022-05-05,805132.1501306993,-735235.7343172902,24.051962737036117,64043.334063380746,49
2022-05-06,939171.0938225478,-735235.7343172902,24.051962737036117,69616.22410804435,53
2022-05-07,921850.3880131684,-735235.7343172902,24.051962737036117,68896.08721116198,54
2022-05-08,880211.2203070762,-735235.7343172902,24.051962737036117,67164.87017239722,51
2022-05-09,955551.9179762144,-735235.7343172902,24.051962737036117,70297.28387571324,49
2022-05-10,881354.1406317401,-735235.7343172902,24.051962737036117,67212.38896897776,48
2022-05-11,920283.1641424933,-735235.7343172902,24.051962737036117,68830.92729519962,53
2022-05-12,864553.0296810869,-735235.7343172902,24.051962737036117,66513.85508488928,62
2022-05-13,1451313.0598830567,-735235.7343172902,24.051962737036117,90909.37060339848,59
2022-05-14,1496695.670582233,-735235.7343172902,24.051962737036117,92796.22745559602,53
2022-05-15,1585748.5834003794,-735235.7343172902,24.051962737036117,96498.74910806055,52
2022-05-16,1635882.3089639097,-735235.7343172902,24.051962737036117,98583.141392867,53
2022-05-17,1725000.7283661515,-735235.7343172902,24.051962737036117,102288.38658955166,47
2022-05-18,1774235.7961209514,-735235.7343172902,24.051962737036117,104335.41569453968,49
2022-05-19,1672545.344325875,-735235.7343172902,24.051962737036117,100107.4675263642,57
2022-05-20,1489512.0268100821,-735235.7343172902,24.051962737036117,92497.55562366734,51
2022-05-21,1413101.3132795347,-735235.7343172902,24.051962737036117,89320.65424701222,56
2022-05-22,1501489.7755626687,-735235.7343172902,24.051962737036117,92995.55027314942,49
2022-05-23,1242957.7516863188,-735235.7343172902,24.051962737036117,82246.65519531645,50
2022-05-24,1176117.610150334,-735235.7343172902,24.051962737036117,79467.66612624301,57
2022-05-25,1278756.6486713118,-735235.7343172902,24.051962737036117,83735.05335127519,53
2022-05-26,1240912.1570716817,-735235.7343172902,24.051962737036117,82161.6062270887,52
2022-05-27,1235098.839629069,-735235.7343172902,24.051962737036117,81919.90797126772,60
2022-05-28,1306594.4271727363,-735235.7343172902,24.051962737036117,84892.45488252564,53
2022-05-29,1447116.0355643886,-735235.7343172902,24.051962737036117,90734.87239863428,54
2022-05-30,1395280.5979633527,-735235.7343172902,24.051962737036117,88579.72863062828,53
2022-05-31,1632262.9035124774,-735235.7343172902,24.051962737036117,98432.65864470197,53
2022-06-01,1588284.2494574157,-735235.7343172902,24.051962737036117,96604.17360437958,53
2022-06-02,1598135.7224794817,-735235.7343172902,24.051962737036117,97013.76483523977,54
2022-06-03,1742827.8929172228,-735235.7343172902,24.051962737036117,103029.58034350758,58
2022-06-04,1686893.0603277143,-735235.7343172902,24.051962737036117,100703.99747108038,59
2022-06-05,1601694.4703129688,-735235.7343172902,24.051962737036117,97161.7256429458,54
2022-06-06,1386756.2997642006,-735235.7343172902,24.051962737036117,88225.31688085345,44
2022-06-07,1543688.5510053695,-735235.7343172902,24.051962737036117,94750.0339260665,50
2022-06-08,2073517.5141024673,-735235.7343172902,24.051962737036117,116778.54647989845,56
2022-06-09,1962574.4778515166,-735235.7343172902,24.051962737036117,112165.90686025874,54
2022-06-10,2082198.1227114336,-735235.7343172902,24.051962737036117,117139.45709263606,53
2022-06-11,2011410.2648308137,-735235.7343172902,24.051962737036117,114196.33520879837,55
2022-06-12,2018302.773808422,-735235.7343172902,24.051962737036117,114482.9026317137,53
2022-06-13,2121902.67094982,-735235.7343172902,24.051962737036117,118790.2391378472,62
2022-06-14,1875431.8995887958,-735235.7343172902,24.051962737036117,108542.81051608657,54
2022-06-15,1836680.5297831893,-735235.7343172902,24.051962737036117,106931.65843551495,43
2022-06-16,1742477.3840653626,-735235.7343172902,24.051962737036117,103015.00736018425,33
2022-06-17,1735619.9707331401,-735235.7343172902,24.051962737036117,102729.89909658032,30
2022-06-18,1713790.1243285285,-735235.7343172902,24.051962737036117,101822.2872462178,34
2022-06-19,1632670.0467654285,-735235.7343172902,24.051962737036117,98449.5862966114,35
2022-06-20,1610035.39379152,-735235.7343172902,24.051962737036117,97508.51328642188,42
2022-06-21,1768177.5344150648,-735235.7343172902,24.051962737036117,104083.53347718708,42
2022-06-22,1847024.2539558276,-735235.7343172902,24.051962737036117,107361.71581942694,53
2022-06-23,1588804.1646480593,-735235.7343172902,24.051962737036117,96625.789935501,55
2022-06-24,1639681.1747312061,-735235.7343172902,24.051962737036117,98741.08549950104,47
2022-06-25,1845484.5124818836,-735235.7343172902,24.051962737036117,107297.69852941288,56
2022-06-26,2138963.9715417237,-735235.7343172902,24.051962737036117,119499.59083518838,55
2022-06-27,2241565.4401995926,-735235.7343172902,24.051962737036117,123765.4160312286,51
2022-06-28,2308765.780722435,-735235.7343172902,24.051962737036117,126559.38096696188,57
2022-06-29,2319697.5586373787,-735235.7343172902,24.051962737036117,127013.88765460574,56
2022-06-30,2442535.9027339895,-735235.7343172902,24.051962737036117,132121.09430711978,58
2022-07-01,2458396.085748188,-735235.7343172902,24.051962737036117,132780.50756114817,60
2022-07-02,2432944.5786008616,-735235.7343172902,24.051962737036117,131722.31919516774,57
2022-07-03,2496341.332935528,-735235.7343172902,24.051962737036117,134358.14376498738,57
2022-07-04,2532655.855835144,-735235.7343172902,24.051962737036117,135867.9799183462,61
2022-07-05,2552662.0700536445,-735235.7343172902,24.051962737036117,136699.7712543478,65
2022-07-06,2571742.1470787954,-735235.7343172902,24.051962737036117,137493.0569098162,71
2022-07-07,2602212.371445129,-735235.7343172902,24.051962737036117,138759.9067174377,64
2022-07-08,2672788.423886268,-735235.7343172902,24.051962737036117,141694.2224409717,60
2022-07-09,2873258.3123319675,-735235.7343172902,24.051962737036117,150029.08852393832,58
2022-07-10,2803040.734284487,-735235.7343172902,24.051962737036117,147109.67696425898,59
2022-07-11,2607020.309886566,-735235.7343172902,24.051962737036117,138959.80468393644,57
2022-07-12,2671717.96773419,-735235.7343172902,24.051962737036117,141649.71646182225,62
2022-07-13,2611239.1515553277,-735235.7343172902,24.051962737036117,139135.20998099627,64
2022-07-14,2801826.476853513,-735235.7343172902,24.051962737036117,147059.19220988572,69
2022-07-15,2785515.657802372,-735235.7343172902,24.051962737036117,146381.0430197564,61
2022-07-16,2777528.9846023573,-735235.7343172902,24.051962737036117,146048.9839155854,64
2022-07-17,2569313.552761806,-735235.7343172902,24.051962737036117,137392.08409759536,60
2022-07-18,2225469.533315244,-735235.7343172902,24.051962737036117,123096.20216871236,54
2022-07-19,2050221.3036958752,-735235.7343172902,24.051962737036117,115809.96812888014,54
2022-07-20,2054819.558176037,-735235.7343172902,24.051962737036117,116001.1481390288,55
2022-07-21,2056450.4209994436,-735235.7343172902,24.051962737036117,116068.95394935858,53
2022-07-22,1897177.448393295,-735235.7343172902,24.051962737036117,109446.9175547614,36
2022-07-23,1811476.915531803,-735235.7343172902,24.051962737036117,105883.77662533,41
2022-07-24,1854661.9371266281,-735235.7343172902,24.051962737036117,107679.26508782987,44
2022-07-25,1849353.7608731813,-735235.7343172902,24.051962737036117,107458.56890966422,41
2022-07-26,1994913.9191005793,-735235.7343172902,24.051962737036117,113510.47244114854,36
2022-07-27,1949928.1427753987,-735235.7343172902,24.051962737036117,111640.11463222386,34
2022-07-28,2095095.1077110223,-735235.7343172902,24.051962737036117,117675.6705044309,30
2022-07-29,2110931.5977356792,-735235.7343172902,24.051962737036117,118334.09868336166,28
2022-07-30,2088836.2674589022,-735235.7343172902,24.051962737036117,117415.4489033687,27
2022-07-31,1920167.3950873378,-831246.5043409078,24.921153214312046,110404.75839007834,23
2022-08-01,1980633.880568408,-930280.6742235753,25.798419641362067,112833.0570344307,25
2022-08-02,2061322.2489488753,-1033349.3633882481,26.686784199518172,115962.7023323776,25
2022-08-03,1991324.5819367403,-1132918.081703043,27.564828130663425,113341.63408638636,25
2022-08-04,1925033.301706308,-1229172.1531401444,28.432029159804962,110938.45736855207,18
2022-08-05,1932929.2382259925,-1325821.0312733974,29.300599596479252,111217.86974936035,18
2022-08-06,1814941.950289329,-1416570.3975220202,30.146777088772915,107192.63085057308,21
2022-08-07,1529196.5914168,-1493032.138636388,30.928879894541858,97715.42779299074,21
2022-08-08,1665150.5682623824,-1576291.7485397547,31.743843822727086,102112.47052826722,12
2022-08-09,1878089.8173509832,-1670198.5870782672,32.606352199377326,108821.99832513036,11
2022-08-10,2096656.8551268466,-1775034.0507212006,33.51335418257912,115526.81014127276,18
2022-08-11,2163395.825797306,-1883206.5463234559,34.43335552842893,117519.83825043708,15
2022-08-12,2090089.204981052,-1987713.6192493315,35.338569450872015,115392.413660077,16
2022-08-13,1973289.5835848388,-2086380.5651022198,36.218387456875426,112088.6498196761,15
2022-08-14,1976242.1686675008,-2185195.1439000648,37.09887082465344,112171.53568464276,10
2022-08-15,2109975.988418515,-2290696.5808569146,38.009656221623395,115777.75246417309,17
2022-08-16,2161206.449084337,-2398759.604886732,38.93180902268959,117127.0015044383,23
2022-08-17,1827243.7176974309,-2490124.0748833534,39.77306893265866,108550.02916397246,22
2022-08-18,1709659.9918069742,-2490124.0748833534,39.77306893265866,105593.66373766998,26
2022-08-19,1718133.2382176644,-2490124.0748833534,39.77306893265866,105806.703531633,28
2022-08-20,1398551.0545308632,-2490124.0748833534,39.77306893265866,97771.563366113,27
2022-08-21,1386220.9710911633,-2490124.0748833534,39.77306893265866,97461.55250271756,26
2022-08-22,1306631.427279464,-2490124.0748833534,39.77306893265866,95460.46116258348,27
2022-08-23,1316213.242903022,-2555936.382336191,40.460403192937314,95702.20066208158,24
2022-08-24,1260411.543617417,-2555936.382336191,40.460403192937314,94323.0325153997,28
2022-08-25,1206883.0028079948,-2616282.0411180602,41.10895127938525,93000.79240511404,24
2022-08-26,1094816.2206643904,-2671024.2207057695,41.71503919429663,90275.36624932702,20
2022-08-27,1005629.8395255273,-2721306.969750772,42.285254314742815,88137.97787605827,14
2022-08-28,957247.749105351,-2769170.553795641,42.83517102278548,86994.36033344617,15
2022-08-29,868389.6628786703,-2812591.1224537906,43.34622412288447,84920.44831626063,16
2022-08-30,880322.3411704814,-2856608.339942752,43.862622581182436,85196.2436627403,17
2022-08-31,768541.1621042104,-2895036.3587484327,44.32734878857566,82648.24360072815,18
2022-09-01,518516.2915399452,-2920962.8214869983,44.663852275263785,77008.11591058913,9
2022-09-02,231546.57040249184,-2932540.439447572,44.827798343135484,70583.14543200364,9
2022-09-03,127861.0390969878,-2938933.651232716,44.921397178018644,68270.24275706137,11
2022-09-04,-20055.803978210315,-2938933.651232716,44.921397178018644,64977.45018231085,8
2022-09-05,-3733.340688745491,-2938933.651232716,44.921397178018644,65340.806273502334,8
2022-09-06,19707.224984473083,-2939919.037116587,44.93635092627369,65862.63016676341,10
2022-09-07,-218133.30321578076,-2939919.037116587,44.93635092627369,60569.79878865541,5
2022-09-08,-234292.04685380915,-2939919.037116587,44.93635092627369,60210.20698146706,15
2022-09-09,-446413.9176380951,-2939919.037116587,44.93635092627369,55489.71084834066,20
2022-09-10,-457851.9702619803,-2939919.037116587,44.93635092627369,55235.17187514607,18
2022-09-11,-355974.89073812217,-2939919.037116587,44.93635092627369,57502.31367513349,9
2022-09-12,-421763.68607839104,-2939919.037116587,44.93635092627369,56038.26966657108,10
2022-09-13,-637351.4102152404,-2939919.037116587,44.93635092627369,51240.64547829285,9
2022-09-14,-691009.0526463035,-2939919.037116587,44.93635092627369,50046.56448762456,12
2022-09-15,-695937.3943632473,-2939919.037116587,44.93635092627369,49936.8906575214,11
2022-09-16,-767438.0848894403,-2939919.037116587,44.93635092627369,48345.735856289255,13
2022-09-17,-815696.6686489503,-2939919.037116587,44.93635092627369,47271.80388885632,10
2022-09-18,-818945.163066552,-2939919.037116587,44.93635092627369,47199.51287388425,12
2022-09-19,-614976.7081407593,-2939919.037116587,44.93635092627369,51738.56534969476,4
2022-09-20,-485046.9465181199,-2939919.037116587,44.93635092627369,54629.98307597638,1
2022-09-21,-304711.4016997954,-2939919.037116587,44.93635092627369,58643.11589831432,5
2022-09-22,-201891.81157421134,-2939919.037116587,44.93635092627369,60931.23204495644,2
2022-09-23,-289465.86543826154,-2939919.037116587,44.93635092627369,58982.38546398392,6
2022-09-24,-327983.3891458614,-2939919.037116587,44.93635092627369,58125.2281088886,11
2022-09-25,-331895.4326118226,-2939919.037116587,44.93635092627369,58038.17067353121,4
2022-09-26,-264396.37509840773,-2939919.037116587,44.93635092627369,59540.27434065272,5
2022-09-27,-230386.41747713508,-2939919.037116587,44.93635092627369,60297.12167961605,0
2022-09-28,-333544.2700109384,-2939919.037116587,44.93635092627369,58001.47794336669,3
2022-09-29,-396581.11992706545,-2939919.037116587,44.93635092627369,56598.67489824292,7
2022-09-30,-343169.40727901366,-2939919.037116587,44.93635092627369,57787.28304169639,10
2022-10-01,-269650.81396204606,-2939919.037116587,44.93635092627369,59423.34364300308,12
2022-10-02,-289233.22303926153,-2939919.037116587,44.93635092627369,58987.56261776264,16
2022-10-03,-277322.6538783428,-2939919.037116587,44.93635092627369,59252.61683145392,17
2022-10-04,-173674.32591866096,-2939919.037116587,44.93635092627369,61559.17545989565,27
2022-10-05,-106142.52909441339,-2939919.037116587,44.93635092627369,63062.00769776574,27
2022-10-06,-58909.45050286874,-2939919.037116587,44.93635092627369,64113.11838249933,24
2022-10-07,175575.47195120668,-2939919.037116587,44.93635092627369,69331.27512243557,52
2022-10-08,289674.5309902234,-2939919.037116587,44.93635092627369,71870.40116821123,46
2022-10-09,322267.15560615575,-2939919.037116587,44.93635092627369,72595.70760596375,60
2022-10-10,200077.48532473948,-2939919.037116587,44.93635092627369,69876.53553785589,64
2022-10-11,157697.07196511934,-2939919.037116587,44.93635092627369,68933.41460155304,61
2022-10-12,293822.826315884,-2939919.037116587,44.93635092627369,71962.71608119708,68
2022-10-13,260761.97926081019,-2939919.037116587,44.93635092627369,71226.9899625072,74
2022-10-14,291266.63780283136,-2939919.037116587,44.93635092627369,71905.83143301445,72
2022-10-15,114875.92427182104,-2939919.037116587,44.93635092627369,67980.48569632097,71
2022-10-16,-48116.87392553408,-2939919.037116587,44.93635092627369,64353.29312643975,69
2022-10-17,134813.90291261487,-2939919.037116587,44.93635092627369,68424.17945938389,67
2022-10-18,200479.96933151595,-2939919.037116587,44.93635092627369,69885.49229554716,70
2022-10-19,141310.03095047083,-2939919.037116587,44.93635092627369,68568.7423334035,74
2022-10-20,228439.43083783612,-2939919.037116587,44.93635092627369,70507.69371889354,69
2022-10-21,210059.4419843075,-2939919.037116587,44.93635092627369,70098.6709906421,57
2022-10-22,298137.834867415,-2939919.037116587,44.93635092627369,72058.74098002812,57
2022-10-23,23560.087433265056,-2939919.037116587,44.93635092627369,65948.37060561465,53
2022-10-24,154738.32883948786,-2939919.037116587,44.93635092627369,68867.5716244389,52
2022-10-25,193355.34794674115,-2939919.037116587,44.93635092627369,69726.94312014873,57
2022-10-26,177745.5941875847,-2939919.037116587,44.93635092627369,69379.56836814078,55
2022-10-27,56577.50590953976,-2939919.037116587,44.93635092627369,66683.13027781068,48
2022-10-28,-49371.26231098501,-2939919.037116587,44.93635092627369,64325.37834565328,50
2022-10-29,-46585.22778433794,-2939919.037116587,44.93635092627369,64387.37791769726,51
2022-10-30,-146976.9688414908,-2939919.037116587,44.93635092627369,62153.29039194636,49
2022-10-31,-142141.575317726,-2939919.037116587,44.93635092627369,62260.89578099315,46
2022-11-01,-67880.31008002674,-2939919.037116587,44.93635092627369,63913.483579222215,49
2022-11-02,38029.77501499839,-2939919.037116587,44.93635092627369,66270.37466877219,49
2022-11-03,91491.4275883669,-2939919.037116587,44.93635092627369,67460.09416026098,47
2022-11-04,-64337.656445936766,-2939919.037116587,44.93635092627369,63992.32072467495,41
2022-11-05,-141986.4981931611,-2939919.037116587,44.93635092627369,62264.34682054951,39
2022-11-06,-99298.21998622408,-2939919.037116587,44.93635092627369,63214.31888830764,37
2022-11-07,16618.759537875187,-2939919.037116587,44.93635092627369,65793.90038824479,32
2022-11-08,192330.1174976118,-2939919.037116587,44.93635092627369,69704.1279509595,30
2022-11-09,277914.4751146245,-2939919.037116587,44.93635092627369,71608.69643177428,42
2022-11-10,130542.1957743722,-2939919.037116587,44.93635092627369,68329.11817714378,38
2022-11-11,259691.17863374762,-2939919.037116587,44.93635092627369,71203.16068832294,35
2022-11-12,280088.03395988094,-2939919.037116587,44.93635092627369,71657.06615473694,35
2022-11-13,276494.83390679024,-2939919.037116587,44.93635092627369,71577.10416452136,41
2022-11-14,507101.4283821434,-2939919.037116587,44.93635092627369,76708.9537633841,46
2022-11-15,391496.53477599705,-2939919.037116587,44.93635092627369,74136.31732933503,55
2022-11-16,412860.17485789023,-2939919.037116587,44.93635092627369,74611.73733210615,53
2022-11-17,232105.28780878615,-2939919.037116587,44.93635092627369,70589.27259424469,49
2022-11-18,405025.02101088036,-2939919.037116587,44.93635092627369,74437.37618160096,47
2022-11-19,377913.6542564472,-2939919.037116587,44.93635092627369,73834.0480030643,45
2022-11-20,443043.4388202359,-2939919.037116587,44.93635092627369,75283.42658457498,43
2022-11-21,463176.18320200033,-2939919.037116587,44.93635092627369,75731.45460569303,45
2022-11-22,327378.65735050244,-2939919.037116587,44.93635092627369,72709.45742407277,47
2022-11-23,152618.33105076663,-2939919.037116587,44.93635092627369,68820.39383307353,47
2022-11-24,113105.78965365654,-2939919.037116587,44.93635092627369,67941.0936544289,42
2022-11-25,-697893.2940952224,-2939919.037116587,44.93635092627369,49893.36465481629,17
2022-11-26,-846728.1871280966,-2939919.037116587,44.93635092627369,46581.23783621757,7
2022-11-27,-627976.3452720512,-2939919.037116587,44.93635092627369,51449.2753458709,15
2022-11-28,79590.45466742152,-2943898.659340514,44.99554602688763,67195.29777905603,24
2022-11-29,78021.92048264202,-2943898.659340514,44.99554602688763,67160.4380135174,30
2022-11-30,-100593.29948009225,-2943898.659340514,44.99554602688763,63190.818001438856,27
2022-12-01,-12533.870812824927,-2943898.659340514,44.99554602688763,65147.88789930489,21
2022-12-02,-122429.31952439947,-2943898.659340514,44.99554602688763,62705.52507864026,18
2022-12-03,-102509.74685605522,-2943898.659340514,44.99554602688763,63148.22606634338,20
2022-12-04,20469.807464417536,-2943898.659340514,44.99554602688763,65881.37557067398,29
2022-12-05,80978.89256922202,-2943898.659340514,44.99554602688763,67226.15500881318,26
2022-12-06,141230.08874588134,-2943898.659340514,44.99554602688763,68565.20301460147,28
2022-12-07,242006.91108216438,-2943898.659340514,44.99554602688763,70804.90963525372,32
2022-12-08,288477.7897429941,-2958322.9094339157,45.196234609515216,71837.8583355118,23
2022-12-09,155612.95499746222,-2958322.9094339157,45.196234609515216,68898.12594644328,27
2022-12-10,173093.6328325132,-2958322.9094339157,45.196234609515216,69284.89882666394,26
2022-12-11,80136.25550961075,-2962329.82238222,45.255806484537054,67228.19267249998,19
2022-12-12,189753.77918837685,-2971817.748539793,45.39196036450674,69650.47339529077,13
2022-12-13,212901.45680694887,-2982463.0875136144,45.54361278973703,70160.54170038567,15
2022-12-14,105364.74438638752,-2987731.456442157,45.62127915998367,67799.41855601515,10
2022-12-15,175165.15003027488,-2996489.9329055822,45.747547138370756,69329.51122696656,11
2022-12-16,32474.7454770701,-2998113.7107738825,45.77205937295497,66210.44579964029,11
2022-12-17,106147.15512618981,-3003421.201217453,45.850278666769434,67820.05359102302,22
2022-12-18,289454.2186953989,-3017894.273979042,46.05170176357327,71818.16015517025,20
2022-12-19,95448.31906598434,-3022666.8092457233,46.12226043295672,67605.42738021692,19
2022-12-20,26983.622904573567,-3024016.024121324,46.142655462838896,66121.02438454215,14
2022-12-21,74151.60932754958,-3027723.6972795306,46.19784816448647,67143.28545266693,12
2022-12-22,128503.01130682137,-3034149.0084776515,46.29184864631704,68319.84706309826,9
2022-12-23,317636.652277139,-3050031.2381472504,46.51108952163084,72405.697760707,21
2022-12-24,370996.27342230594,-3050031.2381472504,46.51108952163084,73552.94289501742,32
2022-12-25,400486.9319959502,-3050031.2381472504,46.51108952163084,74186.9993937354,53
2022-12-26,579094.6142749493,-3050031.2381472504,46.51108952163084,78027.10901309692,61
2022-12-27,564921.5640158863,-3050031.2381472504,46.51108952163084,77722.38490525869,60
2022-12-28,375038.10813288856,-3050031.2381472504,46.51108952163084,73639.84334719244,58
2022-12-29,570024.9227963481,-3050031.2381472504,46.51108952163084,77832.10838911921,53
2022-12-30,496233.00879767817,-3050031.2381472504,46.51108952163084,76245.56387344297,63
2022-12-31,543725.0444333199,-3050031.2381472504,46.51108952163084,77266.65445902375,53
2023-01-01,855471.4169799807,-3050031.2381472504,46.51108952163084,83969.27905356645,64
2023-01-02,691253.8339747316,-3050031.2381472504,46.51108952163084,80438.56014987626,68
2023-01-03,1052467.1728642527,-3050031.2381472504,46.51108952163084,88204.73683170893,69
2023-01-04,1021852.043660596,-3050031.2381472504,46.51108952163084,87546.50393459697,62
2023-01-05,1154351.0163548132,-3050031.2381472504,46.51108952163084,90395.26482274164,68
2023-01-06,1346535.944311981,-3050031.2381472504,46.51108952163084,94527.28860317337,65
2023-01-07,1428695.4761719024,-3050031.2381472504,46.51108952163084,96293.73898532818,65
2023-01-08,1379833.019799023,-3050031.2381472504,46.51108952163084,95243.18401283812,65
2023-01-09,1442611.604300429,-3050031.2381472504,46.51108952163084,96592.93920341929,62
2023-01-10,1490943.4796979697,-3050031.2381472504,46.51108952163084,97632.08655289306,70
2023-01-11,3144574.917002918,-3050031.2381472504,46.51108952163084,133185.57399669712,68
2023-01-12,2995880.7394711412,-3050031.2381472504,46.51108952163084,129988.61217401989,60
2023-01-13,3158633.701732925,-3050031.2381472504,46.51108952163084,133487.8413672232,56
2023-01-14,3052684.058268831,-3050031.2381472504,46.51108952163084,131209.89766489776,59
2023-01-15,2773140.415279545,-3050031.2381472504,46.51108952163084,125199.63977018042,60
2023-01-16,2819037.863739947,-3050031.2381472504,46.51108952163084,126186.44633464624,55
2023-01-17,3058648.548490607,-3050031.2381472504,46.51108952163084,131338.1356890576,48
2023-01-18,3007540.4197236467,-3050031.2381472504,46.51108952163084,130239.29820121094,54
2023-01-19,2782949.6590228174,-3050031.2381472504,46.51108952163084,125410.54095190206,59
2023-01-20,3025445.9898710987,-3050031.2381472504,46.51108952163084,130624.27241556738,61
2023-01-21,3784692.04298418,-3050031.2381472504,46.51108952163084,146948.251512208,59
2023-01-22,4199247.75949087,-3050031.2381472504,46.51108952163084,155861.30258820768,55
2023-01-23,4175432.081027288,-3050031.2381472504,46.51108952163084,155349.25957419688,60
2023-01-24,3731320.8737571677,-3050031.2381472504,46.51108952163084,145800.7580912639,61
2023-01-25,3780140.876739322,-3050031.2381472504,46.51108952163084,146850.40030528794,55
2023-01-26,4024632.985755777,-3050031.2381472504,46.51108952163084,152107.0414962613,50
2023-01-27,3809686.5406959727,-3050031.2381472504,46.51108952163084,147485.63943342984,50
2023-01-28,3518447.4189288123,-3050031.2381472504,46.51108952163084,141223.9258343168,50
2023-01-29,3639673.9842792433,-3050031.2381472504,46.51108952163084,143830.32715918904,52
2023-01-30,3733221.14661304,-3050031.2381472504,46.51108952163084,145841.61443058893,49
2023-01-31,3532484.011002129,-3050031.2381472504,46.51108952163084,141525.71605720092,55
2023-02-01,3348784.356861635,-3050031.2381472504,46.51108952163084,137576.12777557055,53
2023-02-02,2929754.9606060497,-3050031.2381472504,46.51108952163084,128566.89147159818,52
2023-02-03,2982029.904640303,-3050031.2381472504,46.51108952163084,129690.81577807872,55
2023-02-04,4009606.021573509,-3050031.2381472504,46.51108952163084,151783.95802655932,54
2023-02-05,3695329.698120538,-3050031.2381472504,46.51108952163084,145026.93885789826,51
2023-02-06,4009685.479731039,-3050031.2381472504,46.51108952163084,151785.6663967211,52
2023-02-07,4742273.865162791,-3050031.2381472504,46.51108952163084,167536.49900387917,51
2023-02-08,5094198.347245708,-3050031.2381472504,46.51108952163084,175102.96295263807,53
2023-02-09,4882664.53325698,-3050031.2381472504,46.51108952163084,170554.93330714136,58
2023-02-10,5248107.080262037,-3050031.2381472504,46.51108952163084,178412.03901598745,58
2023-02-11,4780781.834385626,-3050031.2381472504,46.51108952163084,168364.42992570647,58
2023-02-12,4829489.234893308,-3050031.2381472504,46.51108952163084,169411.6511585058,57
2023-02-13,5332634.706794462,-3050031.2381472504,46.51108952163084,180229.4040229524,63
2023-02-14,5289327.604516175,-3050031.2381472504,46.51108952163084,179298.2905460654,56
2023-02-15,5231625.779911364,-3050031.2381472504,46.51108952163084,178057.68695672194,59
2023-02-16,4826696.0784251345,-3050031.2381472504,46.51108952163084,169351.597599303,66
2023-02-17,4693198.750901321,-3050031.2381472504,46.51108952163084,166481.37183385994,65
2023-02-18,4784670.5218387805,-3050031.2381472504,46.51108952163084,168448.0376737328,61
2023-02-19,4853343.535694892,-3050031.2381472504,46.51108952163084,169924.5245623956,61
2023-02-20,5015341.852681159,-3050031.2381472504,46.51108952163084,173407.52869436564,61
2023-02-21,5542235.534389424,-3050031.2381472504,46.51108952163084,184735.87397991787,50
2023-02-22,6102604.97755519,-3050031.2381472504,46.51108952163084,196783.9564679696,58
2023-02-23,6403379.532319582,-3050031.2381472504,46.51108952163084,203250.68424962068,60
2023-02-24,6375648.08955551,-3050031.2381472504,46.51108952163084,202654.4513286272,63
2023-02-25,6148146.701009302,-3050031.2381472504,46.51108952163084,197763.11485627035,61
2023-02-26,6664291.630572935,-3050031.2381472504,46.51108952163084,208860.35929565484,60
2023-02-27,7099724.733799831,-3050031.2381472504,46.51108952163084,218222.27938192568,61
2023-02-28,6639917.16490572,-3050031.2381472504,46.51108952163084,208336.30221769973,64
2023-03-01,6793267.606850893,-3050031.2381472504,46.51108952163084,211633.37488407653,72
2023-03-02,6389549.622360914,-3050031.2381472504,46.51108952163084,202953.3377436388,69
2023-03-03,6229946.46579866,-3050031.2381472504,46.51108952163084,199521.83015687225,70
2023-03-04,6541410.51115517,-3050031.2381472504,46.51108952163084,206218.38464656356,67
2023-03-05,6881446.058016601,-3050031.2381472504,46.51108952163084,213529.23352924324,65
2023-03-06,6121499.788130495,-3050031.2381472504,46.51108952163084,197190.19959771863,65
2023-03-07,5985564.622050683,-3050031.2381472504,46.51108952163084,194267.55969661305,67
2023-03-08,6328880.260441427,-3050031.2381472504,46.51108952163084,201648.9313634943,73
2023-03-09,6157277.077622495,-3050031.2381472504,46.51108952163084,197959.42022574457,62
2023-03-10,6112193.59789323,-3050031.2381472504,46.51108952163084,196990.11419157183,58
2023-03-11,5683268.930747732,-3050031.2381472504,46.51108952163084,187768.12710081536,47
2023-03-12,5802078.432682813,-3050031.2381472504,46.51108952163084,190322.5609607194,45
2023-03-13,6164564.653712089,-3050031.2381472504,46.51108952163084,198116.1049253409,52
2023-03-14,5830906.258978621,-3050031.2381472504,46.51108952163084,190942.36640050384,50
2023-03-15,5620047.164894874,-3050031.2381472504,46.51108952163084,186408.8434008828,46
2023-03-16,5726271.587919445,-3050031.2381472504,46.51108952163084,188692.6949321433,46
2023-03-17,5542746.855571485,-3050031.2381472504,46.51108952163084,184746.86751258548,45
2023-03-18,5669479.462020825,-3050031.2381472504,46.51108952163084,187471.650091381,47
2023-03-19,6072205.090780851,-3050031.2381472504,46.51108952163084,196130.35133665567,50
2023-03-20,6082975.793551072,-3050031.2381472504,46.51108952163084,196361.92412673644,56
2023-03-21,5844698.763189715,-3050031.2381472504,46.51108952163084,191238.90867360367,50
2023-03-22,6364619.872038751,-3050031.2381472504,46.51108952163084,202417.34190740777,53
2023-03-23,6056491.565242599,-3050031.2381472504,46.51108952163084,195792.50662693448,36
2023-03-24,6280724.325669843,-3050031.2381472504,46.51108952163084,200613.5667812652,34
2023-03-25,6611418.617100739,-3050031.2381472504,46.51108952163084,207723.5763474161,42
2023-03-26,6503654.394287095,-3050031.2381472504,46.51108952163084,205406.61873747825,38
2023-03-27,5888835.7120226985,-3050031.2381472504,46.51108952163084,192187.86405794177,41
2023-03-28,6273002.795121194,-3050031.2381472504,46.51108952163084,200447.5519528003,34
2023-03-29,4977294.588252421,-3298902.189333651,47.952328156937746,172592.1784339614,19
2023-03-30,5158500.730424484,-3556833.6741419956,49.414011205999465,176373.7488995496,21
2023-03-31,5799574.6223904565,-3556833.6741419956,49.414011205999465,189347.27354002927,28
2023-04-01,5715515.140136015,-3556833.6741419956,49.414011205999465,187646.1470740152,30
2023-04-02,5667704.951607546,-3556833.6741419956,49.414011205999465,186678.6039144616,29
2023-04-03,5936557.91831761,-3556833.6741419956,49.414011205999465,192119.4284933297,26
2023-04-04,5786879.231285427,-3556833.6741419956,49.414011205999465,189090.3546865465,30
2023-04-05,5728838.1347692795,-3556833.6741419956,49.414011205999465,187915.7668500282,31
2023-04-06,5451590.63554322,-3556833.6741419956,49.414011205999465,182305.06064627037,27
2023-04-07,5320244.58877952,-3822852.5540529694,50.894035391508886,179649.67942702997,25
2023-04-08,5206340.488393316,-3822852.5540529694,50.894035391508886,177411.61558497103,27
2023-04-09,5060628.787329139,-3822852.5540529694,50.894035391508886,174548.57476018142,33
2023-04-10,5673487.34865834,-3822852.5540529694,50.894035391508886,186590.4291074484,36
2023-04-11,6411123.5879169665,-3822852.5540529694,50.894035391508886,201083.9986109131,42
2023-04-12,6196700.903915269,-3822852.5540529694,50.894035391508886,196870.8785006247,37
2023-04-13,5652969.980109794,-3822852.5540529694,50.894035391508886,186187.290146454,31
2023-04-14,5125787.07538637,-3822852.5540529694,50.894035391508886,175828.84832379242,36
2023-04-15,4843184.766156362,-3822852.5540529694,50.894035391508886,170276.08939917476,28
2023-04-16,5135082.663269456,-4079613.106230247,52.3520566141803,176014.01674454505,25
2023-04-17,2982337.4158396637,-4228733.7050372,53.45696158903613,134894.89313503806,14
2023-04-18,3273141.7578676455,-4392394.884460067,54.62258472247046,140336.3953074577,7
2023-04-19,2929598.1762209963,-4538878.455360389,55.71480517991536,134048.33073478463,4
2023-04-20,3176384.7918794258,-4697701.665534615,56.86114179798637,138479.2181168069,0
2023-04-21,3477894.1696794312,-4871600.721494985,58.069989436804185,143783.3030822387,4
2023-04-22,3919989.0283316737,-5067605.073020357,59.36397074713263,151398.12900379722,6
2023-04-23,3825524.6483844174,-5258886.087464939,60.64016948086819,149808.4654713154,7
2023-04-24,3520449.4398770696,-5434912.960130609,61.85539303084078,144779.0073137613,7
2023-04-25,3011013.481459734,-5585467.3980645435,62.95744675269198,136544.3060817377,1
2023-04-26,3225552.8235290926,-5746749.071282828,64.10926711783182,139953.2750596099,2
2023-04-27,3789278.0640671263,-5936217.711202183,65.38238657510642,148747.94703459446,4
2023-04-28,3659530.6175851524,-6119198.816609075,66.62852654035142,146764.9059937121,14
2023-04-29,4201330.807156402,-6329270.608761699,67.98404158890848,154898.13741282714,18
2023-04-30,4440428.144130436,-6551297.566642168,69.38487810512477,158416.73302530102,12
2023-05-01,4723978.445519095,-6787502.394038808,70.83767420863347,162505.06482827073,19
2023-05-02,4496230.159919114,-7012319.522462974,72.24832454913796,159291.57879024342,15
2023-05-03,5109108.022728074,-7267781.310144071,73.77019673327999,167776.28203461945,18
2023-05-04,5214561.098659944,-7528515.8834414,75.31034217495498,169207.5299896745,20
2023-05-05,5425629.8191112075,-7528515.8834414,75.31034217495498,172010.18251196586,28
2023-05-06,6482114.100257328,-7528515.8834414,75.31034217495498,186038.59150115596,35
2023-05-07,6055997.864186598,-7528515.8834414,75.31034217495498,180380.45446758877,37
2023-05-08,5910186.656089667,-7528515.8834414,75.31034217495498,178444.31656294092,32
2023-05-09,6018954.480429672,-7528515.8834414,75.31034217495498,179888.57801759377,36
2023-05-10,6130833.38971884,-7528515.8834414,75.31034217495498,181374.14966762371,26
2023-05-11,6031285.411011327,-7830087.693287212,76.98439827170152,180054.31510132103,21
2023-05-12,6277867.818778178,-8143988.931757083,78.69642142683652,183259.3717611817,23
2023-05-13,7214406.9193109535,-8143988.931757083,78.69642142683652,195160.0285325124,34
2023-05-14,7295290.534562381,-8143988.931757083,78.69642142683652,196187.821331536,39
2023-05-15,6732305.252841003,-8143988.931757083,78.69642142683652,189033.9346424852,45
2023-05-16,7157224.512362288,-8143988.931757083,78.69642142683652,194433.40836463316,42
2023-05-17,7327461.035185548,-8143988.931757083,78.69642142683652,196596.61375233336,57
2023-05-18,7230762.904781345,-8143988.931757083,78.69642142683652,195367.8649903061,64
2023-05-19,8132512.596297264,-8143988.931757083,78.69642142683652,206826.4507197,67
2023-05-20,7074078.000045205,-8143988.931757083,78.69642142683652,193376.86080110277,72
2023-05-21,5687765.934682632,-8143988.931757083,78.69642142683652,175760.9128300579,62
2023-05-22,4652273.476951664,-8143988.931757083,78.69642142683652,162602.8499987809,52
2023-05-23,4863142.055185128,-8143988.931757083,78.69642142683652,165282.36927564544,40
2023-05-24,4590906.29675667,-8143988.931757083,78.69642142683652,161823.05367408975,47
2023-05-25,4649082.767970551,-8143988.931757083,78.69642142683652,162562.30547435067,51
2023-05-26,5726536.773426339,-8143988.931757083,78.69642142683652,176253.57613088857,56
2023-05-27,6825944.5224220585,-8143988.931757083,78.69642142683652,190223.814282287,65
2023-05-28,6910838.668479748,-8143988.931757083,78.69642142683652,191302.5691293116,65
2023-05-29,6724064.936530435,-8143988.931757083,78.69642142683652,188929.2244642946,57
2023-05-30,6415909.657711424,-8143988.931757083,78.69642142683652,185013.47742990748,52
2023-05-31,7377903.259154394,-8143988.931757083,78.69642142683652,197237.5860234263,58
2023-06-01,8655882.059030155,-8143988.931757083,78.69642142683652,213476.9368948492,58
2023-06-02,9411880.391981767,-8143988.931757083,78.69642142683652,223083.451641577,57
2023-06-03,9649621.558489734,-8143988.931757083,78.69642142683652,226104.44245917085,57
2023-06-04,9656689.601316927,-8143988.931757083,78.69642142683652,226194.25649008917,66
2023-06-05,10087232.104861429,-8143988.931757083,78.69642142683652,231665.1851007983,63
2023-06-06,10303597.358739028,-8143988.931757083,78.69642142683652,234414.55095447632,66
2023-06-07,10102596.441816574,-8143988.931757083,78.69642142683652,231860.42062328555,60
2023-06-08,9985682.437170574,-8143988.931757083,78.69642142683652,230374.7875725541,65
2023-06-09,9874088.466052981,-8143988.931757083,78.69642142683652,228956.75649700715,58
2023-06-10,10517815.289101483,-8143988.931757083,78.69642142683652,237136.6306434697,62
2023-06-11,10040465.89954629,-8143988.931757083,78.69642142683652,231070.92421234585,60
2023-06-12,9435719.595509848,-8143988.931757083,78.69642142683652,223386.37778606813,49
2023-06-13,11763189.69607816,-8143988.931757083,78.69642142683652,252961.67559973232,53
2023-06-14,12104720.119665282,-8143988.931757083,78.69642142683652,257301.5225380666,65
2023-06-15,12703667.285744665,-8143988.931757083,78.69642142683652,264912.3789813449,66
2023-06-16,13361778.28732065,-8143988.931757083,78.69642142683652,273275.0337201989,68
2023-06-17,14153577.302800344,-8143988.931757083,78.69642142683652,283336.46982013417,66
2023-06-18,13747164.711131928,-8143988.931757083,78.69642142683652,278172.1614017869,71
2023-06-19,13370870.574284425,-8143988.931757083,78.69642142683652,273390.5699389865,74
2023-06-20,13764383.800637862,-8143988.931757083,78.69642142683652,278390.96537271386,69
2023-06-21,13271513.53456786,-8143988.931757083,78.69642142683652,272128.0342618219,69
2023-06-22,14288883.744302263,-8143988.931757083,78.69642142683652,285055.8166347503,66
2023-06-23,13818982.56688738,-8143988.931757083,78.69642142683652,279084.7550680977,65
2023-06-24,12349665.139399128,-8143988.931757083,78.69642142683652,260414.0531372066,65
2023-06-25,12483188.45765348,-8143988.931757083,78.69642142683652,262110.7417011013,69
2023-06-26,11669430.363213176,-8143988.931757083,78.69642142683652,251770.2703088049,69
2023-06-27,10587196.507927181,-8143988.931757083,78.69642142683652,238018.2618227248,66
2023-06-28,13274924.867559722,-8143988.931757083,78.69642142683652,272171.3822683768,64
2023-06-29,12712456.081712538,-8143988.931757083,78.69642142683652,265024.0587224122,59
2023-06-30,12778351.805433339,-8143988.931757083,78.69642142683652,265861.3995128326,65
2023-07-01,13656504.12781016,-8143988.931757083,78.69642142683652,277020.1321013688,64
2023-07-02,12481659.626484515,-8143988.931757083,78.69642142683652,262091.31475459924,55
2023-07-03,13084131.051248284,-8143988.931757083,78.69642142683652,269746.95415776933,53
2023-07-04,12922185.87222611,-8143988.931757083,78.69642142683652,267689.10735754686,55
2023-07-05,12205453.10684195,-8143988.931757083,78.69642142683652,258581.54245956097,52
2023-07-06,11220752.859086921,-8143988.931757083,78.69642142683652,246068.89919190624,40
2023-07-07,10982802.81547908,-8143988.931757083,78.69642142683652,243045.25416086675,39
2023-07-08,10666493.697899928,-8143988.931757083,78.69642142683652,239025.8958235474,40
2023-07-09,11344414.605312997,-8143988.931757083,78.69642142683652,247640.2761869967,38
2023-07-10,11444009.297651557,-8143988.931757083,78.69642142683652,248905.83172983865,37
2023-07-11,11781282.800691498,-8143988.931757083,78.69642142683652,253191.58573141677,42
2023-07-12,12428940.10309103,-8143988.931757083,78.69642142683652,261421.404707387,50
2023-07-13,13951038.489920346,-8143988.931757083,78.69642142683652,280762.7973556461,48
2023-07-14,13754563.446809782,-8143988.931757083,78.69642142683652,278266.17756597465,47
2023-07-15,14331943.473673498,-8143988.931757083,78.69642142683652,285602.9791180059,47
2023-07-16,14882257.072490988,-8143988.931757083,78.69642142683652,292595.8459960648,45
2023-07-17,14447795.522804974,-8143988.931757083,78.69642142683652,287075.11783830565,48
2023-07-18,14355613.95309856,-8143988.931757083,78.69642142683652,285903.76127551566,40
2023-07-19,13056215.505720804,-8143988.931757083,78.69642142683652,269392.2296986218,38
2023-07-20,14642163.097296005,-8143988.931757083,78.69642142683652,289544.95790176693,38
2023-07-21,12775662.19494838,-8143988.931757083,78.69642142683652,265827.222476111,42
2023-07-22,14056498.374708558,-8143988.931757083,78.69642142683652,282102.8822397632,40
2023-07-23,14057026.143774299,-8143988.931757083,78.69642142683652,282109.58863194945,37
2023-07-24,14643673.476838285,-8143988.931757083,78.69642142683652,289564.1503823765,43
2023-07-25,13877665.698744232,-8143988.931757083,78.69642142683652,279830.4450345901,44
2023-07-26,13039941.489540858,-8143988.931757083,78.69642142683652,269185.43482936494,43
2023-07-27,13093368.90960847,-8143988.931757083,78.69642142683652,269864.3401607501,45
2023-07-28,12465975.909484467,-8143988.931757083,78.69642142683652,261892.0208513227,42
2023-07-29,12604177.609008854,-8143988.931757083,78.69642142683652,263648.1578778694,37
2023-07-30,12172934.645012198,-8143988.931757083,78.69642142683652,258168.32847549205,31
2023-07-31,11298927.129862586,-8143988.931757083,78.69642142683652,247062.2641932404,26
2023-08-01,12121916.009689061,-8143988.931757083,78.69642142683652,257520.03171182575,29
2023-08-02,12634963.973315604,-8775752.924522683,81.08787740844438,264043.37592894747,25
2023-08-03,12356342.476942044,-8775752.924522683,81.08787740844438,260607.3321542396,30
2023-08-04,11867452.177607156,-8775752.924522683,81.08787740844438,254578.1905000276,35
2023-08-05,13108862.78291583,-8775752.924522683,81.08787740844438,269887.6380399554,41
2023-08-06,15049424.273306683,-8775752.924522683,81.08787740844438,293819.2237764537,55
2023-08-07,13739553.74633653,-8775752.924522683,81.08787740844438,277665.5079704244,53
2023-08-08,13229185.424846161,-8775752.924522683,81.08787740844438,271371.49291168,50
2023-08-09,12818638.05869563,-8775752.924522683,81.08787740844438,266308.49978284794,47
2023-08-10,11736824.341485932,-8775752.924522683,81.08787740844438,252967.2488858669,39
2023-08-11,10908653.897460952,-9321199.255554006,83.33363256943382,242757.36613496824,25
2023-08-12,12964046.002706707,-9321199.255554006,83.33363256943382,267421.9828313926,29
2023-08-13,11757333.35042401,-9321199.255554006,83.33363256943382,252941.4830010599,28
2023-08-14,11469868.155639872,-9321199.255554006,83.33363256943382,249491.91305048057,29
2023-08-15,13063676.76098001,-9321199.255554006,83.33363256943382,268617.5476375985,31
2023-08-16,13109543.215142008,-9321199.255554006,83.33363256943382,269167.9431111641,31
2023-08-17,12993638.753864262,-9321199.255554006,83.33363256943382,267777.0945701363,32
2023-08-18,12990324.309193645,-9321199.255554006,83.33363256943382,267737.32137690776,39
2023-08-19,11419009.542815462,-9892164.00681356,85.62657582644754,248885.0376642835,23
2023-08-20,11466938.208577365,-9892164.00681356,85.62657582644754,249444.77820393845,29
2023-08-21,10429451.445642678,-10413649.616235929,87.82276579115536,237331.41257978597,20
2023-08-22,10338205.576796247,-10930572.81815579,90.00928651076623,236295.3781708738,15
2023-08-23,9901594.775044909,-11425664.934210936,92.14732986202563,231447.39778341545,11
2023-08-24,11874520.095002487,-12019405.782482266,94.49424604242311,252861.1728036604,15
2023-08-25,12003419.746662326,-12019405.782482266,94.49424604242311,254225.27333949588,30
2023-08-26,13745423.3302759,-12019405.782482266,94.49424604242311,272660.2961749763,31
2023-08-27,13462820.77735272,-12019405.782482266,94.49424604242311,269669.6108712774,27
2023-08-28,13065102.4695605,-12019405.782482266,94.49424604242311,265460.695255255,37
2023-08-29,14305936.695754036,-12019405.782482266,94.49424604242311,278592.01571297325,47
2023-08-30,14818507.463673625,-12019405.782482266,94.49424604242311,284016.37528391974,50
2023-08-31,13776219.080065709,-12019405.782482266,94.49424604242311,272986.1969687239,42
2023-09-01,14705739.91293893,-12019405.782482266,94.49424604242311,282822.99520568654,37
2023-09-02,14654991.98427841,-12019405.782482266,94.49424604242311,282285.947387582,43
2023-09-03,14865425.968450766,-12019405.782482266,94.49424604242311,284512.89763043466,45
2023-09-04,15357259.710275762,-12019405.782482266,94.49424604242311,289717.8044096706,48
2023-09-05,15072774.381792221,-12019405.782482266,94.49424604242311,286707.1943418806,39
2023-09-06,17603846.68928824,-12019405.782482266,94.49424604242311,313492.659208807,47
2023-09-07,20006697.381483153,-12019405.782482266,94.49424604242311,338921.19896472135,56
2023-09-08,21013058.99740126,-12019405.782482266,94.49424604242311,349571.1766942257,62
2023-09-09,20522901.371729046,-12019405.782482266,94.49424604242311,344384.0076738796,63
2023-09-10,20576519.119164385,-12019405.782482266,94.49424604242311,344951.4257938281,60
2023-09-11,19013049.800041735,-12019405.782482266,94.49424604242311,328405.76947502187,63
2023-09-12,19219924.931726143,-12019405.782482266,94.49424604242311,330595.05761000025,64
2023-09-13,19671529.535358038,-12019405.782482266,94.49424604242311,335374.2333010698,67
2023-09-14,15363363.91741158,-12019405.782482266,94.49424604242311,289782.40312749177,58
2023-09-15,13587819.472821817,-12019405.782482266,94.49424604242311,270992.4289337971,41
2023-09-16,12045241.963962171,-12019405.782482266,94.49424604242311,254667.8634341464,28
2023-09-17,10050689.592373017,-12019405.782482266,94.49424604242311,233560.20391915645,28
2023-09-18,9877283.801033463,-12019405.782482266,94.49424604242311,231725.1102642295,28
2023-09-19,9733997.846438069,-12019405.782482266,94.49424604242311,230208.7644485164,27
2023-09-20,8252698.14506929,-12432051.005866315,96.41672564569062,214534.86428223376,25
2023-09-21,7839040.125161616,-12824012.81116953,98.2800892199925,210246.58300908207,24
2023-09-22,7784527.205265753,-13213248.902335096,100.13537200987022,209693.894236805,21
2023-09-23,6103712.221968887,-13518442.143264564,101.71663093070607,192909.99107708296,11
2023-09-24,5142218.122171884,-13775559.47730651,103.11743090033978,183458.58148620784,6
2023-09-25,4631201.241239674,-14007125.328514773,104.41404069837411,178504.02536949876,9
2023-09-26,2536887.6460918877,-14133972.882008204,105.21420886499594,158446.85530536147,3
2023-09-27,2819474.5258852206,-14274950.132733732,106.08868185571023,161133.3495675707,8
2023-09-28,2123167.726697484,-14381111.173094615,106.7751519282031,154570.4089551638,0
2023-09-29,683221.297514502,-14415273.092018314,107.017168368987,141084.78685844466,0
2023-09-30,430945.4718377702,-14436820.90430551,107.1724153889648,138727.5477760126,6
2023-10-01,1041607.1439940818,-14488902.563546695,107.53284714317026,144425.72776728685,3
2023-10-02,803218.0876410939,-14529064.47197646,107.81512057195862,142209.01927558845,0
2023-10-03,826726.3421210758,-14570401.822516277,108.10521029088079,142427.25325826573,1
2023-10-04,895734.4475791883,-14615189.664591288,108.41811139913789,143065.8024937134,6
2023-10-05,1641141.4293820616,-14697248.787538465,108.96511209018152,149941.480383176,5
2023-10-06,1296249.8245341815,-14762062.899117963,109.40647464397757,146776.6215473802,1
2023-10-07,1928318.5941485092,-14858481.239283893,110.03818494030953,152554.31414593433,3
2023-10-08,3004592.8135451097,-15008714.63579606,110.96316991399317,162335.9125672344,6
2023-10-09,2300117.713773411,-15123723.396703754,111.7000950384516,155987.70175154452,5
2023-10-10,1612559.475707084,-15204353.386238847,112.23795955053548,149832.6673906974,0
2023-10-11,1001391.9711535256,-15254424.236567782,112.58456696336988,144387.60698888902,8
2023-10-12,2738882.831992518,-15391371.80185654,113.4410195621216,159820.97748972295,0
2023-10-13,2292555.0442774724,-15506002.419835864,114.17599603297032,155887.03477545045,4
2023-10-14,3663372.9981025085,-15689175.64907172,115.2664556110414,167894.02037725574,0
2023-10-15,3470070.8318525013,-15862683.528361326,116.30979246426725,166217.7702376457,2
2023-10-16,3783955.605642399,-16051886.038706204,117.42932215077701,168917.27961164384,4
2023-10-17,3342254.890019154,-16219002.961130222,118.4406858544237,165156.57360505543,6
2023-10-18,4128560.214464044,-16425436.132682713,119.64170128821134,171796.25603645612,12
2023-10-19,3754869.961006006,-16613184.324437806,120.75423036863926,168673.62926552628,11
2023-10-20,3175649.4840768725,-16771970.768302746,121.72267909339243,163877.59783922182,7
2023-10-21,4537277.459761351,-16998840.31302943,123.0179483577258,175064.84265341162,15
2023-10-22,4752249.585809015,-17236458.732780375,124.36117094441867,176813.2943072473,19
2023-10-23,5459189.633641243,-17236458.732780375,124.36117094441867,182497.8664487253,28
2023-10-24,6267577.822346892,-17236458.732780375,124.36117094441867,188998.19273679916,37
2023-10-25,6663789.393711835,-17236458.732780375,124.36117094441867,192184.16765450095,34
2023-10-26,7450353.968025144,-17236458.732780375,124.36117094441867,198509.00818422588,57
2023-10-27,8538070.744130895,-17236458.732780375,124.36117094441867,207255.44220254087,60
2023-10-28,9512455.92763,-17236458.732780375,124.36117094441867,215090.5661089778,70
2023-10-29,10220082.665384553,-17236458.732780375,124.36117094441867,220780.6599894127,64
2023-10-30,12267509.041792575,-17236458.732780375,124.36117094441867,237244.2101543037,60
2023-10-31,12826417.725984968,-17236458.732780375,124.36117094441867,241738.4480257225,68
2023-11-01,10743591.398235522,-17236458.732780375,124.36117094441867,224990.2434862177,65
2023-11-02,12221717.094399173,-17236458.732780375,124.36117094441867,236875.99275135025,60
2023-11-03,12345239.202885099,-17236458.732780375,124.36117094441867,237869.24577034227,72
2023-11-04,11253519.885928806,-17236458.732780375,124.36117094441867,229090.6269404808,71
2023-11-05,11994193.97319667,-17236458.732780375,124.36117094441867,235046.45770054095,61
2023-11-06,12816352.401275799,-17236458.732780375,124.36117094441867,241657.51179271075,61
2023-11-07,13077907.4603948,-17236458.732780375,124.36117094441867,243760.7008921114,63
2023-11-08,12972581.84010946,-17236458.732780375,124.36117094441867,242913.7675648881,68
2023-11-09,13067772.29068026,-17236458.732780375,124.36117094441867,243679.2030287705,62
2023-11-10,13915552.8216375,-17236458.732780375,124.36117094441867,250496.286886369,61
2023-11-11,16384123.786161907,-17236458.732780375,124.36117094441867,270346.3007273266,62
2023-11-12,14716130.819355965,-17236458.732780375,124.36117094441867,256933.81068611087,69
2023-11-13,13201338.988984797,-17236458.732780375,124.36117094441867,244753.2255495478,72
2023-11-14,16022293.996820603,-17236458.732780375,124.36117094441867,267436.7929879453,68
2023-11-15,15052099.82431231,-17236458.732780375,124.36117094441867,259635.36939937275,67
2023-11-16,14160322.392966919,-17236458.732780375,124.36117094441867,252464.5022824657,62
2023-11-17,14854069.104529757,-17236458.732780375,124.36117094441867,258042.98555256048,67
2023-11-18,15151803.657328632,-17236458.732780375,124.36117094441867,260437.0974006384,74
2023-11-19,15530594.264203135,-17236458.732780375,124.36117094441867,263482.98868646263,71
2023-11-20,15762895.855069727,-17236458.732780375,124.36117094441867,265350.9478661845,71
2023-11-21,17845920.831661552,-17236458.732780375,124.36117094441867,282100.7497599187,63
2023-11-22,18583788.10157767,-17236458.732780375,124.36117094441867,288034.0106347773,66
2023-11-23,19600624.348712303,-17236458.732780375,124.36117094441867,296210.4875802146,65
2023-11-24,17983887.199898414,-17236458.732780375,124.36117094441867,283210.15044494864,70
2023-11-25,17999667.77094522,-17236458.732780375,124.36117094441867,283337.043517175,69
2023-11-26,16587144.002279803,-17236458.732780375,124.36117094441867,271978.80558857974,69
2023-11-27,17256752.12123388,-17236458.732780375,124.36117094441867,277363.188140376,67
2023-11-28,18228181.538792618,-17236458.732780375,124.36117094441867,285174.544451848,64
2023-11-29,19918689.70243009,-17236458.732780375,124.36117094441867,298768.08133156283,65
2023-11-30,20359239.853104427,-17236458.732780375,124.36117094441867,302310.5869812663,62
2023-12-01,19858192.392097823,-17236458.732780375,124.36117094441867,298281.61670701124,70
2023-12-02,10290895.451335564,-17236458.732780375,124.36117094441867,221350.07233422456,45
2023-12-03,8440926.626566384,-17658515.615530763,126.40424552225834,206475.9940163666,25
2023-12-04,7998395.200911198,-18058445.37382028,128.37358429073694,202976.65379287585,20
2023-12-05,6643225.811553989,-18390614.96863785,130.09898147930394,192421.4970443424,22
2023-12-06,7285198.44907026,-18754883.99781709,131.94379151089524,197357.39096702475,21
2023-12-07,7209054.326060716,-19115345.725663323,133.77466077852864,196781.66177752856,16
2023-12-08,6781849.425230134,-19454446.67444855,135.5254347804034,193589.4626878731,19
2023-12-09,8275313.370680459,-19868222.687382895,137.5466826096111,204610.7948524003,15
2023-12-10,8507196.254237767,-20293593.13435596,139.60757205459032,206298.18973810275,12
2023-12-11,8512501.98561868,-20719228.874530397,141.66935176643085,206337.7187490997,9
2023-12-12,12256096.418140657,-21332049.015940964,144.3008229100069,232764.75321993724,18
2023-12-13,15588313.148396019,-22111484.159239348,147.34563890877666,255859.6072936759,21
2023-12-14,14786363.065164108,-22850820.79591347,150.29655549104496,250419.4706133508,23
2023-12-15,14749072.481490832,-22850820.79591347,150.29655549104496,250171.3572513949,29
2023-12-16,16573985.95086005,-22850820.79591347,150.29655549104496,262313.44170174643,36
2023-12-17,17105074.526320707,-22850820.79591347,150.29655549104496,265847.0461394895,36
2023-12-18,16592543.18451349,-22850820.79591347,150.29655549104496,262436.912486508,33
2023-12-19,16029142.164269622,-22850820.79591347,150.29655549104496,258688.31679578748,32
2023-12-20,17445620.33211827,-22850820.79591347,150.29655549104496,268112.8718910175,29
2023-12-21,19065397.174940806,-22850820.79591347,150.29655549104496,278890.0772469915,28
2023-12-22,19889984.136142652,-23845344.86582235,153.79197555594564,284379.7853812938,25
2023-12-23,20640171.117935747,-24877379.222578056,157.35802170864469,289261.0738637243,25
2023-12-24,20703393.921847664,-24877379.222578056,157.35802170864469,289662.85067322804,27
2023-12-25,18813386.08599539,-24877379.222578056,157.35802170864469,277651.97372313705,31
2023-12-26,17286733.53236857,-24877379.222578056,157.35802170864469,267950.1959742182,33
2023-12-27,17270462.849867083,-24877379.222578056,157.35802170864469,267846.79684448324,27
2023-12-28,18920336.856373347,-24877379.222578056,157.35802170864469,278331.6389173016,30
2023-12-29,19187310.83098789,-25836768.748865608,160.78231701823833,280031.28960224026,20
2023-12-30,16767285.571472418,-26675153.987070184,163.944663863127,264982.33327564434,22
2023-12-31,15490766.365724687,-27449711.669298474,166.9546762091183,257198.41462384837,17
2024-01-01,14025289.784452613,-27449711.669298474,166.9546762091183,248420.723489061,40
2024-01-02,12551808.148923162,-27449711.669298474,166.9546762091183,239595.084884702,48
2024-01-03,10554344.863112044,-27449711.669298474,166.9546762091183,227630.979828374,48
2024-01-04,13675790.424717594,-27449711.669298474,166.9546762091183,246327.34480886604,58
2024-01-05,11544113.051649403,-27449711.669298474,166.9546762091183,233559.3444061809,58
2024-01-06,12190885.254271459,-27449711.669298474,166.9546762091183,237433.2832338178,60
2024-01-07,12472527.532907385,-27449711.669298474,166.9546762091183,239120.2217792417,55
2024-01-08,10410509.578519393,-27449711.669298474,166.9546762091183,226769.456881796,51
2024-01-09,9414477.6627527,-27449711.669298474,166.9546762091183,220803.5747730546,42
2024-01-10,9482911.671357121,-27449711.669298474,166.9546762091183,221213.4705013941,45
2024-01-11,10111474.778507296,-27449711.669298474,166.9546762091183,224978.3432286657,40
2024-01-12,10581616.002894823,-27449711.669298474,166.9546762091183,227794.32439830157,36
2024-01-13,11225819.777680013,-27449711.669298474,166.9546762091183,231652.8792433201,35
2024-01-14,10222562.107074033,-27449711.669298474,166.9546762091183,225643.7173954102,28
2024-01-15,11253313.54250421,-27449711.669298474,166.9546762091183,231817.5572592252,27
2024-01-16,13151210.90787829,-27449711.669298474,166.9546762091183,243185.29734574351,28
2024-01-17,13232665.892242957,-27449711.669298474,166.9546762091183,243673.18415559028,30
2024-01-18,13558601.810285565,-27449711.669298474,166.9546762091183,245625.42607802892,38
2024-01-19,15814927.634044547,-27449711.669298474,166.9546762091183,259140.02701638677,30
2024-01-20,15375725.102231722,-27449711.669298474,166.9546762091183,256509.3577725813,32
2024-01-21,16476685.287292715,-27449711.669298474,166.9546762091183,263103.72344151285,30
2024-01-22,19680669.35035361,-27449711.669298474,166.9546762091183,282294.4651194983,34
2024-01-23,17038274.880522605,-27449711.669298474,166.9546762091183,266467.44829176186,32
2024-01-24,17346087.106409613,-27449711.669298474,166.9546762091183,268311.1356497695,38
2024-01-25,17023365.148850646,-27449711.669298474,166.9546762091183,266378.1442242718,46
2024-01-26,17215644.871803965,-27449711.669298474,166.9546762091183,267529.8323789209,45
2024-01-27,17418254.23009816,-27449711.669298474,166.9546762091183,268743.3914291653,43
2024-01-28,17866378.91841646,-27449711.669298474,166.9546762091183,271427.5012636033,39
2024-01-29,16504426.579725984,-27449711.669298474,166.9546762091183,263269.88406104845,34
2024-01-30,18496023.159487944,-27449711.669298474,166.9546762091183,275198.8496041722,47
2024-01-31,15974325.904840585,-27449711.669298474,166.9546762091183,260094.7667961602,49
2024-02-01,17021251.59443437,-27449711.669298474,166.9546762091183,266365.484774029,48
2024-02-02,14762108.163270038,-27449711.669298474,166.9546762091183,252834.0073547643,45
2024-02-03,20037556.62249059,-27449711.669298474,166.9546762091183,284432.09480583284,44
2024-02-04,18640694.837914366,-27449711.669298474,166.9546762091183,276065.38225669414,51
2024-02-05,16253431.528841343,-27449711.669298474,166.9546762091183,261766.51166930867,47
2024-02-06,13723184.802471716,-27449711.669298474,166.9546762091183,246611.22052190543,41
2024-02-07,15252959.632888813,-27449711.669298474,166.9546762091183,255774.03563527777,46
2024-02-08,17214350.085837137,-27449711.669298474,166.9546762091183,267522.0770647469,58
2024-02-09,15506116.858108606,-27449711.669298474,166.9546762091183,257290.35869353524,53
2024-02-10,16531396.612478737,-27449711.669298474,166.9546762091183,263431.42510539136,47
2024-02-11,16414142.330820221,-27449711.669298474,166.9546762091183,262729.11305088113,49
2024-02-12,17930426.489233527,-27449711.669298474,166.9546762091183,271811.12376685586,48
2024-02-13,17014346.705193926,-27449711.669298474,166.9546762091183,266324.1269073479,54
2024-02-14,15412889.793912683,-27449711.669298474,166.9546762091183,256731.9612511111,49
2024-02-15,19693405.59367032,-27449711.669298474,166.9546762091183,282370.7507534554,53
2024-02-16,17000379.03390177,-27449711.669298474,166.9546762091183,266240.4654513809,44
2024-02-17,18032690.97961289,-27449711.669298474,166.9546762091183,272423.6522248864,41
2024-02-18,16715302.582796682,-27449711.669298474,166.9546762091183,264532.9574163977,42
2024-02-19,15690261.181631643,-27449711.669298474,166.9546762091183,258393.31865670744,38
2024-02-20,14310165.134043876,-27449711.669298474,166.9546762091183,250127.02699645387,35
2024-02-21,12921145.207343716,-27449711.669298474,166.9546762091183,241807.2844277561,29
2024-02-22,11936228.248585898,-27449711.669298474,166.9546762091183,235907.9770161795,30
2024-02-23,10404801.852292132,-27969964.768240552,169.2480529743256,226736.82766887735,15
2024-02-24,9601600.693236288,-28450056.805203293,171.40962104608002,221992.54199512035,19
2024-02-25,7202958.149353564,-28810213.716593757,173.1402791949944,207999.9641527001,19
2024-02-26,5861200.87960165,-29103281.087258108,174.60304561922877,200251.2719228832,17
2024-02-27,5274828.226261046,-29367029.092271287,175.9419209589459,196893.70861544492,9
2024-02-28,3354787.3504064046,-29534772.653380636,176.84340796075227,185981.2609531161,10
2024-02-29,3251007.038988434,-29697327.069190454,177.7197705964355,185394.8719245068,8
2024-03-01,4437193.992908429,-29919192.315467034,178.8743201974786,192069.9755585137,8
2024-03-02,6407148.140155036,-30239557.73161019,180.45103395872485,203083.934005873,13
2024-03-03,6158611.170047969,-30547495.988569014,181.97692824710734,201707.47749282583,21
2024-03-04,5151992.616395302,-30805102.059540555,183.2894051226147,196176.61289195475,7
2024-03-05,7893484.226271138,-30805102.059540555,183.2894051226147,211133.78735625,26
2024-03-06,10065732.983579233,-31308401.29120031,185.5453591361298,222986.6296166665,24
2024-03-07,7186378.57559124,-31667729.203177672,187.27645046534684,207469.26632912864,19
2024-03-08,8632662.830572546,-32099373.135804616,189.28129181872688,215193.14230687887,21
2024-03-09,9650636.252870232,-32581917.012045033,191.46788611565643,220572.5154316721,23
2024-03-10,11130106.785317563,-33138436.264292218,193.90432350321794,228300.95920411556,22
2024-03-11,10778043.334826544,-33677351.90392453,196.28259206213448,226486.69335219724,17
2024-03-12,9063998.31095025,-34130563.14975319,198.36283818214372,217755.31070512653,22
2024-03-13,3244170.3729322553,-34292775.72371415,199.22333363625407,188416.41393865092,10
2024-03-14,2027271.6944614053,-34394141.84259019,199.7790699896068,182308.45472924848,4
2024-03-15,10455817.889238067,-34916945.807151206,202.10666313280467,224499.09860999856,10
2024-03-16,12426779.394421972,-35538300.3107349,204.75783329752034,234252.72153306057,9
2024-03-17,10176485.830336235,-36047137.32317702,207.03577658954114,223263.9397641593,14
2024-03-18,15643855.248269893,-36829349.64089845,210.16714878688006,249673.67731851747,18
2024-03-19,16830178.945939258,-37670879.626445055,213.46147777595732,255320.3469788913,20
2024-03-20,20785211.859189264,-38710166.201568894,217.25466249967565,273850.8687280623,24
2024-03-21,20434037.490844674,-38710166.201568894,217.25466249967565,272234.4506300382,32
2024-03-22,24319219.69797699,-38710166.201568894,217.25466249967565,290117.52923663944,43
2024-03-23,23113493.341447033,-38710166.201568894,217.25466249967565,284567.69963732414,48
2024-03-24,19049450.814080067,-38710166.201568894,217.25466249967565,265861.3460861177,44
2024-03-25,18007035.113911793,-38710166.201568894,217.25466249967565,261063.21798992628,48
2024-03-26,19230089.155071504,-38710166.201568894,217.25466249967565,266692.8050703027,50
2024-03-27,18388293.28041386,-38710166.201568894,217.25466249967565,262818.10859671654,56
2024-03-28,18247213.691730738,-38710166.201568894,217.25466249967565,262168.73432295,55
2024-03-29,18250409.135921493,-38710166.201568894,217.25466249967565,262183.4426111588,58
2024-03-30,22134435.17008307,-38710166.201568894,217.25466249967565,280061.1994771012,57
2024-03-31,17010943.764372155,-38710166.201568894,217.25466249967565,256478.31593038532,52
2024-04-01,23943296.99536282,-38710166.201568894,217.25466249967565,288387.1972000843,59
2024-04-02,26353172.20717714,-38710166.201568894,217.25466249967565,299479.5953290216,60
2024-04-03,27417183.37993136,-38710166.201568894,217.25466249967565,304377.1250782661,56
2024-04-04,29455501.373421483,-38710166.201568894,217.25466249967565,313759.2850284267,55
2024-04-05,27351703.009412915,-38710166.201568894,217.25466249967565,304075.7259286918,53
2024-04-06,27100492.8123288,-38710166.201568894,217.25466249967565,302919.4322308086,53
2024-04-07,28503862.001648895,-38710166.201568894,217.25466249967565,309378.9906732986,52
2024-04-08,25606393.77486504,-38710166.201568894,217.25466249967565,296042.2539908894,62
2024-04-09,27345648.848573744,-38710166.201568894,217.25466249967565,304047.8592731756,64
2024-04-10,30843422.355911396,-38710166.201568894,217.25466249967565,320147.73702536366,63
2024-04-11,33155910.69934427,-38710166.201568894,217.25466249967565,330791.8738039533,58
2024-04-12,31799007.35769754,-38710166.201568894,217.25466249967565,324546.19269389304,53
2024-04-13,32192498.96537628,-38710166.201568894,217.25466249967565,326357.3925233988,57
2024-04-14,27855222.941353038,-38710166.201568894,217.25466249967565,306393.3743793476,70
2024-04-15,24727945.69759778,-38710166.201568894,217.25466249967565,291998.85134461214,63
2024-04-16,20587055.008215435,-38710166.201568894,217.25466249967565,272938.7739141058,60
2024-04-17,19272720.516784437,-38710166.201568894,217.25466249967565,266889.0326735331,48
2024-04-18,18101717.383734904,-38710166.201568894,217.25466249967565,261499.0303620693,37
2024-04-19,17322856.957815386,-38710166.201568894,217.25466249967565,257914.019035002,28
2024-04-20,18311757.17041433,-38710166.201568894,217.25466249967565,262465.8210595059,32
2024-04-21,19117132.33606849,-38710166.201568894,217.25466249967565,266172.87690073723,30
2024-04-22,16347428.621336013,-38710166.201568894,217.25466249967565,253424.22661694133,27
2024-04-23,18328251.928168826,-38710166.201568894,217.25466249967565,262541.74466715014,31
2024-04-24,15630851.613904513,-38710166.201568894,217.25466249967565,250125.8992108146,26
2024-04-25,17098896.382369548,-38710166.201568894,217.25466249967565,256883.15243417048,32
2024-04-26,17014687.662301883,-38710166.201568894,217.25466249967565,256495.54869255784,27
2024-04-27,21473782.3593072,-38710166.201568894,217.25466249967565,277020.2851732397,32
2024-04-28,20846726.39372807,-38710166.201568894,217.25466249967565,274134.01355833217,41
2024-04-29,26947209.575065985,-38710166.201568894,217.25466249967565,302213.88586646743,42
2024-04-30,32899127.545549132,-38710166.201568894,217.25466249967565,329609.9283817439,54
2024-05-01,28138607.117615893,-38710166.201568894,217.25466249967565,307697.76146592293,48
2024-05-02,28098471.00685501,-38710166.201568894,217.25466249967565,307513.01923623227,38
2024-05-03,19790817.147839293,-38710166.201568894,217.25466249967565,269273.7761128396,30
2024-05-04,17104415.261412263,-39565408.34569311,220.5819474675209,256910.5235388748,19
2024-05-05,17834839.04475707,-40457172.59203713,224.00714548141562,260223.89380266576,15
2024-05-06,19544037.30299016,-41434398.887844026,227.65364592417833,267856.18101255223,18
2024-05-07,20556167.206308596,-42462232.94401086,231.42633669136757,272304.3584895068,22
2024-05-08,26771970.445435964,-42462232.94401086,231.42633669136757,299163.0269020688,31
2024-05-09,25899210.07396742,-42462232.94401086,231.42633669136757,295391.8036958161,29
2024-05-10,29911550.167744644,-42462232.94401086,231.42633669136757,312729.24312099314,27
2024-05-11,30058053.519978397,-42462232.94401086,231.42633669136757,313362.28841016925,27
2024-05-12,27286249.923861645,-42462232.94401086,231.42633669136757,301385.24363754573,27
2024-05-13,23158084.982219316,-43620166.14145176,235.50799760398047,283549.8233735669,19
2024-05-14,20156945.584868275,-44628038.61750708,239.2278504896206,270808.7042114111,17
2024-05-15,24242006.817084484,-44628038.61750708,239.2278504896206,287884.7312034835,27
2024-05-16,27283581.61757029,-44628038.61750708,239.2278504896206,300598.8645882909,41
2024-05-17,24946422.09768679,-44628038.61750708,239.2278504896206,290829.2683013197,43
2024-05-18,28842987.94236157,-44628038.61750708,239.2278504896206,307117.3628383888,50
2024-05-19,30438062.96279835,-44628038.61750708,239.2278504896206,313784.9603491811,55
2024-05-20,25261509.69548934,-44628038.61750708,239.2278504896206,292146.3707923452,43
2024-05-21,24251636.170707054,-44628038.61750708,239.2278504896206,287924.98301197006,35
2024-05-22,24488556.624329276,-44628038.61750708,239.2278504896206,288915.3378270024,50
2024-05-23,26551225.65140357,-44628038.61750708,239.2278504896206,297537.5322030029,46
2024-05-24,29067136.688446052,-44628038.61750708,239.2278504896206,308054.3304432297,50
2024-05-25,27318240.99615956,-44628038.61750708,239.2278504896206,300743.7447873076,49
2024-05-26,21792768.557352923,-44628038.61750708,239.2278504896206,277646.63286034,46
2024-05-27,24144574.144391574,-44628038.61750708,239.2278504896206,287477.45139683265,42
2024-05-28,23665843.3913802,-44628038.61750708,239.2278504896206,285476.30164762255,39
2024-05-29,40070715.413313515,-44628038.61750708,239.2278504896206,354050.55831697746,42
2024-05-30,48097335.4105893,-44628038.61750708,239.2278504896206,387602.7554413839,39
2024-05-31,43644066.76313462,-44628038.61750708,239.2278504896206,368987.5789962489,45
2024-06-01,38526095.621557705,-44628038.61750708,239.2278504896206,347593.8694799776,37
2024-06-02,55355825.95700567,-44628038.61750708,239.2278504896206,417944.0828895077,54
2024-06-03,56138571.11020503,-44628038.61750708,239.2278504896206,421216.04788688297,59
2024-06-04,55421467.78844849,-44628038.61750708,239.2278504896206,418218.47331398574,58
2024-06-05,57495529.2020333,-44628038.61750708,239.2278504896206,426888.2891792368,56
2024-06-06,61630624.102083065,-44628038.61750708,239.2278504896206,444173.4626721498,61
2024-06-07,88696876.08059937,-44628038.61750708,239.2278504896206,557313.51690547,61
2024-06-08,91201396.21898931,-44628038.61750708,239.2278504896206,567782.6998758643,56
2024-06-09,90825487.29098016,-44628038.61750708,239.2278504896206,566211.3572113719,63
2024-06-10,83444561.23515564,-44628038.61750708,239.2278504896206,535358.2352160934,60
2024-06-11,78839104.59627506,-44628038.61750708,239.2278504896206,516106.8954182616,59
2024-06-12,71624343.53308043,-44628038.61750708,239.2278504896206,485948.3622523764,59
2024-06-13,72574095.0426684,-44628038.61750708,239.2278504896206,489918.4330766728,49
2024-06-14,70352423.47870767,-44628038.61750708,239.2278504896206,480631.58976217697,47
2024-06-15,70898536.05168581,-44628038.61750708,239.2278504896206,482914.4032885303,50
2024-06-16,74498524.13836434,-44628038.61750708,239.2278504896206,497962.7685993022,55
2024-06-17,76730758.04696214,-44628038.61750708,239.2278504896206,507293.7637323068,58
2024-06-18,72664107.1849212,-44628038.61750708,239.2278504896206,490294.6942104354,57
2024-06-19,72895171.00070325,-44628038.61750708,239.2278504896206,491260.5676039768,56
2024-06-20,80626934.77605814,-44628038.61750708,239.2278504896206,523580.2317213884,52
2024-06-21,80787200.43122718,-44628038.61750708,239.2278504896206,524250.1606399529,52
2024-06-22,88360378.6472997,-44628038.61750708,239.2278504896206,555906.9188333353,63
2024-06-23,92471740.55758879,-44628038.61750708,239.2278504896206,573092.8856924382,49
2024-06-24,96113484.85785031,-44628038.61750708,239.2278504896206,588315.7967908245,58
2024-06-25,102627379.52597338,-44628038.61750708,239.2278504896206,615544.6276096078,62
2024-06-26,76141535.7126436,-44628038.61750708,239.2278504896206,504830.7464326379,54
2024-06-27,79642045.06251875,-44628038.61750708,239.2278504896206,519463.279152849,57
2024-06-28,88902443.26840007,-44628038.61750708,239.2278504896206,558172.8114540771,56
2024-06-29,93743664.34439182,-44628038.61750708,239.2278504896206,578409.6737846266,62
2024-06-30,87932154.79765728,-44628038.61750708,239.2278504896206,554116.8937640719,48
2024-07-01,80260024.81282634,-44628038.61750708,239.2278504896206,522046.5057673205,55
2024-07-02,70494190.44670957,-44628038.61750708,239.2278504896206,481224.192035331,47
2024-07-03,76887245.87448645,-44628038.61750708,239.2278504896206,507947.9008957016,48
2024-07-04,78367007.03024796,-44628038.61750708,239.2278504896206,514133.4731555072,46
2024-07-05,79196368.97173986,-44628038.61750708,239.2278504896206,517600.3017032471,39
2024-07-06,74022017.77837211,-44628038.61750708,239.2278504896206,495970.9170694031,43
2024-07-07,66819305.81931197,-44628038.61750708,239.2278504896206,465862.7505481617,31
2024-07-08,69011962.69552383,-48078723.01939332,246.4882739851064,475035.5212515795,19
2024-07-09,83411986.29082847,-52249426.60152429,254.30250833262667,533464.7061951436,24
2024-07-10,90586679.992825,-52249426.60152429,254.30250833262667,561677.9304729478,34
2024-07-11,86009319.74820542,-52249426.60152429,254.30250833262667,543678.2643484107,32
2024-07-12,90380842.33895347,-52249426.60152429,254.30250833262667,560868.5100105971,47
2024-07-13,85619047.59766927,-52249426.60152429,254.30250833262667,542143.5875845242,40
2024-07-14,88921024.7401515,-52249426.60152429,254.30250833262667,555128.0334090351,49
2024-07-15,88956005.94609532,-52249426.60152429,254.30250833262667,555265.5908644183,50
2024-07-16,57963576.56977593,-55147677.88629521,260.98642355297375,433398.9979870059,25
2024-07-17,53181532.51351873,-57806820.99054875,267.38954171848627,415081.1314113344,17
2024-07-18,50440963.47643509,-60328932.21715117,273.6163769640778,404836.4974444818,13
2024-07-19,43805626.64242045,-62519268.30767446,279.36860635278526,380589.9894701424,7
2024-07-20,45423872.145078816,-64790518.696188115,285.2438488457866,386386.56464368815,0
2024-07-21,42042696.649547584,-66892706.083350174,290.853811110453,374536.6179559155,2
2024-07-22,38858809.42923415,-68835695.12953803,296.19499241153324,363593.2656455632,1
2024-07-23,42681522.899244234,-70969824.6277377,301.8604526610279,376502.9387755074,0
2024-07-24,48712624.08730543,-73405516.7244054,308.0005678530075,396486.73917377775,0
2024-07-25,45606308.279421166,-75685889.14768703,313.89912539390644,386405.0187298253,0
2024-07-26,43739860.74811824,-77872936.86128579,319.64464364309913,380462.4917950805,6
2024-07-27,42203861.84527634,-79983182.70969582,325.2592636277352,375660.4598810668,7
2024-07-28,45520848.93923873,-82259282.05914149,331.1550545256084,385861.9376395443,6
2024-07-29,40911971.110323474,-84304931.75590008,336.6521399515789,371947.4436854424,5
2024-07-30,50931146.62815589,-86851552.7528328,342.9883831182912,401712.4373960783,1
2024-07-31,52961105.28611465,-89499674.22017522,349.4814444652399,407634.7450270977,10
2024-08-01,50606028.05879831,-92030038.88223168,355.7900053839883,400899.58903451846,11
2024-08-02,55593661.63052927,-94809791.45757253,362.4861142706937,414921.9712614565,13
2024-08-03,57389944.995726034,-97679360.44658355,369.31693439216133,419881.3837159396,18
2024-08-04,55792487.76227081,-100469054.57705036,376.026678208147,415559.723272676,20
2024-08-05,61957539.36472456,-103567008.99414702,383.19496217065904,431959.0931499612,20
2024-08-06,71315838.07325952,-103567008.99414702,383.19496217065904,456380.8617857586,31
2024-08-07,70183306.96414113,-107076262.07368106,390.9304425737694,453429.94490477146,24
2024-08-08,73477611.47086924,-110750234.4965351,398.8811716158893,461861.47423576633,20
2024-08-09,72966832.31105913,-114398667.32290871,406.7985039416953,460585.5179369641,16
2024-08-10,78549775.1777558,-118326254.27147022,415.0749188878963,474314.44418928726,12
2024-08-11,81651531.67710471,-122408932.92229173,423.544624177929,481792.12519923673,21
2024-08-12,78692702.84403743,-126343666.43283136,431.8274293211393,474810.8974902295,19
2024-08-13,83276945.44498144,-130507617.8038647,440.4009731923931,485431.63222178543,20
2024-08-14,97501547.90709645,-135382817.0792014,449.81263888376236,517736.3747808747,25
2024-08-15,105987172.01893798,-135382817.0792014,449.81263888376236,536601.1717614556,46
2024-08-16,106400049.96004269,-135382817.0792014,449.81263888376236,537519.0604675829,56
2024-08-17,129565638.45836985,-135382817.0792014,449.81263888376236,589019.5886782041,71
2024-08-18,143968561.266028,-135382817.0792014,449.81263888376236,621039.4155185523,70
2024-08-19,130642709.03489351,-135382817.0792014,449.81263888376236,591414.0758122172,66
2024-08-20,115176371.49969637,-135382817.0792014,449.81263888376236,557030.1208091346,68
2024-08-21,123890026.49732587,-135382817.0792014,449.81263888376236,576401.8641626628,72
2024-08-22,132755172.92471272,-135382817.0792014,449.81263888376236,596110.3953622001,70
2024-08-23,128082393.21510983,-135382817.0792014,449.81263888376236,585722.1152080481,70
2024-08-24,126628237.08879557,-135382817.0792014,449.81263888376236,582489.3111456216,66
2024-08-25,129016472.74819857,-135382817.0792014,449.81263888376236,587798.7121116094,67
2024-08-26,133344396.88152671,-135382817.0792014,449.81263888376236,597420.3273336008,69
2024-08-27,118780662.8595151,-135382817.0792014,449.81263888376236,565042.9933881777,67
2024-08-28,75706016.84614113,-135382817.0792014,449.81263888376236,469281.6868133639,66
2024-08-29,86719257.55892679,-135382817.0792014,449.81263888376236,493765.7492001294,65
2024-08-30,93273690.18989778,-135382817.0792014,449.81263888376236,508337.221996528,64
2024-08-31,84278486.5093281,-135382817.0792014,449.81263888376236,488339.5542945002,62
2024-09-01,104860653.27468753,-135382817.0792014,449.81263888376236,534096.7540397883,60
2024-09-02,104859755.29882056,-135382817.0792014,449.81263888376236,534094.7577066723,63
2024-09-03,97258875.58860743,-135382817.0792014,449.81263888376236,517196.87833833095,64
2024-09-04,95948014.9745731,-135382817.0792014,449.81263888376236,514282.6413856137,60
2024-09-05,102651152.46440485,-135382817.0792014,449.81263888376236,529184.7070689301,52
2024-09-06,96949136.24589485,-135382817.0792014,449.81263888376236,516508.2819852333,46
2024-09-07,98440277.60368723,-135382817.0792014,449.81263888376236,519823.309685417,46
2024-09-08,85418894.72301465,-135382817.0792014,449.81263888376236,490874.8503602501,41
2024-09-09,71854382.18591839,-135382817.0792014,449.81263888376236,460718.9335083861,36
2024-09-10,76948347.79633462,-135382817.0792014,449.81263888376236,472043.57219141023,34
2024-09-11,76636070.23585916,-135382817.0792014,449.81263888376236,471349.3330049561,29
2024-09-12,87840087.81039026,-135382817.0792014,449.81263888376236,496257.5205613008,37
2024-09-13,82193132.3165758,-139492576.4390142,458.3047536915809,483708.071910541,20
2024-09-14,92314314.8483986,-139492576.4390142,458.3047536915809,505792.0290379722,28
2024-09-15,84146488.70633245,-139492576.4390142,458.3047536915809,487970.2061651448,26
2024-09-16,79799835.7297625,-143482667.9777908,466.6395015045415,478490.3613767045,22
2024-09-17,76904883.79160607,-147328008.30087918,474.77732433930396,472290.652053625,13
2024-09-18,84874929.97041881,-151571860.895715,483.45016521392967,489082.0355010214,12
2024-09-19,78920619.28109565,-155517990.5130102,491.7228290898382,476769.8303290972,20
2024-09-20,84137436.15147752,-159724967.49500862,500.350274632119,487383.37123085465,17
2024-09-21,89854423.0219897,-164217800.9669449,509.3528058036149,498813.8302057262,9
2024-09-22,104702905.42539197,-169453077.12011832,519.2636951103949,527970.6344330986,22
2024-09-23,90555729.62029386,-173980976.79862496,528.3017653931445,500730.3093565464,20
2024-09-24,112077818.68904296,-179585007.83385298,538.6461779438413,541473.8625571468,25
2024-09-25,119187810.85307422,-185544547.36499497,549.3849264158818,554679.139462571,24
2024-09-26,120027722.21841899,-185544547.36499497,549.3849264158818,556207.9607406214,33
2024-09-27,144554141.89711174,-185544547.36499497,549.3849264158818,600851.376494126,50
2024-09-28,90634003.99955437,-185544547.36499497,549.3849264158818,502705.00351420906,44
2024-09-29,92463628.98919639,-185544547.36499497,549.3849264158818,506035.3187479711,36
2024-09-30,112421383.14816043,-185544547.36499497,549.3849264158818,542362.7700473104,41
2024-10-01,120811857.1998569,-185544547.36499497,549.3849264158818,557635.2568744151,38
2024-10-02,114426510.70647827,-185544547.36499497,549.3849264158818,546012.5381095669,33
2024-10-03,137064803.7761732,-185544547.36499497,549.3849264158818,587219.1529640813,43
2024-10-04,137173708.92204967,-185544547.36499497,549.3849264158818,587417.3840050873,44
2024-10-05,151238012.29960015,-185544547.36499497,549.3849264158818,613017.4736713696,53
2024-10-06,133869656.39581916,-185544547.36499497,549.3849264158818,581403.2901205213,54
2024-10-07,133388496.71002021,-185544547.36499497,549.3849264158818,580527.4748903183,48
2024-10-08,136340078.48844323,-185544547.36499497,549.3849264158818,585899.9953882482,48
2024-10-09,123194641.42021748,-185544547.36499497,549.3849264158818,561972.4421625255,54
2024-10-10,141556576.7349384,-185544547.36499497,549.3849264158818,595395.1562411805,55
2024-10-11,137423805.62680998,-185544547.36499497,549.3849264158818,587872.6143777004,57
2024-10-12,142406759.84665558,-185544547.36499497,549.3849264158818,596942.6743306622,56
2024-10-13,150631111.30128077,-185544547.36499497,549.3849264158818,611912.7819167583,57
2024-10-14,146524938.74952796,-185544547.36499497,549.3849264158818,604438.6552082937,50
2024-10-15,129883062.12359789,-185544547.36499497,549.3849264158818,574146.8218766084,50
2024-10-16,163103800.64276513,-185544547.36499497,549.3849264158818,634615.7880273457,63
2024-10-17,219348590.76343426,-185544547.36499497,549.3849264158818,736993.5334227337,59
2024-10-18,247719604.63165888,-185544547.36499497,549.3849264158818,788634.9463994484,61
2024-10-19,260573394.91046187,-185544547.36499497,549.3849264158818,812031.6390656625,64
2024-10-20,256510006.18618938,-185544547.36499497,549.3849264158818,804635.3882242324,66
2024-10-21,261179020.61935648,-185544547.36499497,549.3849264158818,813134.0095162783,65
2024-10-22,249591617.2639431,-185544547.36499497,549.3849264158818,792042.4163577107,61
2024-10-23,250401751.3499014,-185544547.36499497,549.3849264158818,793517.0365138252,59
2024-10-24,216058110.89233133,-185544547.36499497,549.3849264158818,731004.1447211368,63
2024-10-25,195927156.34117845,-185544547.36499497,549.3849264158818,694361.4310549925,59
2024-10-26,184425133.15318677,-185544547.36499497,549.3849264158818,673425.2483624141,54
2024-10-27,204944609.80642965,-185544547.36499497,549.3849264158818,710775.1567173982,49
2024-10-28,213017707.55345705,-185544547.36499497,549.3849264158818,725469.9496737599,61
2024-10-29,223561507.5985293,-185544547.36499497,549.3849264158818,744661.9579326299,63
2024-10-30,200542232.51044682,-185544547.36499497,549.3849264158818,702761.8729807959,67
2024-10-31,164443169.34438667,-185544547.36499497,549.3849264158818,637053.7302372992,50
2024-11-01,167175527.31078193,-185544547.36499497,549.3849264158818,642027.2157390235,50
2024-11-02,153365098.60016575,-185544547.36499497,549.3849264158818,616889.2331578238,34
2024-11-03,147822172.10956964,-185544547.36499497,549.3849264158818,606799.9019365297,42
2024-11-04,140502910.60763815,-185544547.36499497,549.3849264158818,593477.254827004,34
2024-11-05,125859202.81264159,-185544547.36499497,549.3849264158818,566822.5231609384,28
2024-11-06,124268066.59156093,-185544547.36499497,549.3849264158818,563926.309332392,28
2024-11-07,130027277.40352306,-185544547.36499497,549.3849264158818,574409.3250378546,26
2024-11-08,141924819.69003144,-185544547.36499497,549.3849264158818,596065.4384738865,40
2024-11-09,129624014.52555493,-185544547.36499497,549.3849264158818,573675.2989323351,31
2024-11-10,115886654.15214166,-185544547.36499497,549.3849264158818,548670.3166095873,26
2024-11-11,125011962.26014403,-185544547.36499497,549.3849264158818,565280.361168936,29
2024-11-12,121656950.12958741,-191627546.94646388,560.2579341333087,559179.0459169255,22
2024-11-13,203906593.65929854,-191627546.94646388,560.2579341333087,705985.7906655694,37
2024-11-14,229852864.98810852,-191627546.94646388,560.2579341333087,752297.0872096291,54
2024-11-15,240509497.4504177,-191627546.94646388,560.2579341333087,771318.0270536931,49
2024-11-16,241785313.2326947,-191627546.94646388,560.2579341333087,773595.2206542632,38
2024-11-17,245967822.70678103,-191627546.94646388,560.2579341333087,781060.5490668924,32
2024-11-18,264517683.57330906,-191627546.94646388,560.2579341333087,814170.0504882756,26
2024-11-19,314825386.3249386,-191627546.94646388,560.2579341333087,903963.8752369658,34
2024-11-20,302060142.81367534,-191627546.94646388,560.2579341333087,881179.2920413517,34
2024-11-21,340609028.29150903,-191627546.94646388,560.2579341333087,949984.8959056984,45
2024-11-22,335450062.8356038,-191627546.94646388,560.2579341333087,940776.6988564484,37
